date,product_id,product_name,category,price,discount,units_sold,revenue,store_id,region
2023-01-01,P106,Bluetooth Speaker,Electronics,65588.88,15,14,780507.67,S08,North
2023-01-01,P406,Air Purifier,Home,11349.25,20,37,335937.8,S06,East
2023-01-01,P306,Mixed Nuts 500g,Grocery,349.92,30,154,37721.38,S08,West
2023-01-01,P201,Men Casual Shirt,Fashion,1959.7,10,24,42329.52,S05,West
2023-01-01,P102,Laptop Pro,Electronics,58724.56,0,11,645970.16,S01,East
2023-01-01,P103,Wireless Earbuds,Electronics,43970.2,20,13,457290.08,S04,West
2023-01-01,P106,Bluetooth Speaker,Electronics,16601.57,5,9,141943.42,S07,South
2023-01-01,P304,Organic Honey,Grocery,146.15,30,130,13299.65,S08,East
2023-01-01,P202,Women Kurti,Fashion,805.43,25,31,18726.25,S07,West
2023-01-01,P406,Air Purifier,Home,5343.1,30,320,1196854.4,S02,North
2023-01-01,P501,Face Moisturizer,Beauty,2755.95,40,42,69449.94,S08,South
2023-01-01,P101,Smartphone X1,Electronics,32537.35,15,13,359537.72,S06,East
2023-01-01,P202,Women Kurti,Fashion,3880.96,5,23,84798.98,S05,West
2023-01-02,P101,Smartphone X1,Electronics,59522.53,5,11,622010.44,S08,North
2023-01-02,P204,Sports Shoes,Fashion,1541.08,15,31,40607.46,S04,North
2023-01-02,P201,Men Casual Shirt,Fashion,2079.35,5,20,39507.65,S06,East
2023-01-02,P506,Perfume 100ml,Beauty,282.67,5,36,9667.31,S08,North
2023-01-02,P306,Mixed Nuts 500g,Grocery,472.82,25,118,41844.57,S06,West
2023-01-02,P101,Smartphone X1,Electronics,53052.65,40,9,286484.31,S07,West
2023-01-02,P202,Women Kurti,Fashion,396.92,20,27,8573.47,S01,North
2023-01-02,P204,Sports Shoes,Fashion,2655.03,0,13,34515.39,S09,South
2023-01-02,P402,Cotton Bedsheet,Home,868.61,0,19,16503.59,S08,North
2023-01-02,P102,Laptop Pro,Electronics,66893.4,40,14,561904.56,S08,North
2023-01-02,P501,Face Moisturizer,Beauty,547.58,5,28,14565.63,S05,West
2023-01-02,P405,LED Desk Lamp,Home,13147.4,40,21,165657.24,S07,East
2023-01-02,P404,Wooden Bookshelf,Home,13038.28,0,19,247727.32,S02,South
2023-01-03,P106,Bluetooth Speaker,Electronics,57281.19,30,11,441065.16,S01,South
2023-01-03,P101,Smartphone X1,Electronics,44596.14,30,8,249738.38,S03,North
2023-01-03,P103,Wireless Earbuds,Electronics,25744.78,30,6,108128.08,S09,East
2023-01-03,P405,LED Desk Lamp,Home,12906.98,0,21,271046.58,S02,West
2023-01-03,P101,Smartphone X1,Electronics,63178.82,10,7,398026.57,S05,North
2023-01-03,P406,Air Purifier,Home,12568.19,5,18,214916.05,S09,North
2023-01-03,P404,Wooden Bookshelf,Home,1634.09,0,15,24511.35,S09,South
2023-01-03,P503,Sunscreen SPF50,Beauty,1533.67,40,42,38648.48,S06,West
2023-01-03,P406,Air Purifier,Home,6601.71,10,25,148538.48,S01,East
2023-01-03,P302,Sunflower Oil 1L,Grocery,648.89,0,44,28551.16,S03,East
2023-01-03,P302,Sunflower Oil 1L,Grocery,527.5,0,49,25847.5,S07,East
2023-01-03,P406,Air Purifier,Home,1916.7,10,19,32775.57,S10,North
2023-01-03,P206,Summer Dress,Fashion,2586.83,0,20,51736.6,S06,East
2023-01-03,P501,Face Moisturizer,Beauty,167.67,15,29,4133.07,S02,North
2023-01-03,P505,Body Lotion,Beauty,1276.3,5,29,35162.06,S05,North
2023-01-04,P501,Face Moisturizer,Beauty,242.07,5,450,103484.92,S08,North
2023-01-04,P503,Sunscreen SPF50,Beauty,1914.88,10,23,39638.02,S04,East
2023-01-04,P301,Basmati Rice 5kg,Grocery,734.06,10,58,38317.93,S02,East
2023-01-04,P304,Organic Honey,Grocery,69.82,15,59,3501.47,S03,West
2023-01-04,P402,Cotton Bedsheet,Home,739.99,40,31,13763.81,S08,North
2023-01-04,P503,Sunscreen SPF50,Beauty,2906.33,30,39,79342.81,S06,East
2023-01-04,P303,Whole Wheat Flour,Grocery,471.41,5,59,26422.53,S10,West
2023-01-04,P201,Men Casual Shirt,Fashion,2969.37,0,21,62356.77,S06,West
2023-01-04,P201,Men Casual Shirt,Fashion,832.84,15,22,15574.11,S05,South
2023-01-04,P103,Wireless Earbuds,Electronics,43490.82,5,9,371846.51,S08,West
2023-01-04,P302,Sunflower Oil 1L,Grocery,796.24,5,70,52949.96,S02,West
2023-01-04,P204,Sports Shoes,Fashion,3891.07,25,19,55447.75,S07,South
2023-01-04,P206,Summer Dress,Fashion,2663.06,5,19,48068.23,S03,North
2023-01-04,P401,Stainless Steel Cookware,Home,7372.13,25,30,165872.92,S04,West
2023-01-04,P401,Stainless Steel Cookware,Home,3155.19,0,285,899229.15,S05,West
2023-01-04,P306,Mixed Nuts 500g,Grocery,657.21,5,62,38709.67,S01,East
2023-01-04,P503,Sunscreen SPF50,Beauty,1515.17,0,16,24242.72,S09,West
2023-01-05,P102,Laptop Pro,Electronics,59822.38,0,8,478579.04,S08,West
2023-01-05,P403,Wall Clock,Home,8728.93,0,17,148391.81,S04,South
2023-01-05,P104,Smart TV 43,Electronics,65141.05,10,10,586269.45,S01,West
2023-01-05,P503,Sunscreen SPF50,Beauty,1796.53,5,29,49494.4,S04,South
2023-01-05,P302,Sunflower Oil 1L,Grocery,730.47,0,70,51132.9,S02,North
2023-01-05,P501,Face Moisturizer,Beauty,887.09,25,34,22620.8,S08,East
2023-01-05,P302,Sunflower Oil 1L,Grocery,272.57,0,65,17717.05,S05,South
2023-01-05,P103,Wireless Earbuds,Electronics,47793.9,15,10,406248.15,S02,East
2023-01-05,P402,Cotton Bedsheet,Home,378.65,5,19,6834.63,S03,South
2023-01-05,P505,Body Lotion,Beauty,587.09,0,30,17612.7,S03,North
2023-01-05,P102,Laptop Pro,Electronics,30584.12,25,9,206442.81,S09,West
2023-01-05,P401,Stainless Steel Cookware,Home,8476.76,20,26,176316.61,S06,East
2023-01-05,P304,Organic Honey,Grocery,531.06,10,72,34412.69,S06,South
2023-01-05,P505,Body Lotion,Beauty,561.3,30,30,11787.3,S05,South
2023-01-06,P502,Hair Serum,Beauty,1484.6,5,31,43721.47,S07,West
2023-01-06,P403,Wall Clock,Home,3921.22,10,29,102343.84,S01,North
2023-01-06,P202,Women Kurti,Fashion,687.95,30,31,14928.51,S08,North
2023-01-06,P306,Mixed Nuts 500g,Grocery,460.61,15,80,31321.48,S05,South
2023-01-06,P306,Mixed Nuts 500g,Grocery,570.53,20,63,28754.71,S04,South
2023-01-06,P302,Sunflower Oil 1L,Grocery,167.44,15,89,12666.84,S04,West
2023-01-06,P502,Hair Serum,Beauty,2250.16,10,31,62779.46,S10,North
2023-01-06,P504,Lipstick Set,Beauty,710.21,25,41,21838.96,S08,North
2023-01-06,P101,Smartphone X1,Electronics,14551.59,5,9,124416.09,S08,South
2023-01-06,P504,Lipstick Set,Beauty,965.48,15,34,27902.37,S04,East
2023-01-06,P203,Denim Jeans,Fashion,3352.79,0,28,93878.12,S01,North
2023-01-06,P302,Sunflower Oil 1L,Grocery,751.61,0,70,52612.7,S10,South
2023-01-06,P106,Bluetooth Speaker,Electronics,44236.64,0,8,353893.12,S07,West
2023-01-06,P402,Cotton Bedsheet,Home,13225.46,0,25,330636.5,S06,North
2023-01-06,P103,Wireless Earbuds,Electronics,8424.49,40,11,55601.63,S07,West
2023-01-06,P304,Organic Honey,Grocery,305.53,30,87,18606.78,S10,North
2023-01-07,P306,Mixed Nuts 500g,Grocery,300.56,25,135,30431.7,S06,West
2023-01-07,P203,Denim Jeans,Fashion,550.37,15,38,17776.95,S01,South
2023-01-07,P502,Hair Serum,Beauty,766.97,20,43,26383.77,S08,South
2023-01-07,P103,Wireless Earbuds,Electronics,49482.62,10,11,489877.94,S07,West
2023-01-07,P302,Sunflower Oil 1L,Grocery,66.28,40,149,5925.43,S04,East
2023-01-07,P302,Sunflower Oil 1L,Grocery,415.2,25,130,40482.0,S06,North
2023-01-07,P206,Summer Dress,Fashion,2934.17,20,22,51641.39,S07,South
2023-01-07,P301,Basmati Rice 5kg,Grocery,405.7,25,78,23733.45,S09,South
2023-01-07,P206,Summer Dress,Fashion,477.95,30,28,9367.82,S03,South
2023-01-07,P105,Tablet Z2,Electronics,32593.77,30,16,365050.22,S02,West
2023-01-07,P505,Body Lotion,Beauty,296.06,0,51,15099.06,S04,West
2023-01-08,P306,Mixed Nuts 500g,Grocery,576.96,30,104,42002.69,S07,West
2023-01-08,P103,Wireless Earbuds,Electronics,8964.57,0,10,89645.7,S02,East
2023-01-08,P102,Laptop Pro,Electronics,28886.23,5,9,246977.27,S08,West
2023-01-08,P503,Sunscreen SPF50,Beauty,1118.01,0,33,36894.33,S08,West
2023-01-08,P402,Cotton Bedsheet,Home,12393.41,5,18,211927.31,S09,South
2023-01-08,P303,Whole Wheat Flour,Grocery,587.32,0,77,45223.64,S10,South
2023-01-08,P206,Summer Dress,Fashion,2512.28,10,28,63309.46,S05,South
2023-01-08,P406,Air Purifier,Home,3814.55,40,32,73239.36,S09,East
2023-01-08,P406,Air Purifier,Home,7296.39,0,31,226188.09,S01,West
2023-01-08,P103,Wireless Earbuds,Electronics,46108.71,15,16,627078.46,S01,North
2023-01-08,P503,Sunscreen SPF50,Beauty,1581.55,0,29,45864.95,S05,East
2023-01-08,P203,Denim Jeans,Fashion,1187.37,10,21,22441.29,S02,East
2023-01-08,P406,Air Purifier,Home,5492.74,40,52,171373.49,S01,East
2023-01-08,P305,Green Tea Pack,Grocery,332.87,0,86,28626.82,S02,North
2023-01-08,P202,Women Kurti,Fashion,2480.74,10,35,78143.31,S05,South
2023-01-08,P305,Green Tea Pack,Grocery,81.09,15,99,6823.72,S08,West
2023-01-08,P106,Bluetooth Speaker,Electronics,54043.34,40,20,648520.08,S02,North
2023-01-09,P201,Men Casual Shirt,Fashion,2796.51,5,25,66417.11,S01,North
2023-01-09,P505,Body Lotion,Beauty,995.89,10,26,23303.83,S05,North
2023-01-09,P202,Women Kurti,Fashion,4398.94,5,23,96116.84,S10,West
2023-01-09,P104,Smart TV 43,Electronics,42104.22,0,7,294729.54,S03,North
2023-01-09,P201,Men Casual Shirt,Fashion,2619.82,10,20,47156.76,S03,North
2023-01-09,P205,Formal Blazer,Fashion,4513.93,40,35,94792.53,S07,West
2023-01-09,P101,Smartphone X1,Electronics,42970.61,30,9,270714.84,S07,North
2023-01-09,P205,Formal Blazer,Fashion,2055.55,30,33,47483.21,S05,West
2023-01-09,P303,Whole Wheat Flour,Grocery,666.98,20,69,36817.3,S05,South
2023-01-09,P104,Smart TV 43,Electronics,69414.02,0,6,416484.12,S05,East
2023-01-09,P402,Cotton Bedsheet,Home,14261.94,15,18,218207.68,S09,South
2023-01-09,P503,Sunscreen SPF50,Beauty,1023.15,5,22,21383.83,S06,South
2023-01-09,P104,Smart TV 43,Electronics,36677.06,5,10,348432.07,S06,South
2023-01-09,P201,Men Casual Shirt,Fashion,1043.57,10,20,18784.26,S05,West
2023-01-09,P403,Wall Clock,Home,14057.57,5,26,347221.98,S05,North
2023-01-09,P102,Laptop Pro,Electronics,7731.9,15,10,65721.15,S08,West
2023-01-09,P501,Face Moisturizer,Beauty,1795.53,15,39,59521.82,S08,North
2023-01-09,P306,Mixed Nuts 500g,Grocery,199.41,0,66,13161.06,S04,East
2023-01-10,P506,Perfume 100ml,Beauty,1025.16,0,22,22553.52,S07,East
2023-01-10,P506,Perfume 100ml,Beauty,513.74,25,34,13100.37,S03,South
2023-01-10,P303,Whole Wheat Flour,Grocery,168.65,15,107,15338.72,S01,North
2023-01-10,P106,Bluetooth Speaker,Electronics,18917.49,40,10,113504.94,S03,South
2023-01-10,P302,Sunflower Oil 1L,Grocery,387.67,40,107,24888.41,S06,West
2023-01-10,P104,Smart TV 43,Electronics,26387.55,5,7,175477.21,S07,North
2023-01-10,P204,Sports Shoes,Fashion,3513.79,0,24,84330.96,S08,South
2023-01-10,P401,Stainless Steel Cookware,Home,9638.6,20,18,138795.84,S06,West
2023-01-10,P406,Air Purifier,Home,3537.26,10,22,70037.75,S06,East
2023-01-10,P501,Face Moisturizer,Beauty,1677.56,5,37,58966.23,S06,South
2023-01-10,P205,Formal Blazer,Fashion,2203.82,40,28,37024.18,S05,West
2023-01-10,P304,Organic Honey,Grocery,517.1,40,98,30405.48,S02,East
2023-01-10,P502,Hair Serum,Beauty,2215.1,30,53,82180.21,S01,North
2023-01-10,P205,Formal Blazer,Fashion,584.12,30,22,8995.45,S08,East
2023-01-10,P206,Summer Dress,Fashion,1980.38,15,17,28616.49,S03,East
2023-01-10,P501,Face Moisturizer,Beauty,2716.71,10,16,39120.62,S09,East
2023-01-11,P104,Smart TV 43,Electronics,14085.64,0,7,98599.48,S09,North
2023-01-11,P201,Men Casual Shirt,Fashion,677.56,0,18,12196.08,S05,West
2023-01-11,P503,Sunscreen SPF50,Beauty,698.31,25,30,15711.97,S07,West
2023-01-11,P303,Whole Wheat Flour,Grocery,69.67,15,76,4500.68,S08,East
2023-01-11,P304,Organic Honey,Grocery,664.19,10,100,59777.1,S01,North
2023-01-11,P204,Sports Shoes,Fashion,326.39,5,19,5891.34,S06,South
2023-01-11,P301,Basmati Rice 5kg,Grocery,404.15,5,56,21500.78,S09,West
2023-01-11,P401,Stainless Steel Cookware,Home,12213.52,20,25,244270.4,S05,South
2023-01-11,P204,Sports Shoes,Fashion,1801.69,10,24,38916.5,S01,North
2023-01-11,P206,Summer Dress,Fashion,4280.39,25,25,80257.31,S07,North
2023-01-12,P201,Men Casual Shirt,Fashion,4428.71,10,12,47830.07,S09,West
2023-01-12,P305,Green Tea Pack,Grocery,580.35,20,70,32499.6,S03,South
2023-01-12,P302,Sunflower Oil 1L,Grocery,528.79,0,58,30669.82,S09,South
2023-01-12,P105,Tablet Z2,Electronics,62255.99,25,12,560303.91,S08,West
2023-01-12,P501,Face Moisturizer,Beauty,1180.75,0,28,33061.0,S05,South
2023-01-12,P401,Stainless Steel Cookware,Home,3921.37,0,14,54899.18,S09,South
2023-01-12,P306,Mixed Nuts 500g,Grocery,56.3,0,77,4335.1,S06,West
2023-01-12,P306,Mixed Nuts 500g,Grocery,290.4,40,80,13939.2,S02,East
2023-01-12,P103,Wireless Earbuds,Electronics,64238.14,5,8,488209.86,S07,West
2023-01-12,P206,Summer Dress,Fashion,4127.0,30,24,69333.6,S04,East
2023-01-12,P104,Smart TV 43,Electronics,62385.99,10,8,449179.13,S04,East
2023-01-12,P203,Denim Jeans,Fashion,1756.47,30,20,24590.58,S06,East
2023-01-12,P505,Body Lotion,Beauty,2572.04,10,25,57870.9,S07,West
2023-01-12,P205,Formal Blazer,Fashion,3117.25,0,16,49876.0,S06,South
2023-01-12,P301,Basmati Rice 5kg,Grocery,135.84,10,68,8313.41,S05,South
2023-01-12,P306,Mixed Nuts 500g,Grocery,96.59,0,66,6374.94,S06,South
2023-01-13,P104,Smart TV 43,Electronics,8979.07,0,8,71832.56,S04,West
2023-01-13,P104,Smart TV 43,Electronics,31751.79,15,7,188923.15,S09,East
2023-01-13,P105,Tablet Z2,Electronics,72151.78,5,9,616897.72,S08,North
2023-01-13,P103,Wireless Earbuds,Electronics,61485.85,5,7,408880.9,S04,East
2023-01-13,P305,Green Tea Pack,Grocery,782.0,20,98,61308.8,S02,South
2023-01-13,P204,Sports Shoes,Fashion,4944.67,15,28,117683.15,S02,North
2023-01-13,P303,Whole Wheat Flour,Grocery,783.14,20,84,52627.01,S06,East
2023-01-13,P406,Air Purifier,Home,9790.64,10,17,149796.79,S09,East
2023-01-13,P404,Wooden Bookshelf,Home,9198.16,15,26,203279.34,S08,North
2023-01-13,P105,Tablet Z2,Electronics,25660.84,0,7,179625.88,S05,North
2023-01-13,P304,Organic Honey,Grocery,125.77,20,102,10262.83,S04,West
2023-01-13,P203,Denim Jeans,Fashion,3525.6,0,17,59935.2,S03,West
2023-01-13,P204,Sports Shoes,Fashion,1829.55,25,26,35676.22,S10,North
2023-01-13,P106,Bluetooth Speaker,Electronics,36920.86,10,8,265830.19,S04,South
2023-01-14,P406,Air Purifier,Home,14118.22,5,32,429193.89,S04,North
2023-01-14,P306,Mixed Nuts 500g,Grocery,104.72,10,79,7445.59,S03,East
2023-01-14,P502,Hair Serum,Beauty,914.65,0,40,36586.0,S07,North
2023-01-14,P301,Basmati Rice 5kg,Grocery,707.93,30,134,66403.83,S04,North
2023-01-14,P103,Wireless Earbuds,Electronics,68726.44,25,17,876262.11,S08,North
2023-01-14,P204,Sports Shoes,Fashion,932.81,5,31,27471.25,S01,West
2023-01-14,P101,Smartphone X1,Electronics,11961.67,5,10,113635.86,S06,North
2023-01-14,P203,Denim Jeans,Fashion,1431.3,40,44,37786.32,S08,North
2023-01-14,P501,Face Moisturizer,Beauty,521.45,30,59,21535.89,S01,West
2023-01-14,P303,Whole Wheat Flour,Grocery,707.33,40,99,42015.4,S07,North
2023-01-14,P403,Wall Clock,Home,10692.59,40,43,275868.82,S05,North
2023-01-14,P305,Green Tea Pack,Grocery,284.22,0,82,23306.04,S04,South
2023-01-14,P505,Body Lotion,Beauty,2944.56,15,32,80092.03,S08,East
2023-01-14,P202,Women Kurti,Fashion,2201.1,20,28,49304.64,S02,North
2023-01-15,P304,Organic Honey,Grocery,785.42,40,217,102261.68,S04,North
2023-01-15,P306,Mixed Nuts 500g,Grocery,387.55,0,71,27516.05,S02,East
2023-01-15,P505,Body Lotion,Beauty,2911.94,20,56,130454.91,S02,West
2023-01-15,P305,Green Tea Pack,Grocery,736.93,5,58,40604.84,S09,East
2023-01-15,P505,Body Lotion,Beauty,2403.66,0,35,84128.1,S09,North
2023-01-15,P502,Hair Serum,Beauty,598.14,20,41,19618.99,S04,East
2023-01-15,P206,Summer Dress,Fashion,4503.05,25,46,155355.23,S02,West
2023-01-15,P204,Sports Shoes,Fashion,522.04,5,29,14382.2,S06,North
2023-01-15,P302,Sunflower Oil 1L,Grocery,440.29,20,121,42620.07,S10,West
2023-01-15,P202,Women Kurti,Fashion,1805.16,0,24,43323.84,S09,West
2023-01-15,P202,Women Kurti,Fashion,2379.5,25,41,73169.62,S02,West
2023-01-15,P103,Wireless Earbuds,Electronics,18101.48,0,8,144811.84,S04,East
2023-01-16,P504,Lipstick Set,Beauty,2762.03,0,36,99433.08,S02,West
2023-01-16,P105,Tablet Z2,Electronics,12604.51,30,7,61762.1,S08,North
2023-01-16,P205,Formal Blazer,Fashion,1847.57,40,30,33256.26,S01,South
2023-01-16,P402,Cotton Bedsheet,Home,11547.72,20,24,221716.22,S10,South
2023-01-16,P203,Denim Jeans,Fashion,2425.24,5,19,43775.58,S03,East
2023-01-16,P204,Sports Shoes,Fashion,3281.77,10,18,53164.67,S02,East
2023-01-16,P204,Sports Shoes,Fashion,1051.09,15,16,14294.82,S09,North
2023-01-16,P406,Air Purifier,Home,5959.96,15,26,131715.12,S06,North
2023-01-16,P202,Women Kurti,Fashion,4266.52,15,27,97916.63,S08,South
2023-01-16,P302,Sunflower Oil 1L,Grocery,537.51,20,53,22790.42,S06,East
2023-01-17,P105,Tablet Z2,Electronics,62729.88,5,7,417153.7,S08,West
2023-01-17,P202,Women Kurti,Fashion,1897.61,0,20,37952.2,S05,North
2023-01-17,P303,Whole Wheat Flour,Grocery,574.49,30,100,40214.3,S09,North
2023-01-17,P204,Sports Shoes,Fashion,4250.52,20,23,78209.57,S05,North
2023-01-17,P505,Body Lotion,Beauty,2924.57,0,20,58491.4,S07,South
2023-01-17,P206,Summer Dress,Fashion,4882.38,0,16,78118.08,S08,West
2023-01-17,P205,Formal Blazer,Fashion,4665.71,5,15,66486.37,S03,West
2023-01-17,P102,Laptop Pro,Electronics,52097.89,20,9,375104.81,S05,South
2023-01-17,P403,Wall Clock,Home,5660.78,5,17,91421.6,S02,North
2023-01-18,P205,Formal Blazer,Fashion,3932.33,5,20,74714.27,S02,North
2023-01-18,P402,Cotton Bedsheet,Home,804.86,0,18,14487.48,S05,South
2023-01-18,P106,Bluetooth Speaker,Electronics,14796.88,5,5,70285.18,S03,East
2023-01-18,P502,Hair Serum,Beauty,2615.06,40,53,83158.91,S06,West
2023-01-18,P302,Sunflower Oil 1L,Grocery,159.6,15,82,11124.12,S10,North
2023-01-18,P501,Face Moisturizer,Beauty,725.65,0,33,23946.45,S01,East
2023-01-18,P501,Face Moisturizer,Beauty,2422.38,0,27,65404.26,S02,North
2023-01-18,P502,Hair Serum,Beauty,376.08,0,28,10530.24,S06,South
2023-01-18,P103,Wireless Earbuds,Electronics,21916.22,10,13,256419.77,S04,West
2023-01-18,P506,Perfume 100ml,Beauty,410.35,0,15,6155.25,S07,South
2023-01-18,P503,Sunscreen SPF50,Beauty,1736.84,30,32,38905.22,S07,West
2023-01-18,P303,Whole Wheat Flour,Grocery,517.36,10,76,35387.42,S08,South
2023-01-18,P301,Basmati Rice 5kg,Grocery,715.46,0,73,52228.58,S06,West
2023-01-18,P205,Formal Blazer,Fashion,880.41,40,34,17960.36,S04,North
2023-01-18,P201,Men Casual Shirt,Fashion,4104.89,0,17,69783.13,S10,East
2023-01-18,P404,Wooden Bookshelf,Home,5676.86,5,16,86288.27,S03,North
2023-01-19,P306,Mixed Nuts 500g,Grocery,623.9,25,75,35094.38,S09,South
2023-01-19,P401,Stainless Steel Cookware,Home,3887.08,20,15,46644.96,S09,South
2023-01-19,P103,Wireless Earbuds,Electronics,21971.7,5,8,166984.92,S06,East
2023-01-19,P105,Tablet Z2,Electronics,75331.44,10,9,610184.66,S02,West
2023-01-19,P501,Face Moisturizer,Beauty,460.04,40,28,7728.67,S03,East
2023-01-19,P501,Face Moisturizer,Beauty,480.07,10,21,9073.32,S08,East
2023-01-19,P405,LED Desk Lamp,Home,3980.75,0,13,51749.75,S09,North
2023-01-20,P406,Air Purifier,Home,4152.39,25,21,65400.14,S03,East
2023-01-20,P202,Women Kurti,Fashion,4212.99,0,16,67407.84,S05,East
2023-01-20,P102,Laptop Pro,Electronics,13738.6,5,9,117465.03,S06,West
2023-01-20,P105,Tablet Z2,Electronics,19440.26,5,7,129277.73,S09,East
2023-01-20,P501,Face Moisturizer,Beauty,1429.74,5,27,36672.83,S03,South
2023-01-20,P202,Women Kurti,Fashion,3750.16,25,19,53439.78,S03,South
2023-01-20,P302,Sunflower Oil 1L,Grocery,133.39,5,67,8490.27,S03,West
2023-01-21,P204,Sports Shoes,Fashion,3931.02,15,20,66827.34,S05,West
2023-01-21,P106,Bluetooth Speaker,Electronics,36656.51,0,11,403221.61,S02,West
2023-01-21,P306,Mixed Nuts 500g,Grocery,117.47,25,137,12070.04,S06,South
2023-01-21,P205,Formal Blazer,Fashion,3592.14,25,36,96987.78,S06,West
2023-01-21,P104,Smart TV 43,Electronics,62545.41,5,12,713017.67,S04,North
2023-01-21,P503,Sunscreen SPF50,Beauty,1911.88,40,49,56209.27,S01,South
2023-01-21,P404,Wooden Bookshelf,Home,9008.71,0,24,216209.04,S02,East
2023-01-21,P202,Women Kurti,Fashion,3786.24,15,27,86894.21,S07,South
2023-01-21,P105,Tablet Z2,Electronics,19322.36,0,9,173901.24,S02,North
2023-01-21,P203,Denim Jeans,Fashion,2325.73,5,31,68492.75,S05,West
2023-01-21,P503,Sunscreen SPF50,Beauty,2196.37,25,53,87305.71,S04,West
2023-01-21,P503,Sunscreen SPF50,Beauty,2007.53,10,48,86725.3,S01,West
2023-01-21,P106,Bluetooth Speaker,Electronics,9776.97,5,11,102169.34,S08,East
2023-01-21,P201,Men Casual Shirt,Fashion,2169.67,10,35,68344.6,S10,North
2023-01-21,P303,Whole Wheat Flour,Grocery,96.59,30,85,5747.1,S08,East
2023-01-21,P501,Face Moisturizer,Beauty,2394.9,0,35,83821.5,S09,West
2023-01-21,P203,Denim Jeans,Fashion,3997.46,25,29,86944.76,S05,East
2023-01-22,P506,Perfume 100ml,Beauty,1331.68,0,33,43945.44,S03,West
2023-01-22,P302,Sunflower Oil 1L,Grocery,703.85,5,113,75558.3,S02,North
2023-01-22,P502,Hair Serum,Beauty,1388.31,25,39,40608.07,S09,South
2023-01-22,P206,Summer Dress,Fashion,1487.65,0,33,49092.45,S05,North
2023-01-22,P403,Wall Clock,Home,13686.75,0,16,218988.0,S02,South
2023-01-22,P506,Perfume 100ml,Beauty,1314.01,0,44,57816.44,S06,North
2023-01-22,P303,Whole Wheat Flour,Grocery,692.01,10,72,44842.25,S05,East
2023-01-22,P302,Sunflower Oil 1L,Grocery,241.86,40,138,20026.01,S05,West
2023-01-22,P502,Hair Serum,Beauty,2564.09,10,38,87691.88,S04,East
2023-01-22,P202,Women Kurti,Fashion,746.13,10,18,12087.31,S03,North
2023-01-22,P304,Organic Honey,Grocery,456.08,40,143,39131.66,S04,West
2023-01-22,P304,Organic Honey,Grocery,535.63,30,181,67864.32,S02,West
2023-01-22,P401,Stainless Steel Cookware,Home,11549.26,20,30,277182.24,S06,East
2023-01-22,P502,Hair Serum,Beauty,1631.9,20,49,63970.48,S04,South
2023-01-22,P406,Air Purifier,Home,3088.35,30,30,64855.35,S01,East
2023-01-22,P402,Cotton Bedsheet,Home,7941.1,0,28,222350.8,S02,South
2023-01-22,P202,Women Kurti,Fashion,3906.71,5,32,118763.98,S06,North
2023-01-22,P201,Men Casual Shirt,Fashion,3899.99,30,34,92819.76,S06,West
2023-01-23,P306,Mixed Nuts 500g,Grocery,127.65,15,105,11392.76,S01,East
2023-01-23,P205,Formal Blazer,Fashion,3272.19,40,37,72642.62,S07,North
2023-01-23,P304,Organic Honey,Grocery,291.82,0,73,21302.86,S10,West
2023-01-23,P202,Women Kurti,Fashion,2501.7,0,16,40027.2,S05,West
2023-01-23,P303,Whole Wheat Flour,Grocery,334.31,10,67,20158.89,S06,East
2023-01-23,P102,Laptop Pro,Electronics,9174.33,10,8,66055.18,S08,South
2023-01-23,P406,Air Purifier,Home,12457.85,20,22,219258.16,S03,North
2023-01-23,P302,Sunflower Oil 1L,Grocery,305.21,15,92,23867.42,S01,East
2023-01-23,P403,Wall Clock,Home,9185.82,0,20,183716.4,S02,North
2023-01-23,P205,Formal Blazer,Fashion,1661.38,25,27,33642.94,S05,South
2023-01-23,P505,Body Lotion,Beauty,2903.44,5,31,85506.31,S10,West
2023-01-23,P304,Organic Honey,Grocery,226.57,10,63,12846.52,S06,North
2023-01-23,P504,Lipstick Set,Beauty,1313.33,10,27,31913.92,S10,North
2023-01-23,P201,Men Casual Shirt,Fashion,3885.76,10,20,69943.68,S05,East
2023-01-24,P302,Sunflower Oil 1L,Grocery,160.12,25,75,9006.75,S10,East
2023-01-24,P306,Mixed Nuts 500g,Grocery,81.32,40,73,3561.82,S03,East
2023-01-24,P403,Wall Clock,Home,11519.52,10,19,196983.79,S08,South
2023-01-24,P405,LED Desk Lamp,Home,10203.88,20,22,179588.29,S02,East
2023-01-24,P203,Denim Jeans,Fashion,586.16,10,20,10550.88,S06,East
2023-01-24,P302,Sunflower Oil 1L,Grocery,577.81,10,65,33801.88,S08,North
2023-01-24,P405,LED Desk Lamp,Home,13917.42,10,23,288090.59,S10,North
2023-01-24,P505,Body Lotion,Beauty,2791.35,5,37,98115.95,S01,West
2023-01-24,P402,Cotton Bedsheet,Home,4781.22,15,18,73152.67,S03,West
2023-01-24,P105,Tablet Z2,Electronics,64690.33,0,9,582212.97,S04,South
2023-01-24,P503,Sunscreen SPF50,Beauty,2096.82,15,25,44557.43,S06,South
2023-01-24,P506,Perfume 100ml,Beauty,2565.9,0,26,66713.4,S07,South
2023-01-24,P304,Organic Honey,Grocery,140.58,10,62,7844.36,S10,South
2023-01-24,P405,LED Desk Lamp,Home,10063.27,20,13,104658.01,S05,East
2023-01-24,P405,LED Desk Lamp,Home,9032.39,0,15,135485.85,S02,West
2023-01-24,P103,Wireless Earbuds,Electronics,28441.27,5,8,216153.65,S04,West
2023-01-25,P301,Basmati Rice 5kg,Grocery,651.42,40,117,45729.68,S05,West
2023-01-25,P404,Wooden Bookshelf,Home,5334.5,10,24,115225.2,S06,West
2023-01-25,P101,Smartphone X1,Electronics,61089.56,30,12,513152.3,S06,South
2023-01-25,P505,Body Lotion,Beauty,271.55,0,24,6517.2,S06,South
2023-01-25,P206,Summer Dress,Fashion,1438.57,20,27,31073.11,S06,East
2023-01-25,P503,Sunscreen SPF50,Beauty,2489.31,15,30,63477.4,S05,South
2023-01-25,P506,Perfume 100ml,Beauty,2480.51,20,36,71438.69,S04,West
2023-01-25,P104,Smart TV 43,Electronics,69170.92,0,6,415025.52,S02,South
2023-01-25,P501,Face Moisturizer,Beauty,1309.53,5,26,32345.39,S08,East
2023-01-25,P302,Sunflower Oil 1L,Grocery,517.39,15,112,49255.53,S06,West
2023-01-26,P303,Whole Wheat Flour,Grocery,330.04,0,74,24422.96,S07,North
2023-01-26,P104,Smart TV 43,Electronics,73884.11,0,10,738841.1,S08,North
2023-01-26,P501,Face Moisturizer,Beauty,2055.7,10,24,44403.12,S03,South
2023-01-26,P502,Hair Serum,Beauty,282.68,20,28,6332.03,S08,West
2023-01-26,P102,Laptop Pro,Electronics,76183.24,25,9,514236.87,S03,East
2023-01-26,P104,Smart TV 43,Electronics,53909.94,0,6,323459.64,S03,East
2023-01-26,P506,Perfume 100ml,Beauty,1967.35,0,21,41314.35,S05,North
2023-01-26,P405,LED Desk Lamp,Home,12525.73,0,21,263040.33,S10,South
2023-01-26,P304,Organic Honey,Grocery,673.11,25,85,42910.76,S02,North
2023-01-26,P505,Body Lotion,Beauty,1978.19,30,43,59543.52,S06,South
2023-01-27,P406,Air Purifier,Home,928.37,15,21,16571.4,S04,West
2023-01-27,P103,Wireless Earbuds,Electronics,33028.71,0,5,165143.55,S07,South
2023-01-27,P506,Perfume 100ml,Beauty,1899.89,20,35,53196.92,S05,West
2023-01-27,P105,Tablet Z2,Electronics,2540.29,5,7,16892.93,S09,North
2023-01-27,P405,LED Desk Lamp,Home,1798.5,0,17,30574.5,S06,South
2023-01-27,P204,Sports Shoes,Fashion,4324.36,0,16,69189.76,S09,North
2023-01-27,P403,Wall Clock,Home,9240.98,40,32,177426.82,S08,South
2023-01-27,P503,Sunscreen SPF50,Beauty,2064.42,20,28,46243.01,S02,East
2023-01-27,P202,Women Kurti,Fashion,1682.66,10,14,21201.52,S03,East
2023-01-27,P503,Sunscreen SPF50,Beauty,2663.68,25,47,93894.72,S02,North
2023-01-27,P205,Formal Blazer,Fashion,3209.17,10,25,72206.32,S06,West
2023-01-27,P506,Perfume 100ml,Beauty,1768.32,5,24,40317.7,S10,South
2023-01-27,P503,Sunscreen SPF50,Beauty,2296.03,10,20,41328.54,S05,South
2023-01-27,P503,Sunscreen SPF50,Beauty,801.5,5,23,17512.77,S07,West
2023-01-28,P305,Green Tea Pack,Grocery,141.84,5,61,8219.63,S09,South
2023-01-28,P303,Whole Wheat Flour,Grocery,324.26,0,68,22049.68,S09,West
2023-01-28,P502,Hair Serum,Beauty,100.75,0,34,3425.5,S07,North
2023-01-28,P505,Body Lotion,Beauty,1357.7,30,46,43717.94,S10,West
2023-01-28,P201,Men Casual Shirt,Fashion,4448.55,20,31,110324.04,S02,North
2023-01-28,P206,Summer Dress,Fashion,1445.87,0,22,31809.14,S04,East
2023-01-28,P106,Bluetooth Speaker,Electronics,28805.3,10,14,362946.78,S08,West
2023-01-28,P505,Body Lotion,Beauty,706.39,5,43,28856.03,S10,West
2023-01-28,P302,Sunflower Oil 1L,Grocery,415.49,15,85,30019.15,S10,West
2023-01-28,P106,Bluetooth Speaker,Electronics,43945.97,10,10,395513.73,S03,North
2023-01-28,P206,Summer Dress,Fashion,3560.04,5,19,64258.72,S09,South
2023-01-28,P401,Stainless Steel Cookware,Home,10785.98,25,35,283131.97,S07,West
2023-01-28,P105,Tablet Z2,Electronics,53467.89,20,13,556066.06,S10,South
2023-01-28,P101,Smartphone X1,Electronics,57432.28,40,18,620268.62,S08,South
2023-01-28,P402,Cotton Bedsheet,Home,13516.63,10,32,389278.94,S05,West
2023-01-28,P103,Wireless Earbuds,Electronics,7813.48,20,11,68758.62,S04,West
2023-01-29,P203,Denim Jeans,Fashion,2931.18,10,34,89694.11,S08,West
2023-01-29,P401,Stainless Steel Cookware,Home,5863.56,5,29,161541.08,S05,North
2023-01-29,P103,Wireless Earbuds,Electronics,64566.86,5,8,490708.14,S09,West
2023-01-29,P203,Denim Jeans,Fashion,607.0,25,32,14568.0,S03,North
2023-01-29,P203,Denim Jeans,Fashion,3297.3,5,21,65781.13,S05,West
2023-01-29,P401,Stainless Steel Cookware,Home,11595.21,10,24,250456.54,S05,West
2023-01-29,P205,Formal Blazer,Fashion,3045.9,5,30,86808.15,S05,South
2023-01-29,P401,Stainless Steel Cookware,Home,568.43,5,19,10260.16,S07,North
2023-01-29,P303,Whole Wheat Flour,Grocery,604.24,15,87,44683.55,S10,South
2023-01-29,P502,Hair Serum,Beauty,1600.68,10,49,70589.99,S10,South
2023-01-29,P105,Tablet Z2,Electronics,46388.31,5,12,528826.73,S06,South
2023-01-29,P403,Wall Clock,Home,7873.21,10,23,162975.45,S10,East
2023-01-29,P504,Lipstick Set,Beauty,1295.11,15,36,39630.37,S02,East
2023-01-29,P104,Smart TV 43,Electronics,67041.92,25,15,754221.6,S02,West
2023-01-29,P505,Body Lotion,Beauty,225.17,10,39,7903.47,S05,East
2023-01-30,P401,Stainless Steel Cookware,Home,13678.57,0,17,232535.69,S03,North
2023-01-30,P204,Sports Shoes,Fashion,2883.31,25,25,54062.06,S06,East
2023-01-30,P501,Face Moisturizer,Beauty,2796.98,0,23,64330.54,S07,West
2023-01-30,P104,Smart TV 43,Electronics,51011.83,5,7,339228.67,S08,West
2023-01-30,P104,Smart TV 43,Electronics,38649.83,10,10,347848.47,S10,West
2023-01-30,P201,Men Casual Shirt,Fashion,794.14,10,23,16438.7,S01,South
2023-01-30,P206,Summer Dress,Fashion,4734.46,0,20,94689.2,S04,North
2023-01-30,P401,Stainless Steel Cookware,Home,11681.79,0,24,280362.96,S06,West
2023-01-30,P204,Sports Shoes,Fashion,3734.3,40,31,69457.98,S10,West
2023-01-30,P402,Cotton Bedsheet,Home,1019.37,5,21,20336.43,S08,South
2023-01-30,P303,Whole Wheat Flour,Grocery,730.5,10,104,68374.8,S04,West
2023-01-30,P506,Perfume 100ml,Beauty,2770.55,30,21,40727.08,S03,East
2023-01-30,P101,Smartphone X1,Electronics,63762.23,5,9,545167.07,S01,South
2023-01-30,P201,Men Casual Shirt,Fashion,2527.72,10,26,59148.65,S08,South
2023-01-30,P202,Women Kurti,Fashion,2266.99,10,22,44886.4,S05,North
2023-01-30,P102,Laptop Pro,Electronics,55667.68,5,6,317305.78,S03,South
2023-01-31,P301,Basmati Rice 5kg,Grocery,625.13,5,53,31475.3,S08,East
2023-01-31,P206,Summer Dress,Fashion,2109.21,5,18,36067.49,S07,West
2023-01-31,P302,Sunflower Oil 1L,Grocery,279.18,40,88,14740.7,S10,South
2023-01-31,P506,Perfume 100ml,Beauty,2150.53,0,26,55913.78,S10,West
2023-01-31,P102,Laptop Pro,Electronics,20227.1,10,6,109226.34,S02,East
2023-01-31,P101,Smartphone X1,Electronics,12651.8,25,10,94888.5,S08,South
2023-01-31,P205,Formal Blazer,Fashion,3234.05,25,23,55787.36,S10,South
2023-01-31,P506,Perfume 100ml,Beauty,2514.31,5,19,45383.3,S09,North
2023-01-31,P402,Cotton Bedsheet,Home,11773.31,25,17,150109.7,S09,North
2023-01-31,P104,Smart TV 43,Electronics,65560.17,15,9,501535.3,S05,East
2023-01-31,P304,Organic Honey,Grocery,382.25,30,62,16589.65,S07,East
2023-01-31,P103,Wireless Earbuds,Electronics,57573.68,0,9,518163.12,S01,East
2023-01-31,P502,Hair Serum,Beauty,2031.34,5,29,55963.42,S10,West
2023-02-01,P205,Formal Blazer,Fashion,2559.63,0,16,40954.08,S02,West
2023-02-01,P105,Tablet Z2,Electronics,25720.9,0,5,128604.5,S07,East
2023-02-01,P402,Cotton Bedsheet,Home,2218.45,10,11,21962.65,S09,South
2023-02-01,P503,Sunscreen SPF50,Beauty,2289.98,25,43,73851.85,S10,South
2023-02-01,P406,Air Purifier,Home,13351.43,5,15,190257.88,S05,West
2023-02-01,P304,Organic Honey,Grocery,665.54,0,89,59233.06,S01,North
2023-02-01,P302,Sunflower Oil 1L,Grocery,251.77,5,53,12676.62,S07,East
2023-02-01,P206,Summer Dress,Fashion,4100.0,10,18,66420.0,S05,South
2023-02-01,P202,Women Kurti,Fashion,2280.04,0,18,41040.72,S02,South
2023-02-01,P203,Denim Jeans,Fashion,4162.53,10,20,74925.54,S02,South
2023-02-01,P504,Lipstick Set,Beauty,1865.03,0,28,52220.84,S07,West
2023-02-02,P501,Face Moisturizer,Beauty,422.22,15,41,14714.37,S05,South
2023-02-02,P204,Sports Shoes,Fashion,483.7,10,14,6094.62,S03,West
2023-02-02,P303,Whole Wheat Flour,Grocery,571.2,20,63,28788.48,S06,West
2023-02-02,P405,LED Desk Lamp,Home,12521.52,30,22,192831.41,S10,North
2023-02-02,P506,Perfume 100ml,Beauty,2137.59,15,29,52691.59,S10,South
2023-02-02,P205,Formal Blazer,Fashion,1312.6,10,13,15357.42,S05,West
2023-02-02,P504,Lipstick Set,Beauty,677.1,10,31,18891.09,S01,South
2023-02-02,P106,Bluetooth Speaker,Electronics,71945.21,20,8,460449.34,S03,South
2023-02-02,P104,Smart TV 43,Electronics,74194.21,0,6,445165.26,S03,North
2023-02-02,P303,Whole Wheat Flour,Grocery,551.91,0,59,32562.69,S02,West
2023-02-02,P103,Wireless Earbuds,Electronics,50169.91,0,7,351189.37,S07,North
2023-02-02,P503,Sunscreen SPF50,Beauty,919.67,10,26,21520.28,S09,West
2023-02-02,P304,Organic Honey,Grocery,136.81,10,54,6648.97,S04,South
2023-02-03,P302,Sunflower Oil 1L,Grocery,762.92,10,97,66602.92,S08,West
2023-02-03,P104,Smart TV 43,Electronics,54079.01,20,8,346105.66,S07,West
2023-02-03,P204,Sports Shoes,Fashion,4805.54,5,21,95870.52,S02,North
2023-02-03,P302,Sunflower Oil 1L,Grocery,766.52,0,48,36792.96,S02,West
2023-02-03,P306,Mixed Nuts 500g,Grocery,478.74,5,65,29562.19,S10,North
2023-02-03,P106,Bluetooth Speaker,Electronics,72026.05,20,8,460966.72,S05,West
2023-02-03,P405,LED Desk Lamp,Home,3185.4,5,10,30261.3,S03,East
2023-02-03,P102,Laptop Pro,Electronics,56452.41,15,9,431860.94,S06,East
2023-02-03,P206,Summer Dress,Fashion,2483.54,5,15,35390.44,S10,South
2023-02-04,P502,Hair Serum,Beauty,2077.79,5,36,71060.42,S07,South
2023-02-04,P304,Organic Honey,Grocery,86.61,0,66,5716.26,S05,North
2023-02-04,P104,Smart TV 43,Electronics,33256.76,20,10,266054.08,S10,East
2023-02-04,P406,Air Purifier,Home,1414.65,5,21,28222.27,S01,East
2023-02-04,P103,Wireless Earbuds,Electronics,74387.07,15,10,632290.1,S07,North
2023-02-04,P305,Green Tea Pack,Grocery,87.22,10,108,8477.78,S01,North
2023-02-04,P206,Summer Dress,Fashion,3385.96,40,28,56884.13,S03,South
2023-02-04,P403,Wall Clock,Home,1117.63,15,23,21849.67,S02,South
2023-02-04,P501,Face Moisturizer,Beauty,2188.76,40,52,68289.31,S06,East
2023-02-04,P506,Perfume 100ml,Beauty,1251.43,30,42,36792.04,S05,East
2023-02-04,P401,Stainless Steel Cookware,Home,2159.19,20,21,36274.39,S03,North
2023-02-05,P305,Green Tea Pack,Grocery,517.93,5,97,47727.25,S06,South
2023-02-05,P501,Face Moisturizer,Beauty,1559.62,0,41,63944.42,S04,East
2023-02-05,P304,Organic Honey,Grocery,348.66,20,79,22035.31,S03,South
2023-02-05,P205,Formal Blazer,Fashion,2219.48,10,36,71911.15,S10,West
2023-02-05,P203,Denim Jeans,Fashion,2684.11,5,30,76497.13,S04,North
2023-02-05,P303,Whole Wheat Flour,Grocery,212.42,10,84,16058.95,S09,West
2023-02-05,P201,Men Casual Shirt,Fashion,3225.44,10,31,89989.78,S04,West
2023-02-05,P503,Sunscreen SPF50,Beauty,1278.69,10,43,49485.3,S09,North
2023-02-05,P103,Wireless Earbuds,Electronics,60468.18,5,11,631892.48,S05,West
2023-02-05,P103,Wireless Earbuds,Electronics,37640.36,5,7,250308.39,S03,East
2023-02-05,P402,Cotton Bedsheet,Home,5239.11,10,20,94303.98,S08,East
2023-02-05,P101,Smartphone X1,Electronics,62624.5,0,7,438371.5,S10,East
2023-02-05,P105,Tablet Z2,Electronics,32492.05,10,10,292428.45,S06,South
2023-02-06,P405,LED Desk Lamp,Home,6586.43,5,18,112627.95,S04,East
2023-02-06,P301,Basmati Rice 5kg,Grocery,283.7,10,48,12255.84,S07,North
2023-02-06,P503,Sunscreen SPF50,Beauty,1643.18,5,36,56196.76,S04,North
2023-02-06,P502,Hair Serum,Beauty,657.36,10,34,20115.22,S02,South
2023-02-06,P505,Body Lotion,Beauty,1974.07,0,20,39481.4,S09,East
2023-02-06,P101,Smartphone X1,Electronics,59247.2,25,6,266612.4,S09,North
2023-02-06,P202,Women Kurti,Fashion,421.92,10,11,4177.01,S09,East
2023-02-06,P506,Perfume 100ml,Beauty,1429.04,10,25,32153.4,S10,East
2023-02-06,P205,Formal Blazer,Fashion,2295.15,5,20,43607.85,S01,South
2023-02-06,P506,Perfume 100ml,Beauty,1033.23,10,25,23247.67,S07,South
2023-02-06,P103,Wireless Earbuds,Electronics,68491.19,0,7,479438.33,S10,North
2023-02-06,P206,Summer Dress,Fashion,1255.23,5,15,17887.03,S03,West
2023-02-06,P405,LED Desk Lamp,Home,6732.24,40,26,105022.94,S04,East
2023-02-06,P306,Mixed Nuts 500g,Grocery,84.09,10,88,6659.93,S06,South
2023-02-06,P104,Smart TV 43,Electronics,33826.68,30,10,236786.76,S06,West
2023-02-07,P302,Sunflower Oil 1L,Grocery,248.79,5,64,15126.43,S07,North
2023-02-07,P106,Bluetooth Speaker,Electronics,55976.41,0,7,391834.87,S06,East
2023-02-07,P405,LED Desk Lamp,Home,13987.34,0,16,223797.44,S02,North
2023-02-07,P306,Mixed Nuts 500g,Grocery,555.76,40,68,22675.01,S09,South
2023-02-07,P304,Organic Honey,Grocery,55.35,30,94,3642.03,S10,South
2023-02-07,P103,Wireless Earbuds,Electronics,28493.24,10,7,179507.41,S06,South
2023-02-07,P103,Wireless Earbuds,Electronics,12464.84,10,8,89746.85,S04,North
2023-02-07,P101,Smartphone X1,Electronics,19116.79,0,7,133817.53,S08,South
2023-02-07,P402,Cotton Bedsheet,Home,453.4,30,18,5712.84,S01,East
2023-02-07,P401,Stainless Steel Cookware,Home,9212.96,25,21,145104.12,S03,West
2023-02-07,P103,Wireless Earbuds,Electronics,26941.16,25,10,202058.7,S02,East
2023-02-07,P304,Organic Honey,Grocery,218.78,40,70,9188.76,S07,South
2023-02-07,P106,Bluetooth Speaker,Electronics,57416.86,0,5,287084.3,S10,West
2023-02-07,P503,Sunscreen SPF50,Beauty,1996.33,0,26,51904.58,S09,West
2023-02-07,P404,Wooden Bookshelf,Home,13334.18,20,17,181344.85,S07,North
2023-02-07,P505,Body Lotion,Beauty,1969.85,0,35,68944.75,S01,East
2023-02-07,P301,Basmati Rice 5kg,Grocery,354.13,5,90,30278.11,S06,North
2023-02-07,P402,Cotton Bedsheet,Home,13464.84,0,12,161578.08,S09,East
2023-02-08,P301,Basmati Rice 5kg,Grocery,546.74,20,92,40240.06,S10,South
2023-02-08,P206,Summer Dress,Fashion,3893.88,15,21,69505.76,S02,South
2023-02-08,P502,Hair Serum,Beauty,926.41,15,32,25198.35,S07,South
2023-02-08,P503,Sunscreen SPF50,Beauty,2794.86,10,33,83007.34,S10,West
2023-02-08,P205,Formal Blazer,Fashion,2091.16,5,20,39732.04,S10,West
2023-02-08,P306,Mixed Nuts 500g,Grocery,229.11,5,85,18500.63,S01,East
2023-02-08,P202,Women Kurti,Fashion,3972.24,0,11,43694.64,S09,East
2023-02-08,P406,Air Purifier,Home,3397.39,0,13,44166.07,S07,North
2023-02-08,P503,Sunscreen SPF50,Beauty,1008.36,25,33,24956.91,S05,East
2023-02-08,P204,Sports Shoes,Fashion,4518.05,20,20,72288.8,S02,West
2023-02-08,P101,Smartphone X1,Electronics,57289.46,0,8,458315.68,S02,West
2023-02-08,P406,Air Purifier,Home,13781.77,0,15,206726.55,S08,North
2023-02-08,P103,Wireless Earbuds,Electronics,16366.76,0,7,114567.32,S04,South
2023-02-08,P204,Sports Shoes,Fashion,1761.41,15,23,34435.57,S03,South
2023-02-08,P106,Bluetooth Speaker,Electronics,52872.2,0,8,422977.6,S06,West
2023-02-09,P204,Sports Shoes,Fashion,2296.17,5,23,50171.31,S04,North
2023-02-09,P303,Whole Wheat Flour,Grocery,679.08,0,39,26484.12,S03,East
2023-02-09,P101,Smartphone X1,Electronics,68628.5,0,5,343142.5,S08,East
2023-02-09,P105,Tablet Z2,Electronics,58826.51,10,7,370607.01,S07,East
2023-02-09,P206,Summer Dress,Fashion,2740.86,0,24,65780.64,S06,West
2023-02-09,P306,Mixed Nuts 500g,Grocery,698.32,10,90,56563.92,S01,North
2023-02-09,P106,Bluetooth Speaker,Electronics,23808.57,20,8,152374.85,S02,South
2023-02-09,P102,Laptop Pro,Electronics,76344.13,5,7,507688.46,S03,West
2023-02-09,P503,Sunscreen SPF50,Beauty,1255.92,0,31,38933.52,S09,North
2023-02-10,P306,Mixed Nuts 500g,Grocery,480.01,20,81,31104.65,S08,West
2023-02-10,P404,Wooden Bookshelf,Home,14977.11,5,23,327249.85,S06,North
2023-02-10,P203,Denim Jeans,Fashion,421.22,20,18,6065.57,S09,North
2023-02-10,P304,Organic Honey,Grocery,599.27,0,79,47342.33,S01,East
2023-02-10,P106,Bluetooth Speaker,Electronics,12546.14,5,10,119188.33,S01,North
2023-02-10,P406,Air Purifier,Home,12731.68,5,16,193521.54,S07,West
2023-02-10,P406,Air Purifier,Home,11943.68,40,26,186321.41,S06,South
2023-02-10,P205,Formal Blazer,Fashion,3517.12,5,27,90214.13,S06,West
2023-02-10,P302,Sunflower Oil 1L,Grocery,727.84,15,84,51967.78,S04,East
2023-02-10,P102,Laptop Pro,Electronics,45190.69,10,7,284701.35,S08,West
2023-02-10,P505,Body Lotion,Beauty,782.14,25,24,14078.52,S09,East
2023-02-10,P406,Air Purifier,Home,8174.13,15,22,152856.23,S10,East
2023-02-10,P102,Laptop Pro,Electronics,51854.87,25,8,311129.22,S05,East
2023-02-11,P101,Smartphone X1,Electronics,77361.73,0,10,773617.3,S10,North
2023-02-11,P205,Formal Blazer,Fashion,423.89,5,23,9262.0,S03,East
2023-02-11,P102,Laptop Pro,Electronics,50464.18,5,11,527350.68,S04,North
2023-02-11,P201,Men Casual Shirt,Fashion,3955.01,0,26,102830.26,S10,West
2023-02-11,P305,Green Tea Pack,Grocery,295.75,0,78,23068.5,S04,East
2023-02-11,P204,Sports Shoes,Fashion,2477.18,0,15,37157.7,S07,East
2023-02-11,P406,Air Purifier,Home,833.8,0,18,15008.4,S03,West
2023-02-11,P504,Lipstick Set,Beauty,228.02,0,42,9576.84,S08,North
2023-02-12,P402,Cotton Bedsheet,Home,9636.44,0,18,173455.92,S04,North
2023-02-12,P101,Smartphone X1,Electronics,52788.14,25,12,475093.26,S01,East
2023-02-12,P401,Stainless Steel Cookware,Home,5402.15,5,17,87244.72,S08,East
2023-02-12,P506,Perfume 100ml,Beauty,253.81,5,52,12538.21,S01,West
2023-02-12,P102,Laptop Pro,Electronics,65891.69,10,8,474420.17,S09,North
2023-02-12,P502,Hair Serum,Beauty,1560.87,10,40,56191.32,S05,South
2023-02-12,P203,Denim Jeans,Fashion,2392.89,5,22,50011.4,S09,South
2023-02-12,P202,Women Kurti,Fashion,2366.54,0,22,52063.88,S07,North
2023-02-12,P306,Mixed Nuts 500g,Grocery,787.99,5,136,101808.31,S08,North
2023-02-12,P101,Smartphone X1,Electronics,73647.18,15,10,626001.03,S09,North
2023-02-12,P505,Body Lotion,Beauty,2989.89,25,56,125575.38,S10,East
2023-02-12,P405,LED Desk Lamp,Home,9154.09,20,19,139142.17,S04,East
2023-02-12,P205,Formal Blazer,Fashion,1876.69,0,20,37533.8,S02,West
2023-02-12,P506,Perfume 100ml,Beauty,321.29,30,63,14168.89,S04,West
2023-02-13,P304,Organic Honey,Grocery,553.74,10,58,28905.23,S01,South
2023-02-13,P402,Cotton Bedsheet,Home,1667.17,30,24,28008.46,S05,West
2023-02-13,P505,Body Lotion,Beauty,1212.1,0,22,26666.2,S04,East
2023-02-13,P506,Perfume 100ml,Beauty,2129.26,20,48,81763.58,S01,South
2023-02-13,P501,Face Moisturizer,Beauty,328.08,5,40,12467.04,S02,North
2023-02-13,P103,Wireless Earbuds,Electronics,36347.41,0,6,218084.46,S05,South
2023-02-13,P301,Basmati Rice 5kg,Grocery,551.96,20,88,38857.98,S01,South
2023-02-13,P304,Organic Honey,Grocery,607.34,20,72,34982.78,S04,North
2023-02-13,P501,Face Moisturizer,Beauty,2455.77,30,45,77356.75,S09,North
2023-02-13,P506,Perfume 100ml,Beauty,384.65,40,45,10385.55,S07,West
2023-02-13,P105,Tablet Z2,Electronics,41850.81,30,5,146477.83,S03,South
2023-02-13,P404,Wooden Bookshelf,Home,10016.03,25,20,150240.45,S02,East
2023-02-14,P405,LED Desk Lamp,Home,4341.98,0,13,56445.74,S07,South
2023-02-14,P302,Sunflower Oil 1L,Grocery,358.24,25,82,22031.76,S05,North
2023-02-14,P503,Sunscreen SPF50,Beauty,2546.72,20,29,59083.9,S08,South
2023-02-14,P403,Wall Clock,Home,5484.99,0,13,71304.87,S05,North
2023-02-14,P306,Mixed Nuts 500g,Grocery,339.56,30,98,23293.82,S08,West
2023-02-14,P403,Wall Clock,Home,8523.56,10,13,99725.65,S10,North
2023-02-14,P302,Sunflower Oil 1L,Grocery,665.61,0,68,45261.48,S08,North
2023-02-14,P302,Sunflower Oil 1L,Grocery,382.6,5,70,25442.9,S02,South
2023-02-14,P201,Men Casual Shirt,Fashion,2722.3,20,22,47912.48,S06,East
2023-02-14,P201,Men Casual Shirt,Fashion,2802.33,10,17,42875.65,S05,West
2023-02-14,P103,Wireless Earbuds,Electronics,63024.92,25,13,614492.97,S01,North
2023-02-14,P505,Body Lotion,Beauty,2477.85,0,28,69379.8,S01,South
2023-02-15,P203,Denim Jeans,Fashion,4786.99,5,13,59119.33,S07,East
2023-02-15,P405,LED Desk Lamp,Home,7415.1,30,21,109001.97,S04,South
2023-02-15,P306,Mixed Nuts 500g,Grocery,579.87,0,40,23194.8,S09,North
2023-02-15,P504,Lipstick Set,Beauty,2396.69,40,43,61834.6,S09,West
2023-02-15,P305,Green Tea Pack,Grocery,320.24,20,108,27668.74,S02,North
2023-02-15,P303,Whole Wheat Flour,Grocery,491.99,0,85,41819.15,S01,West
2023-02-15,P201,Men Casual Shirt,Fashion,1708.63,5,23,37333.57,S04,South
2023-02-15,P203,Denim Jeans,Fashion,1896.06,30,24,31853.81,S07,North
2023-02-15,P405,LED Desk Lamp,Home,3455.45,10,13,40428.76,S02,East
2023-02-15,P202,Women Kurti,Fashion,3861.35,0,17,65642.95,S06,South
2023-02-15,P205,Formal Blazer,Fashion,3585.4,5,18,61310.34,S04,East
2023-02-15,P102,Laptop Pro,Electronics,42023.81,30,8,235333.34,S05,West
2023-02-15,P404,Wooden Bookshelf,Home,2537.69,15,15,32355.55,S09,West
2023-02-16,P506,Perfume 100ml,Beauty,1327.41,0,22,29203.02,S07,East
2023-02-16,P405,LED Desk Lamp,Home,6902.46,10,12,74546.57,S07,East
2023-02-16,P103,Wireless Earbuds,Electronics,24607.25,30,10,172250.75,S09,North
2023-02-16,P101,Smartphone X1,Electronics,68794.12,0,7,481558.84,S03,West
2023-02-16,P303,Whole Wheat Flour,Grocery,649.46,30,77,35005.89,S05,North
2023-02-16,P203,Denim Jeans,Fashion,1342.36,0,15,20135.4,S09,West
2023-02-16,P306,Mixed Nuts 500g,Grocery,665.77,5,57,36051.45,S10,East
2023-02-16,P103,Wireless Earbuds,Electronics,38965.95,40,10,233795.7,S09,East
2023-02-16,P201,Men Casual Shirt,Fashion,1954.27,0,20,39085.4,S10,North
2023-02-16,P202,Women Kurti,Fashion,1785.35,25,25,33475.31,S04,North
2023-02-16,P304,Organic Honey,Grocery,115.69,0,51,5900.19,S07,South
2023-02-16,P204,Sports Shoes,Fashion,2425.32,5,26,59905.4,S01,South
2023-02-16,P405,LED Desk Lamp,Home,2888.76,0,13,37553.88,S07,West
2023-02-16,P103,Wireless Earbuds,Electronics,2661.34,10,6,14371.24,S02,East
2023-02-16,P404,Wooden Bookshelf,Home,10383.27,25,24,186898.86,S08,South
2023-02-17,P404,Wooden Bookshelf,Home,4176.35,0,12,50116.2,S07,West
2023-02-17,P104,Smart TV 43,Electronics,64972.4,10,7,409326.12,S05,North
2023-02-17,P106,Bluetooth Speaker,Electronics,46243.73,0,6,277462.38,S08,East
2023-02-17,P306,Mixed Nuts 500g,Grocery,126.37,25,91,8624.75,S07,West
2023-02-17,P301,Basmati Rice 5kg,Grocery,115.2,0,52,5990.4,S05,West
2023-02-17,P501,Face Moisturizer,Beauty,550.24,25,52,21459.36,S04,West
2023-02-17,P106,Bluetooth Speaker,Electronics,6754.36,10,7,42552.47,S02,West
2023-02-17,P301,Basmati Rice 5kg,Grocery,356.76,10,70,22475.88,S04,North
2023-02-17,P406,Air Purifier,Home,2524.76,25,20,37871.4,S03,West
2023-02-17,P305,Green Tea Pack,Grocery,772.69,15,80,52542.92,S05,West
2023-02-17,P501,Face Moisturizer,Beauty,153.19,15,25,3255.29,S07,East
2023-02-17,P201,Men Casual Shirt,Fashion,2072.17,40,43,53461.99,S06,North
2023-02-17,P503,Sunscreen SPF50,Beauty,1180.54,10,27,28687.12,S01,West
2023-02-17,P506,Perfume 100ml,Beauty,2037.87,10,36,66026.99,S04,North
2023-02-17,P503,Sunscreen SPF50,Beauty,2560.75,40,22,33801.9,S03,East
2023-02-17,P304,Organic Honey,Grocery,415.25,10,49,18312.53,S03,North
2023-02-17,P306,Mixed Nuts 500g,Grocery,783.85,10,53,37389.65,S03,South
2023-02-17,P504,Lipstick Set,Beauty,1559.17,0,24,37420.08,S03,East
2023-02-17,P205,Formal Blazer,Fashion,4082.21,0,18,73479.78,S10,West
2023-02-17,P101,Smartphone X1,Electronics,38279.62,0,9,344516.58,S08,North
2023-02-18,P303,Whole Wheat Flour,Grocery,743.46,25,74,41262.03,S03,West
2023-02-18,P402,Cotton Bedsheet,Home,4661.51,10,152,637694.57,S02,West
2023-02-18,P102,Laptop Pro,Electronics,16773.07,25,11,138377.83,S09,South
2023-02-18,P403,Wall Clock,Home,9565.25,5,19,172652.76,S04,North
2023-02-18,P202,Women Kurti,Fashion,906.6,15,20,15412.2,S05,South
2023-02-18,P505,Body Lotion,Beauty,2619.6,20,54,113166.72,S04,South
2023-02-18,P303,Whole Wheat Flour,Grocery,662.23,5,105,66057.44,S01,West
2023-02-18,P503,Sunscreen SPF50,Beauty,2807.1,30,55,108073.35,S02,West
2023-02-18,P302,Sunflower Oil 1L,Grocery,146.11,5,79,10965.56,S05,West
2023-02-18,P201,Men Casual Shirt,Fashion,2818.99,5,21,56238.85,S03,North
2023-02-18,P202,Women Kurti,Fashion,2340.0,20,363,679536.0,S03,North
2023-02-18,P503,Sunscreen SPF50,Beauty,2259.57,0,47,106199.79,S06,North
2023-02-18,P202,Women Kurti,Fashion,2283.98,10,19,39056.06,S09,East
2023-02-18,P403,Wall Clock,Home,854.49,5,22,17858.84,S04,West
2023-02-18,P103,Wireless Earbuds,Electronics,35210.35,40,14,295766.94,S07,North
2023-02-18,P505,Body Lotion,Beauty,1639.48,5,30,46725.18,S03,South
2023-02-18,P203,Denim Jeans,Fashion,4794.21,25,33,118656.7,S05,West
2023-02-18,P304,Organic Honey,Grocery,254.16,10,60,13724.64,S01,East
2023-02-18,P202,Women Kurti,Fashion,3560.9,5,25,84571.38,S10,North
2023-02-18,P303,Whole Wheat Flour,Grocery,392.19,15,80,26668.92,S02,East
2023-02-18,P304,Organic Honey,Grocery,121.7,30,106,9030.14,S03,North
2023-02-19,P306,Mixed Nuts 500g,Grocery,209.15,5,94,18677.1,S10,West
2023-02-19,P501,Face Moisturizer,Beauty,1216.21,10,56,61296.98,S01,East
2023-02-19,P504,Lipstick Set,Beauty,2780.68,0,29,80639.72,S10,West
2023-02-19,P306,Mixed Nuts 500g,Grocery,352.84,15,125,37489.25,S02,North
2023-02-19,P501,Face Moisturizer,Beauty,146.98,10,35,4629.87,S09,East
2023-02-19,P104,Smart TV 43,Electronics,7301.5,0,10,73015.0,S03,South
2023-02-19,P202,Women Kurti,Fashion,2671.64,10,27,64920.85,S04,North
2023-02-19,P105,Tablet Z2,Electronics,57193.96,25,14,600536.58,S04,South
2023-02-19,P101,Smartphone X1,Electronics,11690.5,0,9,105214.5,S08,North
2023-02-19,P402,Cotton Bedsheet,Home,12952.99,10,14,163207.67,S03,South
2023-02-19,P505,Body Lotion,Beauty,1491.1,25,48,53679.6,S09,East
2023-02-19,P501,Face Moisturizer,Beauty,793.49,30,60,33326.58,S07,South
2023-02-19,P403,Wall Clock,Home,3760.77,15,23,73523.05,S07,West
2023-02-19,P105,Tablet Z2,Electronics,25856.69,0,10,258566.9,S06,North
2023-02-20,P101,Smartphone X1,Electronics,3754.89,40,10,22529.34,S05,North
2023-02-20,P103,Wireless Earbuds,Electronics,39881.61,15,10,338993.68,S08,West
2023-02-20,P104,Smart TV 43,Electronics,54423.06,25,9,367355.65,S03,South
2023-02-20,P202,Women Kurti,Fashion,4066.06,0,15,60990.9,S08,West
2023-02-20,P403,Wall Clock,Home,11447.51,40,29,199186.67,S06,North
2023-02-20,P505,Body Lotion,Beauty,2104.33,5,22,43980.5,S03,South
2023-02-20,P306,Mixed Nuts 500g,Grocery,532.93,5,53,26833.03,S10,East
2023-02-20,P103,Wireless Earbuds,Electronics,65376.47,15,7,388990.0,S07,South
2023-02-20,P106,Bluetooth Speaker,Electronics,23418.36,5,5,111237.21,S09,North
2023-02-20,P205,Formal Blazer,Fashion,927.81,0,16,14844.96,S07,North
2023-02-20,P503,Sunscreen SPF50,Beauty,1209.6,20,50,48384.0,S04,North
2023-02-20,P103,Wireless Earbuds,Electronics,28238.42,5,7,187785.49,S05,East
2023-02-20,P103,Wireless Earbuds,Electronics,26931.1,25,8,161586.6,S07,North
2023-02-20,P504,Lipstick Set,Beauty,1255.73,10,27,30514.24,S05,North
2023-02-21,P203,Denim Jeans,Fashion,2512.57,0,20,50251.4,S02,South
2023-02-21,P302,Sunflower Oil 1L,Grocery,56.5,30,75,2966.25,S02,East
2023-02-21,P402,Cotton Bedsheet,Home,14814.58,25,25,277773.38,S01,North
2023-02-21,P304,Organic Honey,Grocery,391.02,10,83,29209.19,S06,South
2023-02-21,P202,Women Kurti,Fashion,2118.23,25,31,49248.85,S06,South
2023-02-21,P101,Smartphone X1,Electronics,16642.46,30,10,116497.22,S08,East
2023-02-21,P403,Wall Clock,Home,2251.41,0,17,38273.97,S02,West
2023-02-21,P104,Smart TV 43,Electronics,35264.33,0,9,317378.97,S01,North
2023-02-21,P505,Body Lotion,Beauty,158.83,0,25,3970.75,S03,South
2023-02-21,P301,Basmati Rice 5kg,Grocery,719.2,0,69,49624.8,S10,South
2023-02-21,P504,Lipstick Set,Beauty,264.95,20,28,5934.88,S09,South
2023-02-21,P406,Air Purifier,Home,1412.95,15,20,24020.15,S03,North
2023-02-21,P406,Air Purifier,Home,4942.98,30,25,86502.15,S08,West
2023-02-21,P502,Hair Serum,Beauty,1234.92,10,27,30008.56,S04,East
2023-02-21,P506,Perfume 100ml,Beauty,2297.62,20,31,56980.98,S02,West
2023-02-22,P206,Summer Dress,Fashion,1492.53,30,21,21940.19,S07,South
2023-02-22,P102,Laptop Pro,Electronics,68364.88,5,5,324733.18,S04,East
2023-02-22,P504,Lipstick Set,Beauty,2934.33,0,26,76292.58,S03,West
2023-02-22,P302,Sunflower Oil 1L,Grocery,116.6,10,55,5771.7,S02,West
2023-02-22,P102,Laptop Pro,Electronics,78444.9,40,14,658937.16,S10,North
2023-02-22,P306,Mixed Nuts 500g,Grocery,622.51,10,71,39778.39,S04,West
2023-02-22,P106,Bluetooth Speaker,Electronics,62282.95,0,6,373697.7,S08,East
2023-02-22,P505,Body Lotion,Beauty,1704.35,0,30,51130.5,S04,East
2023-02-22,P101,Smartphone X1,Electronics,39793.96,10,6,214887.38,S03,South
2023-02-22,P505,Body Lotion,Beauty,711.19,15,21,12694.74,S09,West
2023-02-22,P203,Denim Jeans,Fashion,431.55,0,16,6904.8,S07,South
2023-02-22,P306,Mixed Nuts 500g,Grocery,597.18,30,84,35114.18,S10,North
2023-02-22,P505,Body Lotion,Beauty,1363.94,20,23,25096.5,S05,East
2023-02-22,P501,Face Moisturizer,Beauty,787.91,25,40,23637.3,S01,West
2023-02-22,P102,Laptop Pro,Electronics,43015.56,0,7,301108.92,S05,West
2023-02-22,P306,Mixed Nuts 500g,Grocery,265.11,0,51,13520.61,S10,North
2023-02-23,P503,Sunscreen SPF50,Beauty,636.82,15,33,17862.8,S07,South
2023-02-23,P202,Women Kurti,Fashion,2617.0,20,29,60714.4,S10,South
2023-02-23,P206,Summer Dress,Fashion,2409.98,10,15,32534.73,S05,East
2023-02-23,P102,Laptop Pro,Electronics,70832.64,10,8,509995.01,S04,North
2023-02-23,P206,Summer Dress,Fashion,314.46,5,16,4779.79,S08,South
2023-02-23,P202,Women Kurti,Fashion,4784.17,0,19,90899.23,S09,North
2023-02-23,P103,Wireless Earbuds,Electronics,57203.07,25,10,429023.02,S04,North
2023-02-23,P501,Face Moisturizer,Beauty,1368.62,0,35,47901.7,S01,West
2023-02-23,P405,LED Desk Lamp,Home,6656.36,0,12,79876.32,S09,South
2023-02-23,P401,Stainless Steel Cookware,Home,6770.44,25,25,126945.75,S06,North
2023-02-23,P502,Hair Serum,Beauty,2295.48,5,36,78505.42,S06,North
2023-02-23,P501,Face Moisturizer,Beauty,2324.63,5,40,88335.94,S01,West
2023-02-23,P505,Body Lotion,Beauty,291.3,15,30,7428.15,S10,South
2023-02-23,P504,Lipstick Set,Beauty,1639.38,0,38,62296.44,S01,North
2023-02-23,P304,Organic Honey,Grocery,375.75,5,80,28557.0,S10,North
2023-02-23,P302,Sunflower Oil 1L,Grocery,260.12,25,63,12290.67,S05,West
2023-02-23,P506,Perfume 100ml,Beauty,283.61,10,35,8933.72,S02,South
2023-02-23,P104,Smart TV 43,Electronics,52443.3,5,8,398569.08,S06,West
2023-02-23,P402,Cotton Bedsheet,Home,4070.46,10,11,40297.55,S09,East
2023-02-24,P306,Mixed Nuts 500g,Grocery,608.22,20,54,26275.1,S09,East
2023-02-24,P103,Wireless Earbuds,Electronics,12268.2,40,8,58887.36,S07,North
2023-02-24,P105,Tablet Z2,Electronics,78746.25,5,7,523662.56,S09,South
2023-02-24,P502,Hair Serum,Beauty,1142.42,20,45,41127.12,S04,South
2023-02-24,P204,Sports Shoes,Fashion,3474.37,10,18,56284.79,S05,North
2023-02-24,P104,Smart TV 43,Electronics,28566.23,25,14,299945.41,S04,North
2023-02-24,P305,Green Tea Pack,Grocery,710.41,0,58,41203.78,S01,West
2023-02-24,P301,Basmati Rice 5kg,Grocery,744.78,25,119,66471.61,S02,North
2023-02-24,P101,Smartphone X1,Electronics,36024.43,15,6,183724.59,S03,West
2023-02-24,P303,Whole Wheat Flour,Grocery,380.76,25,81,23131.17,S04,South
2023-02-24,P502,Hair Serum,Beauty,2096.46,15,27,48113.76,S09,East
2023-02-24,P405,LED Desk Lamp,Home,8947.73,0,14,125268.22,S08,West
2023-02-24,P105,Tablet Z2,Electronics,58345.83,15,7,347157.69,S03,South
2023-02-24,P404,Wooden Bookshelf,Home,14887.52,0,18,267975.36,S01,West
2023-02-24,P301,Basmati Rice 5kg,Grocery,202.26,0,73,14764.98,S06,East
2023-02-24,P402,Cotton Bedsheet,Home,5097.4,5,19,92008.07,S02,North
2023-02-24,P401,Stainless Steel Cookware,Home,14311.74,0,9,128805.66,S03,West
2023-02-25,P304,Organic Honey,Grocery,527.2,0,91,47975.2,S04,East
2023-02-25,P303,Whole Wheat Flour,Grocery,737.42,30,91,46973.65,S02,South
2023-02-25,P205,Formal Blazer,Fashion,4890.99,40,31,90972.41,S07,East
2023-02-25,P305,Green Tea Pack,Grocery,631.81,25,157,74395.63,S04,North
2023-02-25,P502,Hair Serum,Beauty,2661.78,5,36,91032.88,S03,North
2023-02-25,P106,Bluetooth Speaker,Electronics,18124.37,30,14,177618.83,S06,South
2023-02-25,P101,Smartphone X1,Electronics,64446.22,0,6,386677.32,S07,East
2023-02-25,P201,Men Casual Shirt,Fashion,1484.74,0,22,32664.28,S07,East
2023-02-25,P303,Whole Wheat Flour,Grocery,238.54,25,1898,339561.69,S04,West
2023-02-25,P402,Cotton Bedsheet,Home,14954.06,0,15,224310.9,S07,East
2023-02-25,P206,Summer Dress,Fashion,2750.92,0,29,79776.68,S04,West
2023-02-25,P202,Women Kurti,Fashion,1523.05,40,35,31984.05,S01,West
2023-02-25,P503,Sunscreen SPF50,Beauty,1225.67,30,44,37750.64,S05,East
2023-02-25,P104,Smart TV 43,Electronics,22366.51,10,9,181168.73,S05,East
2023-02-25,P203,Denim Jeans,Fashion,3002.32,5,27,77009.51,S09,North
2023-02-25,P101,Smartphone X1,Electronics,44782.27,5,8,340345.25,S05,North
2023-02-25,P404,Wooden Bookshelf,Home,521.19,5,25,12378.26,S06,West
2023-02-25,P504,Lipstick Set,Beauty,942.89,0,37,34886.93,S09,North
2023-02-25,P103,Wireless Earbuds,Electronics,37779.65,0,4,151118.6,S03,East
2023-02-26,P401,Stainless Steel Cookware,Home,11881.64,0,22,261396.08,S04,South
2023-02-26,P405,LED Desk Lamp,Home,2494.01,30,28,48882.6,S01,West
2023-02-26,P406,Air Purifier,Home,1981.51,10,17,30317.1,S08,West
2023-02-26,P202,Women Kurti,Fashion,1505.25,0,21,31610.25,S02,West
2023-02-26,P306,Mixed Nuts 500g,Grocery,661.77,0,55,36397.35,S03,East
2023-02-26,P305,Green Tea Pack,Grocery,338.55,10,74,22547.43,S10,South
2023-02-26,P305,Green Tea Pack,Grocery,126.37,0,86,10867.82,S07,North
2023-02-26,P402,Cotton Bedsheet,Home,9856.39,5,13,121726.42,S09,South
2023-02-26,P405,LED Desk Lamp,Home,2528.19,0,14,35394.66,S03,East
2023-02-26,P306,Mixed Nuts 500g,Grocery,776.53,0,81,62898.93,S06,East
2023-02-26,P304,Organic Honey,Grocery,69.98,40,136,5710.37,S05,South
2023-02-26,P303,Whole Wheat Flour,Grocery,230.48,20,78,14381.95,S06,South
2023-02-26,P103,Wireless Earbuds,Electronics,34391.7,25,13,335319.07,S07,North
2023-02-26,P406,Air Purifier,Home,6683.8,40,23,92236.44,S09,West
2023-02-26,P403,Wall Clock,Home,1199.79,30,27,22676.03,S08,West
2023-02-27,P406,Air Purifier,Home,1642.64,20,24,31538.69,S01,East
2023-02-27,P303,Whole Wheat Flour,Grocery,57.76,0,80,4620.8,S06,North
2023-02-27,P404,Wooden Bookshelf,Home,566.64,30,29,11502.79,S01,North
2023-02-27,P503,Sunscreen SPF50,Beauty,2015.92,10,24,43543.87,S03,South
2023-02-27,P205,Formal Blazer,Fashion,4695.47,0,15,70432.05,S07,East
2023-02-27,P304,Organic Honey,Grocery,776.63,10,43,30055.58,S09,East
2023-02-27,P205,Formal Blazer,Fashion,1054.18,20,26,21926.94,S06,East
2023-02-27,P203,Denim Jeans,Fashion,3511.93,0,12,42143.16,S03,East
2023-02-27,P201,Men Casual Shirt,Fashion,2851.61,10,22,56461.88,S02,West
2023-02-27,P206,Summer Dress,Fashion,1574.8,5,24,35905.44,S08,North
2023-02-27,P406,Air Purifier,Home,4757.0,5,22,99421.3,S10,North
2023-02-27,P204,Sports Shoes,Fashion,3823.75,10,15,51620.62,S03,East
2023-02-27,P102,Laptop Pro,Electronics,21725.58,0,5,108627.9,S06,South
2023-02-27,P202,Women Kurti,Fashion,4432.12,25,23,76454.07,S10,South
2023-02-27,P302,Sunflower Oil 1L,Grocery,307.05,25,81,18653.29,S09,North
2023-02-27,P503,Sunscreen SPF50,Beauty,1710.01,0,22,37620.22,S10,East
2023-02-27,P304,Organic Honey,Grocery,327.22,10,66,19436.87,S03,West
2023-02-28,P301,Basmati Rice 5kg,Grocery,755.58,5,74,53117.27,S04,South
2023-02-28,P503,Sunscreen SPF50,Beauty,2232.2,20,25,44644.0,S09,East
2023-02-28,P106,Bluetooth Speaker,Electronics,22828.7,15,8,155235.16,S07,South
2023-02-28,P203,Denim Jeans,Fashion,4812.16,5,17,77716.38,S08,East
2023-02-28,P302,Sunflower Oil 1L,Grocery,544.39,10,45,22047.79,S09,North
2023-02-28,P204,Sports Shoes,Fashion,398.4,40,30,7171.2,S07,West
2023-02-28,P204,Sports Shoes,Fashion,1993.38,25,36,53821.26,S04,North
2023-02-28,P501,Face Moisturizer,Beauty,1171.62,0,33,38663.46,S08,West
2023-02-28,P304,Organic Honey,Grocery,642.84,20,82,42170.3,S04,North
2023-02-28,P206,Summer Dress,Fashion,924.78,15,26,20437.64,S04,North
2023-02-28,P301,Basmati Rice 5kg,Grocery,60.44,5,52,2985.74,S09,West
2023-02-28,P201,Men Casual Shirt,Fashion,3228.29,5,20,61337.51,S08,East
2023-02-28,P204,Sports Shoes,Fashion,505.48,10,14,6369.05,S03,East
2023-02-28,P106,Bluetooth Speaker,Electronics,42407.69,0,7,296853.83,S02,West
2023-02-28,P204,Sports Shoes,Fashion,1552.73,10,20,27949.14,S04,South
2023-03-01,P305,Green Tea Pack,Grocery,138.81,15,82,9675.06,S01,East
2023-03-01,P201,Men Casual Shirt,Fashion,1087.96,30,43,32747.6,S01,North
2023-03-01,P202,Women Kurti,Fashion,1922.97,10,17,29421.44,S07,East
2023-03-01,P504,Lipstick Set,Beauty,2350.07,0,22,51701.54,S10,West
2023-03-01,P503,Sunscreen SPF50,Beauty,2229.47,5,22,46595.92,S09,North
2023-03-01,P504,Lipstick Set,Beauty,255.37,40,38,5822.44,S04,North
2023-03-01,P406,Air Purifier,Home,9976.2,20,16,127695.36,S07,East
2023-03-01,P206,Summer Dress,Fashion,2613.13,25,22,43116.65,S09,East
2023-03-01,P302,Sunflower Oil 1L,Grocery,244.9,5,81,18845.06,S08,North
2023-03-01,P503,Sunscreen SPF50,Beauty,2436.71,5,21,48612.36,S09,South
2023-03-01,P105,Tablet Z2,Electronics,76492.82,0,6,458956.92,S04,East
2023-03-01,P201,Men Casual Shirt,Fashion,1277.59,30,40,35772.52,S06,North
2023-03-01,P201,Men Casual Shirt,Fashion,4614.75,40,35,96909.75,S08,North
2023-03-01,P504,Lipstick Set,Beauty,1499.63,20,41,49187.86,S01,South
2023-03-01,P404,Wooden Bookshelf,Home,5499.97,30,21,80849.56,S06,South
2023-03-02,P401,Stainless Steel Cookware,Home,2513.76,5,17,40597.22,S01,West
2023-03-02,P205,Formal Blazer,Fashion,2750.65,30,26,50061.83,S02,East
2023-03-02,P306,Mixed Nuts 500g,Grocery,299.07,30,100,20934.9,S08,South
2023-03-02,P101,Smartphone X1,Electronics,24701.88,10,9,200085.23,S10,North
2023-03-02,P404,Wooden Bookshelf,Home,9733.05,10,15,131396.18,S10,North
2023-03-02,P204,Sports Shoes,Fashion,1001.98,40,31,18636.83,S02,East
2023-03-02,P301,Basmati Rice 5kg,Grocery,510.73,40,86,26353.67,S07,East
2023-03-02,P104,Smart TV 43,Electronics,36884.54,10,6,199176.52,S09,West
2023-03-02,P201,Men Casual Shirt,Fashion,4070.64,30,28,79784.54,S07,West
2023-03-02,P305,Green Tea Pack,Grocery,402.51,0,50,20125.5,S09,West
2023-03-02,P402,Cotton Bedsheet,Home,3048.58,20,22,53655.01,S10,West
2023-03-02,P501,Face Moisturizer,Beauty,937.93,15,30,23917.21,S08,East
2023-03-02,P205,Formal Blazer,Fashion,303.62,5,24,6922.54,S07,West
2023-03-02,P406,Air Purifier,Home,14156.18,5,15,201725.57,S03,North
2023-03-02,P305,Green Tea Pack,Grocery,559.98,30,84,32926.82,S07,West
2023-03-02,P105,Tablet Z2,Electronics,26333.0,5,6,150098.1,S09,East
2023-03-02,P503,Sunscreen SPF50,Beauty,1830.89,0,21,38448.69,S09,East
2023-03-03,P305,Green Tea Pack,Grocery,64.14,10,48,2770.85,S07,West
2023-03-03,P506,Perfume 100ml,Beauty,447.23,5,25,10621.71,S09,West
2023-03-03,P404,Wooden Bookshelf,Home,402.23,25,27,8145.16,S08,North
2023-03-03,P101,Smartphone X1,Electronics,68932.38,40,9,372234.85,S05,South
2023-03-03,P101,Smartphone X1,Electronics,57349.41,5,6,326891.64,S02,South
2023-03-03,P304,Organic Honey,Grocery,349.57,20,57,15940.39,S01,East
2023-03-03,P306,Mixed Nuts 500g,Grocery,296.46,25,71,15786.49,S09,North
2023-03-03,P505,Body Lotion,Beauty,489.73,0,26,12732.98,S04,West
2023-03-03,P303,Whole Wheat Flour,Grocery,142.86,30,57,5700.11,S09,East
2023-03-03,P303,Whole Wheat Flour,Grocery,395.29,20,59,18657.69,S03,East
2023-03-03,P203,Denim Jeans,Fashion,2414.32,10,27,58667.98,S08,North
2023-03-03,P404,Wooden Bookshelf,Home,11506.97,40,21,144987.82,S10,West
2023-03-04,P403,Wall Clock,Home,10868.62,15,18,166289.89,S07,East
2023-03-04,P202,Women Kurti,Fashion,1591.27,5,33,49886.31,S04,West
2023-03-04,P505,Body Lotion,Beauty,1711.97,0,34,58206.98,S03,West
2023-03-04,P203,Denim Jeans,Fashion,1191.24,10,18,19298.09,S09,East
2023-03-04,P301,Basmati Rice 5kg,Grocery,97.91,10,86,7578.23,S05,South
2023-03-04,P502,Hair Serum,Beauty,2062.15,5,34,66607.45,S06,West
2023-03-04,P206,Summer Dress,Fashion,3518.06,20,27,75990.1,S07,West
2023-03-04,P502,Hair Serum,Beauty,2631.97,10,25,59219.33,S03,East
2023-03-04,P403,Wall Clock,Home,14889.03,5,23,325325.31,S04,West
2023-03-04,P505,Body Lotion,Beauty,1609.48,10,34,49250.09,S08,South
2023-03-04,P504,Lipstick Set,Beauty,924.69,0,34,31439.46,S08,South
2023-03-04,P503,Sunscreen SPF50,Beauty,2498.92,0,25,62473.0,S05,West
2023-03-05,P302,Sunflower Oil 1L,Grocery,319.01,15,53,14371.4,S09,North
2023-03-05,P405,LED Desk Lamp,Home,13315.71,10,23,275635.2,S10,South
2023-03-05,P301,Basmati Rice 5kg,Grocery,223.34,40,127,17018.51,S10,South
2023-03-05,P206,Summer Dress,Fashion,3440.26,20,36,99079.49,S02,North
2023-03-05,P406,Air Purifier,Home,1362.31,30,32,30515.74,S04,West
2023-03-05,P503,Sunscreen SPF50,Beauty,2087.02,40,51,63862.81,S05,West
2023-03-05,P204,Sports Shoes,Fashion,1466.09,0,29,42516.61,S05,West
2023-03-05,P504,Lipstick Set,Beauty,1689.48,0,36,60821.28,S07,South
2023-03-05,P305,Green Tea Pack,Grocery,577.52,10,109,56654.71,S01,North
2023-03-05,P205,Formal Blazer,Fashion,4991.18,15,34,144245.1,S04,East
2023-03-06,P401,Stainless Steel Cookware,Home,7654.14,0,13,99503.82,S04,South
2023-03-06,P203,Denim Jeans,Fashion,4496.08,10,27,109254.74,S04,North
2023-03-06,P501,Face Moisturizer,Beauty,444.43,0,22,9777.46,S09,West
2023-03-06,P101,Smartphone X1,Electronics,65028.61,25,11,536486.03,S08,West
2023-03-06,P401,Stainless Steel Cookware,Home,8541.13,0,10,85411.3,S09,South
2023-03-06,P402,Cotton Bedsheet,Home,4271.61,0,14,59802.54,S06,West
2023-03-06,P101,Smartphone X1,Electronics,7854.43,30,7,38486.71,S07,South
2023-03-06,P202,Women Kurti,Fashion,4429.72,30,28,86822.51,S10,South
2023-03-06,P305,Green Tea Pack,Grocery,103.25,5,78,7650.82,S06,North
2023-03-06,P105,Tablet Z2,Electronics,43766.87,0,5,218834.35,S04,East
2023-03-06,P403,Wall Clock,Home,6627.36,5,8,50367.94,S07,East
2023-03-06,P504,Lipstick Set,Beauty,1277.58,15,42,45609.61,S06,North
2023-03-06,P505,Body Lotion,Beauty,1631.82,5,31,48057.1,S10,South
2023-03-06,P203,Denim Jeans,Fashion,3220.8,40,40,77299.2,S10,West
2023-03-06,P304,Organic Honey,Grocery,120.94,15,87,8943.51,S01,South
2023-03-07,P106,Bluetooth Speaker,Electronics,67503.01,25,9,455645.32,S09,South
2023-03-07,P304,Organic Honey,Grocery,174.32,0,55,9587.6,S03,South
2023-03-07,P402,Cotton Bedsheet,Home,12659.42,0,14,177231.88,S03,North
2023-03-07,P101,Smartphone X1,Electronics,38397.35,25,9,259182.11,S03,North
2023-03-07,P401,Stainless Steel Cookware,Home,9110.57,25,22,150324.4,S08,North
2023-03-07,P401,Stainless Steel Cookware,Home,3070.99,25,21,48368.09,S04,West
2023-03-07,P504,Lipstick Set,Beauty,1218.7,0,39,47529.3,S10,North
2023-03-07,P405,LED Desk Lamp,Home,8270.83,15,16,112483.29,S02,East
2023-03-07,P106,Bluetooth Speaker,Electronics,6845.4,30,12,57501.36,S10,North
2023-03-07,P502,Hair Serum,Beauty,155.04,0,21,3255.84,S03,West
2023-03-07,P206,Summer Dress,Fashion,1266.66,5,16,19253.23,S04,East
2023-03-07,P103,Wireless Earbuds,Electronics,43488.01,0,6,260928.06,S03,East
2023-03-07,P402,Cotton Bedsheet,Home,13231.2,10,13,154805.04,S10,West
2023-03-08,P203,Denim Jeans,Fashion,4440.71,40,34,90590.48,S10,South
2023-03-08,P305,Green Tea Pack,Grocery,518.74,0,55,28530.7,S10,South
2023-03-08,P502,Hair Serum,Beauty,1685.44,40,45,45506.88,S05,North
2023-03-08,P103,Wireless Earbuds,Electronics,45856.81,0,5,229284.05,S06,West
2023-03-08,P101,Smartphone X1,Electronics,72410.09,0,7,506870.63,S08,East
2023-03-08,P305,Green Tea Pack,Grocery,427.42,15,82,29791.17,S01,East
2023-03-08,P102,Laptop Pro,Electronics,6913.69,30,9,43556.25,S02,East
2023-03-08,P504,Lipstick Set,Beauty,311.65,40,43,8040.57,S01,East
2023-03-08,P504,Lipstick Set,Beauty,1107.89,20,35,31020.92,S02,West
2023-03-08,P301,Basmati Rice 5kg,Grocery,551.81,30,107,41330.57,S04,West
2023-03-09,P204,Sports Shoes,Fashion,2136.21,0,27,57677.67,S02,North
2023-03-09,P401,Stainless Steel Cookware,Home,13723.28,0,13,178402.64,S07,South
2023-03-09,P101,Smartphone X1,Electronics,76768.61,25,9,518188.12,S06,South
2023-03-09,P101,Smartphone X1,Electronics,2151.65,0,7,15061.55,S05,West
2023-03-09,P506,Perfume 100ml,Beauty,516.07,0,18,9289.26,S10,East
2023-03-09,P104,Smart TV 43,Electronics,54965.14,15,9,420483.32,S01,East
2023-03-09,P302,Sunflower Oil 1L,Grocery,507.92,20,68,27630.85,S01,East
2023-03-09,P504,Lipstick Set,Beauty,2280.33,5,26,56324.15,S09,South
2023-03-09,P503,Sunscreen SPF50,Beauty,730.54,10,28,18409.61,S03,South
2023-03-09,P205,Formal Blazer,Fashion,1675.72,25,19,23879.01,S09,South
2023-03-09,P406,Air Purifier,Home,13894.37,15,19,224394.08,S05,North
2023-03-09,P501,Face Moisturizer,Beauty,2286.79,15,32,62200.69,S08,East
2023-03-10,P306,Mixed Nuts 500g,Grocery,703.04,40,134,56524.42,S04,North
2023-03-10,P305,Green Tea Pack,Grocery,370.82,15,67,21118.2,S05,West
2023-03-10,P105,Tablet Z2,Electronics,13284.09,10,5,59778.4,S07,East
2023-03-10,P104,Smart TV 43,Electronics,45060.23,5,7,299650.53,S09,West
2023-03-10,P503,Sunscreen SPF50,Beauty,1375.22,0,24,33005.28,S07,East
2023-03-10,P204,Sports Shoes,Fashion,3896.59,5,17,62929.93,S04,East
2023-03-10,P202,Women Kurti,Fashion,1202.91,10,27,29230.71,S10,West
2023-03-10,P301,Basmati Rice 5kg,Grocery,100.37,5,43,4100.11,S07,East
2023-03-10,P105,Tablet Z2,Electronics,39870.79,40,10,239224.74,S04,West
2023-03-10,P103,Wireless Earbuds,Electronics,26415.19,0,8,211321.52,S10,North
2023-03-10,P403,Wall Clock,Home,9368.81,30,15,98372.5,S09,West
2023-03-11,P502,Hair Serum,Beauty,1038.47,0,38,39461.86,S05,West
2023-03-11,P405,LED Desk Lamp,Home,7168.09,0,19,136193.71,S02,East
2023-03-11,P506,Perfume 100ml,Beauty,2934.78,0,40,117391.2,S04,South
2023-03-11,P202,Women Kurti,Fashion,2254.7,25,42,71023.05,S02,South
2023-03-11,P303,Whole Wheat Flour,Grocery,86.11,15,100,7319.35,S02,North
2023-03-11,P204,Sports Shoes,Fashion,2359.11,0,23,54259.53,S10,East
2023-03-11,P303,Whole Wheat Flour,Grocery,133.55,0,103,13755.65,S08,South
2023-03-11,P202,Women Kurti,Fashion,3703.56,10,44,146660.98,S02,North
2023-03-11,P302,Sunflower Oil 1L,Grocery,197.22,5,78,14614.0,S08,West
2023-03-11,P401,Stainless Steel Cookware,Home,1947.91,0,21,40906.11,S10,East
2023-03-11,P203,Denim Jeans,Fashion,4310.02,25,30,96975.45,S02,South
2023-03-11,P306,Mixed Nuts 500g,Grocery,287.81,40,198,34191.83,S06,South
2023-03-11,P304,Organic Honey,Grocery,419.45,5,112,44629.48,S01,North
2023-03-12,P203,Denim Jeans,Fashion,744.98,20,32,19071.49,S06,West
2023-03-12,P103,Wireless Earbuds,Electronics,62766.51,0,7,439365.57,S05,North
2023-03-12,P401,Stainless Steel Cookware,Home,2863.72,0,19,54410.68,S05,West
2023-03-12,P203,Denim Jeans,Fashion,2359.47,20,34,64177.58,S05,South
2023-03-12,P106,Bluetooth Speaker,Electronics,71613.44,25,12,644520.96,S06,East
2023-03-12,P403,Wall Clock,Home,6680.19,20,19,101538.89,S04,East
2023-03-12,P401,Stainless Steel Cookware,Home,2767.66,5,22,57844.09,S09,West
2023-03-12,P104,Smart TV 43,Electronics,3875.15,30,14,37976.47,S08,West
2023-03-12,P303,Whole Wheat Flour,Grocery,716.87,20,98,56202.61,S03,West
2023-03-12,P502,Hair Serum,Beauty,2121.68,10,34,64923.41,S08,East
2023-03-12,P506,Perfume 100ml,Beauty,1066.23,15,44,39877.0,S08,North
2023-03-12,P104,Smart TV 43,Electronics,29142.23,10,11,288508.08,S01,North
2023-03-12,P202,Women Kurti,Fashion,386.47,30,28,7574.81,S10,South
2023-03-12,P302,Sunflower Oil 1L,Grocery,216.92,10,93,18156.2,S09,South
2023-03-12,P505,Body Lotion,Beauty,2805.56,0,36,101000.16,S10,West
2023-03-12,P404,Wooden Bookshelf,Home,875.29,30,24,14704.87,S07,West
2023-03-13,P106,Bluetooth Speaker,Electronics,78847.28,5,7,524334.41,S04,East
2023-03-13,P106,Bluetooth Speaker,Electronics,52165.78,10,2,93898.4,S01,North
2023-03-13,P206,Summer Dress,Fashion,3806.73,5,25,90409.84,S01,North
2023-03-13,P103,Wireless Earbuds,Electronics,70456.71,30,9,443877.27,S08,East
2023-03-13,P303,Whole Wheat Flour,Grocery,622.03,0,47,29235.41,S03,South
2023-03-13,P102,Laptop Pro,Electronics,65045.09,40,10,390270.54,S02,East
2023-03-13,P204,Sports Shoes,Fashion,1430.58,20,26,29756.06,S05,North
2023-03-13,P103,Wireless Earbuds,Electronics,41245.9,25,10,309344.25,S02,West
2023-03-13,P106,Bluetooth Speaker,Electronics,40342.85,10,7,254159.96,S05,North
2023-03-13,P103,Wireless Earbuds,Electronics,48742.71,5,8,370444.6,S10,West
2023-03-13,P401,Stainless Steel Cookware,Home,14273.64,25,19,203399.37,S04,East
2023-03-14,P405,LED Desk Lamp,Home,11936.09,5,18,204107.14,S04,North
2023-03-14,P102,Laptop Pro,Electronics,69051.56,0,7,483360.92,S02,North
2023-03-14,P102,Laptop Pro,Electronics,41341.96,30,13,376211.84,S01,South
2023-03-14,P204,Sports Shoes,Fashion,1447.59,15,35,43065.8,S06,West
2023-03-14,P401,Stainless Steel Cookware,Home,5938.68,40,24,85516.99,S07,North
2023-03-14,P505,Body Lotion,Beauty,1256.69,0,25,31417.25,S07,North
2023-03-15,P504,Lipstick Set,Beauty,1272.18,10,30,34348.86,S10,East
2023-03-15,P203,Denim Jeans,Fashion,1507.14,25,34,38432.07,S02,West
2023-03-15,P202,Women Kurti,Fashion,1975.26,5,23,43159.43,S09,West
2023-03-15,P105,Tablet Z2,Electronics,35404.69,0,7,247832.83,S06,East
2023-03-15,P301,Basmati Rice 5kg,Grocery,678.33,30,88,41785.13,S04,East
2023-03-15,P204,Sports Shoes,Fashion,2278.14,30,24,38272.75,S07,West
2023-03-15,P304,Organic Honey,Grocery,216.27,25,105,17031.26,S10,North
2023-03-15,P301,Basmati Rice 5kg,Grocery,52.45,5,70,3487.92,S07,West
2023-03-15,P203,Denim Jeans,Fashion,4403.7,10,18,71339.94,S02,East
2023-03-15,P304,Organic Honey,Grocery,140.33,40,111,9345.98,S01,East
2023-03-15,P205,Formal Blazer,Fashion,3920.8,0,24,94099.2,S08,West
2023-03-15,P501,Face Moisturizer,Beauty,317.4,0,35,11109.0,S04,West
2023-03-15,P106,Bluetooth Speaker,Electronics,52998.86,15,8,360392.25,S03,West
2023-03-15,P202,Women Kurti,Fashion,2425.5,10,15,32744.25,S07,East
2023-03-15,P406,Air Purifier,Home,1529.46,40,26,23859.58,S01,East
2023-03-15,P503,Sunscreen SPF50,Beauty,1572.27,0,17,26728.59,S03,South
2023-03-16,P404,Wooden Bookshelf,Home,10831.52,10,16,155973.89,S10,South
2023-03-16,P503,Sunscreen SPF50,Beauty,2883.81,30,33,66616.01,S04,North
2023-03-16,P205,Formal Blazer,Fashion,525.87,5,14,6994.07,S09,East
2023-03-16,P202,Women Kurti,Fashion,3490.78,5,25,82906.02,S07,South
2023-03-16,P501,Face Moisturizer,Beauty,2422.99,5,260,598478.53,S09,North
2023-03-16,P204,Sports Shoes,Fashion,1940.01,15,23,37927.2,S08,North
2023-03-16,P201,Men Casual Shirt,Fashion,4101.09,0,16,65617.44,S09,West
2023-03-16,P503,Sunscreen SPF50,Beauty,1925.55,15,26,42554.65,S05,East
2023-03-16,P301,Basmati Rice 5kg,Grocery,390.29,10,48,16860.53,S09,East
2023-03-16,P403,Wall Clock,Home,13868.55,10,16,199707.12,S10,North
2023-03-16,P106,Bluetooth Speaker,Electronics,77389.27,0,6,464335.62,S10,West
2023-03-16,P106,Bluetooth Speaker,Electronics,76082.88,40,11,502147.01,S04,South
2023-03-16,P204,Sports Shoes,Fashion,691.92,5,22,14461.13,S02,West
2023-03-16,P505,Body Lotion,Beauty,226.32,20,19,3440.06,S09,East
2023-03-16,P301,Basmati Rice 5kg,Grocery,630.24,30,81,35734.61,S08,West
2023-03-16,P403,Wall Clock,Home,13362.47,40,24,192419.57,S08,West
2023-03-16,P502,Hair Serum,Beauty,2909.86,25,42,91660.59,S06,West
2023-03-16,P104,Smart TV 43,Electronics,44210.75,0,8,353686.0,S06,North
2023-03-16,P104,Smart TV 43,Electronics,5273.11,0,6,31638.66,S05,West
2023-03-17,P403,Wall Clock,Home,12936.89,0,18,232864.02,S07,North
2023-03-17,P502,Hair Serum,Beauty,2560.32,0,37,94731.84,S01,North
2023-03-17,P103,Wireless Earbuds,Electronics,7123.21,5,8,54136.4,S10,South
2023-03-17,P502,Hair Serum,Beauty,2824.54,25,31,65670.56,S08,South
2023-03-17,P405,LED Desk Lamp,Home,4455.33,15,24,90888.73,S04,West
2023-03-17,P103,Wireless Earbuds,Electronics,57510.82,30,11,442833.31,S03,West
2023-03-17,P103,Wireless Earbuds,Electronics,40515.64,15,9,309944.65,S05,North
2023-03-17,P102,Laptop Pro,Electronics,3175.84,0,7,22230.88,S08,West
2023-03-18,P404,Wooden Bookshelf,Home,4749.56,5,27,121826.21,S10,West
2023-03-18,P103,Wireless Earbuds,Electronics,79115.94,5,9,676441.29,S04,West
2023-03-18,P401,Stainless Steel Cookware,Home,14291.56,15,22,267252.17,S05,East
2023-03-18,P302,Sunflower Oil 1L,Grocery,369.56,0,112,41390.72,S04,North
2023-03-18,P401,Stainless Steel Cookware,Home,8490.7,10,16,122266.08,S02,East
2023-03-18,P201,Men Casual Shirt,Fashion,4671.87,10,21,88298.34,S03,West
2023-03-18,P302,Sunflower Oil 1L,Grocery,189.43,30,134,17768.53,S08,East
2023-03-18,P503,Sunscreen SPF50,Beauty,1211.64,0,34,41195.76,S01,East
2023-03-18,P403,Wall Clock,Home,14301.28,0,16,228820.48,S09,South
2023-03-18,P104,Smart TV 43,Electronics,53594.07,0,10,535940.7,S10,East
2023-03-18,P204,Sports Shoes,Fashion,2943.74,10,26,68883.52,S09,West
2023-03-18,P403,Wall Clock,Home,14558.15,0,24,349395.6,S04,East
2023-03-18,P204,Sports Shoes,Fashion,423.77,15,35,12607.16,S10,North
2023-03-19,P302,Sunflower Oil 1L,Grocery,548.41,15,117,54539.37,S01,South
2023-03-19,P201,Men Casual Shirt,Fashion,1390.96,10,33,41311.51,S08,East
2023-03-19,P504,Lipstick Set,Beauty,210.61,20,39,6571.03,S02,East
2023-03-19,P403,Wall Clock,Home,4008.58,0,14,56120.12,S07,East
2023-03-19,P305,Green Tea Pack,Grocery,759.56,0,88,66841.28,S10,West
2023-03-19,P405,LED Desk Lamp,Home,12827.82,5,23,280287.87,S03,West
2023-03-19,P201,Men Casual Shirt,Fashion,4305.38,0,26,111939.88,S02,West
2023-03-19,P301,Basmati Rice 5kg,Grocery,385.8,0,80,30864.0,S09,North
2023-03-19,P303,Whole Wheat Flour,Grocery,380.82,5,64,23153.86,S07,East
2023-03-19,P205,Formal Blazer,Fashion,1996.73,20,30,47921.52,S07,East
2023-03-19,P205,Formal Blazer,Fashion,3037.79,0,33,100247.07,S01,East
2023-03-19,P505,Body Lotion,Beauty,465.08,40,49,13673.35,S10,South
2023-03-19,P303,Whole Wheat Flour,Grocery,638.13,15,99,53698.64,S03,West
2023-03-19,P502,Hair Serum,Beauty,1805.09,5,37,63448.91,S08,East
2023-03-19,P406,Air Purifier,Home,11092.62,20,34,301719.26,S01,North
2023-03-19,P306,Mixed Nuts 500g,Grocery,700.05,10,82,51663.69,S03,East
2023-03-19,P202,Women Kurti,Fashion,1063.39,30,45,33496.79,S06,South
2023-03-19,P103,Wireless Earbuds,Electronics,55562.46,30,12,466724.66,S10,East
2023-03-19,P301,Basmati Rice 5kg,Grocery,734.02,5,72,50206.97,S09,South
2023-03-19,P502,Hair Serum,Beauty,642.02,15,40,21828.68,S03,East
2023-03-19,P105,Tablet Z2,Electronics,30546.07,5,14,406262.73,S01,North
2023-03-20,P203,Denim Jeans,Fashion,853.59,30,38,22705.49,S10,West
2023-03-20,P501,Face Moisturizer,Beauty,2582.58,40,37,57333.28,S10,East
2023-03-20,P303,Whole Wheat Flour,Grocery,495.35,5,83,39058.35,S04,West
2023-03-20,P103,Wireless Earbuds,Electronics,12144.09,20,10,97152.72,S01,East
2023-03-20,P202,Women Kurti,Fashion,1776.33,15,22,33217.37,S05,North
2023-03-20,P304,Organic Honey,Grocery,127.99,0,78,9983.22,S10,West
2023-03-20,P405,LED Desk Lamp,Home,2859.64,25,29,62197.17,S06,North
2023-03-20,P104,Smart TV 43,Electronics,10451.75,5,8,79433.3,S10,East
2023-03-20,P106,Bluetooth Speaker,Electronics,62102.37,40,14,521659.91,S01,East
2023-03-20,P105,Tablet Z2,Electronics,38091.51,20,9,274258.87,S10,West
2023-03-20,P506,Perfume 100ml,Beauty,509.93,20,40,16317.76,S04,North
2023-03-20,P302,Sunflower Oil 1L,Grocery,454.29,0,75,34071.75,S05,South
2023-03-20,P402,Cotton Bedsheet,Home,2869.63,0,14,40174.82,S02,East
2023-03-20,P102,Laptop Pro,Electronics,2332.9,10,7,14697.27,S10,North
2023-03-21,P205,Formal Blazer,Fashion,3708.31,20,27,80099.5,S02,North
2023-03-21,P205,Formal Blazer,Fashion,343.65,40,48,9897.12,S04,West
2023-03-21,P403,Wall Clock,Home,1689.94,0,16,27039.04,S04,West
2023-03-21,P502,Hair Serum,Beauty,2823.21,5,28,75097.39,S08,West
2023-03-21,P201,Men Casual Shirt,Fashion,4534.09,25,34,115619.29,S10,West
2023-03-21,P103,Wireless Earbuds,Electronics,54082.83,0,7,378579.81,S08,East
2023-03-21,P405,LED Desk Lamp,Home,11488.85,0,15,172332.75,S05,South
2023-03-21,P501,Face Moisturizer,Beauty,610.13,40,55,20134.29,S01,South
2023-03-21,P504,Lipstick Set,Beauty,2110.32,5,32,64153.73,S07,North
2023-03-21,P304,Organic Honey,Grocery,669.28,40,81,32527.01,S03,West
2023-03-21,P205,Formal Blazer,Fashion,1568.64,40,27,25411.97,S07,East
2023-03-21,P506,Perfume 100ml,Beauty,2385.4,5,28,63451.64,S07,South
2023-03-21,P105,Tablet Z2,Electronics,24294.85,5,7,161560.75,S09,West
2023-03-21,P104,Smart TV 43,Electronics,17315.38,0,9,155838.42,S07,North
2023-03-21,P305,Green Tea Pack,Grocery,75.79,40,74,3365.08,S09,West
2023-03-22,P205,Formal Blazer,Fashion,3967.26,10,20,71410.68,S06,East
2023-03-22,P301,Basmati Rice 5kg,Grocery,310.41,25,87,20254.25,S04,South
2023-03-22,P201,Men Casual Shirt,Fashion,562.79,25,31,13084.87,S06,South
2023-03-22,P106,Bluetooth Speaker,Electronics,64983.13,30,11,500370.1,S04,South
2023-03-22,P402,Cotton Bedsheet,Home,8122.96,5,15,115752.18,S08,East
2023-03-22,P101,Smartphone X1,Electronics,47623.32,30,12,400035.89,S04,East
2023-03-22,P503,Sunscreen SPF50,Beauty,1774.32,40,42,44712.86,S10,East
2023-03-22,P303,Whole Wheat Flour,Grocery,690.25,5,64,41967.2,S04,East
2023-03-22,P405,LED Desk Lamp,Home,7790.3,5,11,81408.63,S01,West
2023-03-22,P501,Face Moisturizer,Beauty,2810.12,0,21,59012.52,S10,East
2023-03-22,P306,Mixed Nuts 500g,Grocery,527.53,0,48,25321.44,S09,North
2023-03-22,P306,Mixed Nuts 500g,Grocery,350.55,0,68,23837.4,S05,West
2023-03-22,P403,Wall Clock,Home,264.0,0,10,2640.0,S03,South
2023-03-22,P106,Bluetooth Speaker,Electronics,12713.55,40,8,61025.04,S10,East
2023-03-22,P403,Wall Clock,Home,962.74,10,15,12996.99,S02,South
2023-03-22,P201,Men Casual Shirt,Fashion,4254.9,20,22,74886.24,S05,East
2023-03-22,P106,Bluetooth Speaker,Electronics,18228.23,10,8,131243.26,S06,North
2023-03-22,P502,Hair Serum,Beauty,1233.12,30,32,27621.89,S03,East
2023-03-22,P304,Organic Honey,Grocery,100.77,15,104,8908.07,S08,North
2023-03-22,P303,Whole Wheat Flour,Grocery,547.37,40,115,37768.53,S02,South
2023-03-22,P301,Basmati Rice 5kg,Grocery,616.62,10,70,38847.06,S03,North
2023-03-23,P102,Laptop Pro,Electronics,68520.84,15,9,524184.43,S09,South
2023-03-23,P501,Face Moisturizer,Beauty,1880.5,20,30,45132.0,S07,West
2023-03-23,P403,Wall Clock,Home,10327.85,5,14,137360.4,S03,South
2023-03-23,P401,Stainless Steel Cookware,Home,10234.88,0,17,173992.96,S04,South
2023-03-23,P103,Wireless Earbuds,Electronics,40378.58,5,8,306877.21,S06,East
2023-03-23,P305,Green Tea Pack,Grocery,159.24,5,59,8925.4,S03,West
2023-03-23,P304,Organic Honey,Grocery,403.04,10,57,20675.95,S07,South
2023-03-23,P404,Wooden Bookshelf,Home,12348.27,0,16,197572.32,S06,South
2023-03-23,P304,Organic Honey,Grocery,473.43,40,66,18747.83,S03,South
2023-03-23,P306,Mixed Nuts 500g,Grocery,65.52,0,70,4586.4,S04,West
2023-03-23,P103,Wireless Earbuds,Electronics,41725.16,5,9,356750.12,S01,South
2023-03-23,P401,Stainless Steel Cookware,Home,11239.29,25,25,210736.69,S05,West
2023-03-23,P203,Denim Jeans,Fashion,1789.33,5,30,50995.9,S04,East
2023-03-24,P403,Wall Clock,Home,8406.24,10,15,113484.24,S04,South
2023-03-24,P306,Mixed Nuts 500g,Grocery,642.71,10,69,39912.29,S08,North
2023-03-24,P505,Body Lotion,Beauty,2583.25,5,24,58898.1,S05,South
2023-03-24,P201,Men Casual Shirt,Fashion,3473.5,5,24,79195.8,S10,North
2023-03-24,P504,Lipstick Set,Beauty,2197.66,0,21,46150.86,S03,East
2023-03-24,P105,Tablet Z2,Electronics,55713.58,5,7,370495.31,S02,East
2023-03-24,P406,Air Purifier,Home,10182.04,30,17,121166.28,S10,South
2023-03-24,P501,Face Moisturizer,Beauty,338.56,5,32,10292.22,S01,South
2023-03-25,P105,Tablet Z2,Electronics,52232.55,5,11,545830.15,S10,West
2023-03-25,P506,Perfume 100ml,Beauty,2433.27,5,50,115580.32,S01,South
2023-03-25,P406,Air Purifier,Home,2425.71,10,23,50212.2,S08,West
2023-03-25,P201,Men Casual Shirt,Fashion,2334.96,30,40,65378.88,S02,North
2023-03-25,P406,Air Purifier,Home,12116.57,10,20,218098.26,S02,West
2023-03-25,P302,Sunflower Oil 1L,Grocery,512.2,20,91,37288.16,S10,West
2023-03-25,P406,Air Purifier,Home,683.34,10,27,16605.16,S01,South
2023-03-25,P305,Green Tea Pack,Grocery,403.11,15,94,32208.49,S01,East
2023-03-25,P406,Air Purifier,Home,9433.56,10,21,178294.28,S07,North
2023-03-25,P304,Organic Honey,Grocery,600.71,5,83,47365.98,S08,North
2023-03-25,P401,Stainless Steel Cookware,Home,11470.79,0,18,206474.22,S01,East
2023-03-25,P504,Lipstick Set,Beauty,326.5,25,38,9305.25,S09,East
2023-03-26,P506,Perfume 100ml,Beauty,999.27,15,47,39920.84,S07,West
2023-03-26,P302,Sunflower Oil 1L,Grocery,508.62,20,124,50455.1,S08,West
2023-03-26,P302,Sunflower Oil 1L,Grocery,358.22,30,85,21314.09,S06,North
2023-03-26,P101,Smartphone X1,Electronics,71878.84,40,20,862546.08,S01,South
2023-03-26,P506,Perfume 100ml,Beauty,1316.12,0,39,51328.68,S02,North
2023-03-26,P306,Mixed Nuts 500g,Grocery,347.26,5,76,25072.17,S03,North
2023-03-26,P404,Wooden Bookshelf,Home,1140.04,10,24,24624.86,S06,North
2023-03-26,P105,Tablet Z2,Electronics,67746.35,25,14,711336.68,S08,South
2023-03-26,P206,Summer Dress,Fashion,3749.49,0,36,134981.64,S01,North
2023-03-26,P305,Green Tea Pack,Grocery,571.22,0,80,45697.6,S04,South
2023-03-26,P201,Men Casual Shirt,Fashion,2964.3,40,39,69364.62,S06,West
2023-03-26,P505,Body Lotion,Beauty,904.66,5,38,32658.23,S10,South
2023-03-26,P403,Wall Clock,Home,12291.6,30,26,223707.12,S05,North
2023-03-26,P403,Wall Clock,Home,14546.67,0,18,261840.06,S09,North
2023-03-26,P102,Laptop Pro,Electronics,18555.64,25,11,153084.03,S07,South
2023-03-26,P406,Air Purifier,Home,11287.27,40,30,203170.86,S06,North
2023-03-27,P303,Whole Wheat Flour,Grocery,776.67,30,77,41862.51,S08,East
2023-03-27,P306,Mixed Nuts 500g,Grocery,629.7,5,46,27517.89,S05,South
2023-03-27,P305,Green Tea Pack,Grocery,243.35,0,59,14357.65,S09,West
2023-03-27,P305,Green Tea Pack,Grocery,244.74,10,42,9251.17,S09,North
2023-03-27,P304,Organic Honey,Grocery,714.99,30,117,58557.68,S01,North
2023-03-27,P506,Perfume 100ml,Beauty,511.86,0,34,17403.24,S01,North
2023-03-27,P403,Wall Clock,Home,5637.7,5,16,85693.04,S05,South
2023-03-27,P401,Stainless Steel Cookware,Home,13931.49,20,14,156032.69,S09,East
2023-03-27,P201,Men Casual Shirt,Fashion,684.03,40,32,13133.38,S05,West
2023-03-27,P203,Denim Jeans,Fashion,4533.91,0,23,104279.93,S10,West
2023-03-27,P302,Sunflower Oil 1L,Grocery,426.63,30,105,31357.31,S08,West
2023-03-27,P305,Green Tea Pack,Grocery,725.43,10,75,48966.52,S05,North
2023-03-27,P405,LED Desk Lamp,Home,3860.76,30,10,27025.32,S09,South
2023-03-27,P404,Wooden Bookshelf,Home,2615.09,10,10,23535.81,S09,South
2023-03-27,P105,Tablet Z2,Electronics,76634.63,10,13,896625.17,S01,North
2023-03-27,P305,Green Tea Pack,Grocery,307.22,30,78,16774.21,S10,West
2023-03-28,P206,Summer Dress,Fashion,4499.84,40,34,91796.74,S07,West
2023-03-28,P401,Stainless Steel Cookware,Home,6874.01,0,15,103110.15,S10,North
2023-03-28,P304,Organic Honey,Grocery,347.7,10,80,25034.4,S04,South
2023-03-28,P106,Bluetooth Speaker,Electronics,2960.35,10,6,15985.89,S07,West
2023-03-28,P101,Smartphone X1,Electronics,44843.18,10,6,242153.17,S03,West
2023-03-28,P505,Body Lotion,Beauty,1712.88,20,33,45220.03,S02,East
2023-03-28,P106,Bluetooth Speaker,Electronics,36919.22,5,7,245512.81,S07,West
2023-03-28,P501,Face Moisturizer,Beauty,856.12,5,32,26026.05,S08,West
2023-03-28,P506,Perfume 100ml,Beauty,2288.91,0,27,61800.57,S09,North
2023-03-28,P505,Body Lotion,Beauty,1148.84,5,24,26193.55,S07,East
2023-03-28,P401,Stainless Steel Cookware,Home,13760.31,20,18,198148.46,S01,East
2023-03-28,P306,Mixed Nuts 500g,Grocery,150.6,10,67,9081.18,S10,West
2023-03-28,P402,Cotton Bedsheet,Home,6927.52,25,25,129891.0,S08,South
2023-03-28,P505,Body Lotion,Beauty,459.14,15,36,14049.68,S03,West
2023-03-28,P101,Smartphone X1,Electronics,38710.6,0,6,232263.6,S07,West
2023-03-28,P202,Women Kurti,Fashion,437.86,0,19,8319.34,S07,North
2023-03-28,P403,Wall Clock,Home,13170.57,25,25,246948.19,S03,West
2023-03-28,P403,Wall Clock,Home,12619.35,0,14,176670.9,S08,West
2023-03-28,P403,Wall Clock,Home,5785.25,5,15,82439.81,S06,East
2023-03-29,P503,Sunscreen SPF50,Beauty,1522.69,0,27,41112.63,S09,North
2023-03-29,P503,Sunscreen SPF50,Beauty,377.61,5,32,11479.34,S04,North
2023-03-29,P506,Perfume 100ml,Beauty,453.35,5,29,12489.79,S06,East
2023-03-29,P401,Stainless Steel Cookware,Home,2100.19,15,13,23207.1,S09,South
2023-03-29,P302,Sunflower Oil 1L,Grocery,675.9,15,74,42514.11,S06,North
2023-03-29,P404,Wooden Bookshelf,Home,5962.48,10,17,91225.94,S10,South
2023-03-29,P301,Basmati Rice 5kg,Grocery,777.89,30,75,40839.22,S03,West
2023-03-29,P404,Wooden Bookshelf,Home,6302.65,0,19,119750.35,S10,North
2023-03-29,P304,Organic Honey,Grocery,795.05,40,69,32915.07,S03,South
2023-03-29,P201,Men Casual Shirt,Fashion,488.47,5,27,12529.26,S01,West
2023-03-29,P103,Wireless Earbuds,Electronics,37732.12,25,12,339589.08,S10,North
2023-03-29,P204,Sports Shoes,Fashion,3308.54,5,14,44003.58,S01,East
2023-03-29,P206,Summer Dress,Fashion,2909.33,5,21,58041.13,S07,West
2023-03-29,P206,Summer Dress,Fashion,1228.2,5,21,24502.59,S09,West
2023-03-29,P406,Air Purifier,Home,9493.62,0,11,104429.82,S06,South
2023-03-30,P501,Face Moisturizer,Beauty,2271.74,15,35,67584.26,S06,South
2023-03-30,P101,Smartphone X1,Electronics,77348.8,0,7,541441.6,S09,West
2023-03-30,P104,Smart TV 43,Electronics,52006.3,10,9,421251.03,S07,West
2023-03-30,P202,Women Kurti,Fashion,4945.4,20,14,55388.48,S05,West
2023-03-30,P506,Perfume 100ml,Beauty,525.18,10,25,11816.55,S03,North
2023-03-30,P202,Women Kurti,Fashion,4756.44,10,19,81335.12,S03,East
2023-03-30,P504,Lipstick Set,Beauty,2704.65,0,336,908762.4,S05,North
2023-03-30,P503,Sunscreen SPF50,Beauty,2781.69,30,34,66204.22,S03,East
2023-03-30,P102,Laptop Pro,Electronics,14506.51,40,9,78335.15,S03,East
2023-03-30,P105,Tablet Z2,Electronics,13870.64,0,6,83223.84,S07,South
2023-03-30,P505,Body Lotion,Beauty,2127.47,5,24,48506.32,S05,East
2023-03-30,P304,Organic Honey,Grocery,589.36,40,115,40665.84,S06,West
2023-03-30,P403,Wall Clock,Home,10321.07,10,18,167201.33,S01,West
2023-03-30,P403,Wall Clock,Home,1427.88,40,15,12850.92,S09,North
2023-03-30,P304,Organic Honey,Grocery,488.59,25,59,21620.11,S07,South
2023-03-30,P102,Laptop Pro,Electronics,20133.06,0,7,140931.42,S07,South
2023-03-31,P204,Sports Shoes,Fashion,4151.12,0,18,74720.16,S04,East
2023-03-31,P304,Organic Honey,Grocery,284.13,0,52,14774.76,S09,East
2023-03-31,P106,Bluetooth Speaker,Electronics,61600.86,0,6,369605.16,S07,West
2023-03-31,P302,Sunflower Oil 1L,Grocery,653.36,5,59,36620.83,S02,South
2023-03-31,P404,Wooden Bookshelf,Home,2895.36,0,14,40535.04,S04,East
2023-03-31,P204,Sports Shoes,Fashion,3736.46,30,30,78465.66,S09,North
2023-03-31,P101,Smartphone X1,Electronics,12103.39,0,5,60516.95,S09,East
2023-03-31,P206,Summer Dress,Fashion,4077.32,5,23,89089.44,S08,West
2023-03-31,P503,Sunscreen SPF50,Beauty,1251.58,0,31,38798.98,S01,West
2023-03-31,P101,Smartphone X1,Electronics,60080.18,0,8,480641.44,S06,South
2023-03-31,P204,Sports Shoes,Fashion,1951.53,0,16,31224.48,S07,West
2023-03-31,P403,Wall Clock,Home,4042.8,0,18,72770.4,S04,West
2023-03-31,P301,Basmati Rice 5kg,Grocery,182.51,40,82,8979.49,S07,South
2023-03-31,P401,Stainless Steel Cookware,Home,9181.21,0,12,110174.52,S07,East
2023-03-31,P203,Denim Jeans,Fashion,788.06,20,31,19543.89,S02,South
2023-03-31,P104,Smart TV 43,Electronics,25729.25,10,9,208406.93,S06,West
2023-03-31,P502,Hair Serum,Beauty,1400.48,5,31,41244.14,S05,South
2023-04-01,P101,Smartphone X1,Electronics,30123.88,20,13,313288.35,S10,West
2023-04-01,P305,Green Tea Pack,Grocery,542.2,30,141,53515.14,S10,South
2023-04-01,P501,Face Moisturizer,Beauty,1125.39,25,43,36293.83,S06,South
2023-04-01,P402,Cotton Bedsheet,Home,8438.78,5,15,120252.62,S06,East
2023-04-01,P302,Sunflower Oil 1L,Grocery,639.37,30,111,49679.05,S05,South
2023-04-01,P206,Summer Dress,Fashion,4044.79,0,27,109209.33,S03,South
2023-04-01,P501,Face Moisturizer,Beauty,1523.02,25,72,82243.08,S10,North
2023-04-01,P103,Wireless Earbuds,Electronics,48582.95,0,13,631578.35,S06,South
2023-04-01,P305,Green Tea Pack,Grocery,248.37,10,78,17435.57,S05,South
2023-04-01,P106,Bluetooth Speaker,Electronics,2711.48,5,15,38638.59,S04,West
2023-04-01,P301,Basmati Rice 5kg,Grocery,295.92,0,57,16867.44,S03,East
2023-04-01,P504,Lipstick Set,Beauty,994.15,5,47,44388.8,S07,North
2023-04-01,P305,Green Tea Pack,Grocery,476.9,40,180,51505.2,S06,North
2023-04-01,P101,Smartphone X1,Electronics,62380.59,20,17,848376.02,S10,West
2023-04-01,P405,LED Desk Lamp,Home,6582.8,5,15,93804.9,S05,East
2023-04-01,P505,Body Lotion,Beauty,2792.36,30,59,115324.47,S02,South
2023-04-01,P205,Formal Blazer,Fashion,3027.52,10,32,87192.58,S05,South
2023-04-01,P106,Bluetooth Speaker,Electronics,20142.35,0,11,221565.85,S05,West
2023-04-01,P203,Denim Jeans,Fashion,2682.09,0,25,67052.25,S02,West
2023-04-01,P404,Wooden Bookshelf,Home,11959.76,25,36,322913.52,S08,South
2023-04-01,P406,Air Purifier,Home,8474.85,40,31,157632.21,S01,East
2023-04-02,P202,Women Kurti,Fashion,2594.48,20,46,95476.86,S04,South
2023-04-02,P301,Basmati Rice 5kg,Grocery,489.87,40,145,42618.69,S04,North
2023-04-02,P204,Sports Shoes,Fashion,4422.58,30,36,111449.02,S02,East
2023-04-02,P501,Face Moisturizer,Beauty,2558.15,5,42,102070.18,S10,West
2023-04-02,P504,Lipstick Set,Beauty,2991.93,15,45,114441.32,S08,South
2023-04-02,P303,Whole Wheat Flour,Grocery,701.64,5,87,57990.55,S05,South
2023-04-02,P505,Body Lotion,Beauty,1766.91,5,43,72178.27,S02,North
2023-04-02,P202,Women Kurti,Fashion,622.63,0,25,15565.75,S03,West
2023-04-02,P105,Tablet Z2,Electronics,40719.58,25,16,488634.96,S07,North
2023-04-02,P301,Basmati Rice 5kg,Grocery,720.99,0,90,64889.1,S02,West
2023-04-02,P406,Air Purifier,Home,697.23,40,32,13386.82,S03,South
2023-04-02,P101,Smartphone X1,Electronics,70717.14,0,10,707171.4,S06,East
2023-04-02,P206,Summer Dress,Fashion,644.96,25,32,15479.04,S03,South
2023-04-02,P106,Bluetooth Speaker,Electronics,65509.79,5,7,435640.1,S10,East
2023-04-02,P204,Sports Shoes,Fashion,2238.2,15,45,85611.15,S02,North
2023-04-02,P102,Laptop Pro,Electronics,63823.31,0,11,702056.41,S01,South
2023-04-02,P203,Denim Jeans,Fashion,2986.4,40,45,80632.8,S02,South
2023-04-03,P503,Sunscreen SPF50,Beauty,1107.68,5,17,17889.03,S09,East
2023-04-03,P503,Sunscreen SPF50,Beauty,650.11,10,36,21063.56,S10,North
2023-04-03,P502,Hair Serum,Beauty,1519.66,5,21,30317.22,S07,East
2023-04-03,P506,Perfume 100ml,Beauty,2708.99,20,28,60681.38,S08,West
2023-04-03,P306,Mixed Nuts 500g,Grocery,158.94,25,84,10013.22,S03,North
2023-04-03,P306,Mixed Nuts 500g,Grocery,539.71,40,89,28820.51,S04,South
2023-04-03,P302,Sunflower Oil 1L,Grocery,777.29,5,80,59074.04,S01,South
2023-04-03,P104,Smart TV 43,Electronics,56857.75,25,14,597006.38,S05,South
2023-04-03,P105,Tablet Z2,Electronics,56363.02,0,5,281815.1,S02,West
2023-04-03,P404,Wooden Bookshelf,Home,6464.05,10,14,81447.03,S02,East
2023-04-03,P406,Air Purifier,Home,4326.62,10,17,66197.29,S05,North
2023-04-03,P503,Sunscreen SPF50,Beauty,2456.24,40,36,53054.78,S05,North
2023-04-04,P501,Face Moisturizer,Beauty,766.24,40,34,15631.3,S03,North
2023-04-04,P202,Women Kurti,Fashion,4161.61,5,23,90931.18,S02,North
2023-04-04,P506,Perfume 100ml,Beauty,2497.65,0,26,64938.9,S02,South
2023-04-04,P301,Basmati Rice 5kg,Grocery,532.4,10,45,21562.2,S04,North
2023-04-04,P404,Wooden Bookshelf,Home,14823.1,30,21,217899.57,S05,South
2023-04-04,P403,Wall Clock,Home,656.98,20,19,9986.1,S05,South
2023-04-04,P106,Bluetooth Speaker,Electronics,74004.59,30,10,518032.13,S08,South
2023-04-04,P503,Sunscreen SPF50,Beauty,1131.0,0,28,31668.0,S01,North
2023-04-04,P402,Cotton Bedsheet,Home,13841.67,20,23,254686.73,S04,South
2023-04-04,P502,Hair Serum,Beauty,1478.85,0,16,23661.6,S03,South
2023-04-04,P303,Whole Wheat Flour,Grocery,624.32,40,84,31465.73,S03,East
2023-04-04,P102,Laptop Pro,Electronics,54598.56,25,8,327591.36,S09,West
2023-04-04,P106,Bluetooth Speaker,Electronics,75321.14,10,10,677890.26,S03,West
2023-04-05,P403,Wall Clock,Home,3139.36,10,17,48032.21,S05,South
2023-04-05,P101,Smartphone X1,Electronics,32102.97,10,7,202248.71,S01,South
2023-04-05,P506,Perfume 100ml,Beauty,832.36,15,25,17687.65,S10,East
2023-04-05,P203,Denim Jeans,Fashion,2344.33,15,19,37860.93,S03,West
2023-04-05,P405,LED Desk Lamp,Home,10152.81,10,16,146200.46,S09,West
2023-04-05,P103,Wireless Earbuds,Electronics,39547.72,10,9,320336.53,S04,West
2023-04-05,P305,Green Tea Pack,Grocery,212.25,20,95,16131.0,S01,North
2023-04-05,P305,Green Tea Pack,Grocery,610.76,30,95,40615.54,S01,West
2023-04-05,P102,Laptop Pro,Electronics,56784.69,20,14,635988.53,S08,North
2023-04-05,P106,Bluetooth Speaker,Electronics,37284.95,0,6,223709.7,S09,East
2023-04-05,P305,Green Tea Pack,Grocery,395.19,0,60,23711.4,S10,East
2023-04-05,P501,Face Moisturizer,Beauty,1386.89,0,22,30511.58,S04,East
2023-04-05,P101,Smartphone X1,Electronics,41062.39,5,7,273064.89,S03,North
2023-04-05,P202,Women Kurti,Fashion,3928.79,40,34,80147.32,S04,East
2023-04-05,P403,Wall Clock,Home,5136.64,0,22,113006.08,S01,North
2023-04-05,P304,Organic Honey,Grocery,683.84,0,64,43765.76,S01,East
2023-04-05,P403,Wall Clock,Home,5363.12,30,18,67575.31,S10,East
2023-04-05,P503,Sunscreen SPF50,Beauty,706.43,30,34,16813.03,S06,South
2023-04-06,P205,Formal Blazer,Fashion,3794.02,20,35,106232.56,S01,North
2023-04-06,P202,Women Kurti,Fashion,1707.91,10,28,43039.33,S07,North
2023-04-06,P204,Sports Shoes,Fashion,4134.83,15,30,105438.16,S08,West
2023-04-06,P505,Body Lotion,Beauty,1980.03,5,26,48906.74,S08,North
2023-04-06,P504,Lipstick Set,Beauty,738.69,0,28,20683.32,S05,West
2023-04-06,P105,Tablet Z2,Electronics,22363.53,0,8,178908.24,S01,South
2023-04-06,P103,Wireless Earbuds,Electronics,35094.87,20,8,224607.17,S09,West
2023-04-06,P505,Body Lotion,Beauty,2809.84,5,35,93427.18,S04,South
2023-04-06,P105,Tablet Z2,Electronics,54762.32,30,14,536670.74,S06,West
2023-04-06,P204,Sports Shoes,Fashion,2571.74,40,24,37033.06,S09,East
2023-04-06,P406,Air Purifier,Home,11976.03,10,18,194011.69,S06,North
2023-04-06,P101,Smartphone X1,Electronics,34372.02,0,9,309348.18,S07,East
2023-04-06,P201,Men Casual Shirt,Fashion,821.06,20,27,17734.9,S09,North
2023-04-06,P304,Organic Honey,Grocery,182.36,25,72,9847.44,S05,West
2023-04-06,P204,Sports Shoes,Fashion,1827.16,15,29,45039.49,S01,West
2023-04-06,P504,Lipstick Set,Beauty,1099.68,30,36,27711.94,S10,West
2023-04-06,P303,Whole Wheat Flour,Grocery,101.56,25,101,7693.17,S01,South
2023-04-06,P206,Summer Dress,Fashion,1971.85,10,21,37267.96,S02,South
2023-04-06,P103,Wireless Earbuds,Electronics,11048.74,5,6,62977.82,S03,East
2023-04-06,P205,Formal Blazer,Fashion,2003.9,0,28,56109.2,S10,North
2023-04-07,P502,Hair Serum,Beauty,410.83,0,21,8627.43,S09,East
2023-04-07,P401,Stainless Steel Cookware,Home,3329.25,10,16,47941.2,S02,West
2023-04-07,P504,Lipstick Set,Beauty,2191.63,0,24,52599.12,S09,West
2023-04-07,P501,Face Moisturizer,Beauty,861.47,15,37,27093.23,S06,East
2023-04-07,P201,Men Casual Shirt,Fashion,3699.49,25,31,86013.14,S04,South
2023-04-07,P403,Wall Clock,Home,5532.68,5,21,110376.97,S01,South
2023-04-07,P502,Hair Serum,Beauty,2999.87,40,41,73796.8,S07,West
2023-04-07,P103,Wireless Earbuds,Electronics,37927.29,20,7,212392.82,S07,South
2023-04-07,P302,Sunflower Oil 1L,Grocery,713.54,0,72,51374.88,S06,South
2023-04-07,P106,Bluetooth Speaker,Electronics,35039.13,15,8,238266.08,S07,East
2023-04-07,P203,Denim Jeans,Fashion,2612.07,20,39,81496.58,S01,North
2023-04-07,P406,Air Purifier,Home,651.79,40,24,9385.78,S04,South
2023-04-07,P104,Smart TV 43,Electronics,66646.19,10,5,299907.86,S05,East
2023-04-07,P301,Basmati Rice 5kg,Grocery,192.73,0,42,8094.66,S09,South
2023-04-07,P302,Sunflower Oil 1L,Grocery,486.42,0,50,24321.0,S03,North
2023-04-07,P205,Formal Blazer,Fashion,4214.17,15,25,89551.11,S08,East
2023-04-08,P204,Sports Shoes,Fashion,2459.68,0,26,63951.68,S04,South
2023-04-08,P402,Cotton Bedsheet,Home,3709.75,40,34,75678.9,S10,South
2023-04-08,P501,Face Moisturizer,Beauty,1002.07,5,37,35222.76,S08,East
2023-04-08,P501,Face Moisturizer,Beauty,963.74,10,43,37296.74,S04,West
2023-04-08,P205,Formal Blazer,Fashion,3148.91,10,45,127530.85,S01,West
2023-04-08,P106,Bluetooth Speaker,Electronics,74971.98,15,12,764714.2,S03,North
2023-04-08,P302,Sunflower Oil 1L,Grocery,782.04,25,158,92671.74,S10,South
2023-04-08,P103,Wireless Earbuds,Electronics,72478.14,20,13,753772.66,S04,East
2023-04-08,P503,Sunscreen SPF50,Beauty,1742.64,20,37,51582.14,S05,North
2023-04-08,P202,Women Kurti,Fashion,2357.83,40,54,76393.69,S06,East
2023-04-08,P103,Wireless Earbuds,Electronics,33489.83,15,16,455461.69,S03,North
2023-04-08,P106,Bluetooth Speaker,Electronics,17831.88,15,10,151570.98,S09,East
2023-04-08,P102,Laptop Pro,Electronics,70848.18,5,15,1009586.56,S01,East
2023-04-09,P105,Tablet Z2,Electronics,13600.31,15,12,138723.16,S09,North
2023-04-09,P205,Formal Blazer,Fashion,3756.17,0,31,116441.27,S04,North
2023-04-09,P204,Sports Shoes,Fashion,4425.44,20,42,148694.78,S10,North
2023-04-09,P303,Whole Wheat Flour,Grocery,283.62,0,55,15599.1,S02,South
2023-04-09,P403,Wall Clock,Home,12745.41,0,23,293144.43,S01,North
2023-04-09,P303,Whole Wheat Flour,Grocery,780.47,15,66,43784.37,S09,South
2023-04-10,P404,Wooden Bookshelf,Home,10803.18,20,23,198778.51,S06,West
2023-04-10,P101,Smartphone X1,Electronics,64453.11,0,11,708984.21,S01,East
2023-04-10,P306,Mixed Nuts 500g,Grocery,457.28,10,56,23046.91,S07,South
2023-04-10,P306,Mixed Nuts 500g,Grocery,540.6,5,1,513.57,S05,East
2023-04-10,P505,Body Lotion,Beauty,1711.96,5,21,34153.6,S07,East
2023-04-10,P502,Hair Serum,Beauty,1688.42,40,45,45587.34,S05,North
2023-04-10,P102,Laptop Pro,Electronics,72490.59,5,11,757526.67,S08,South
2023-04-10,P406,Air Purifier,Home,6386.69,0,11,70253.59,S07,East
2023-04-10,P102,Laptop Pro,Electronics,44252.81,10,9,358447.76,S08,South
2023-04-10,P302,Sunflower Oil 1L,Grocery,189.18,20,70,10594.08,S02,East
2023-04-10,P101,Smartphone X1,Electronics,48953.37,0,9,440580.33,S02,West
2023-04-10,P401,Stainless Steel Cookware,Home,12807.37,0,13,166495.81,S02,South
2023-04-11,P106,Bluetooth Speaker,Electronics,77581.71,5,8,589621.0,S09,North
2023-04-11,P202,Women Kurti,Fashion,3937.95,10,32,113412.96,S05,West
2023-04-11,P301,Basmati Rice 5kg,Grocery,173.56,40,133,13850.09,S01,North
2023-04-11,P403,Wall Clock,Home,3451.97,0,17,58683.49,S04,West
2023-04-11,P204,Sports Shoes,Fashion,1899.09,20,21,31904.71,S10,West
2023-04-11,P203,Denim Jeans,Fashion,2976.15,10,29,77677.52,S04,South
2023-04-11,P305,Green Tea Pack,Grocery,167.36,20,60,8033.28,S03,West
2023-04-11,P102,Laptop Pro,Electronics,56101.74,10,6,302949.4,S09,North
2023-04-11,P404,Wooden Bookshelf,Home,13579.92,40,27,219994.7,S06,West
2023-04-11,P503,Sunscreen SPF50,Beauty,591.79,5,36,20239.22,S01,West
2023-04-11,P506,Perfume 100ml,Beauty,2482.28,10,25,55851.3,S05,West
2023-04-11,P304,Organic Honey,Grocery,424.29,30,117,34749.35,S04,North
2023-04-11,P506,Perfume 100ml,Beauty,2989.44,5,27,76679.14,S05,North
2023-04-11,P404,Wooden Bookshelf,Home,8465.61,0,17,143915.37,S04,North
2023-04-11,P506,Perfume 100ml,Beauty,2201.25,15,30,56131.88,S03,South
2023-04-11,P403,Wall Clock,Home,341.33,0,14,4778.62,S10,East
2023-04-11,P202,Women Kurti,Fashion,1392.48,10,27,33837.26,S01,West
2023-04-12,P203,Denim Jeans,Fashion,4044.75,0,17,68760.75,S02,East
2023-04-12,P104,Smart TV 43,Electronics,44806.28,40,15,403256.52,S06,South
2023-04-12,P406,Air Purifier,Home,8828.33,0,14,123596.62,S02,South
2023-04-12,P402,Cotton Bedsheet,Home,7943.95,15,17,114790.08,S07,West
2023-04-12,P403,Wall Clock,Home,13672.29,5,21,272762.19,S04,North
2023-04-12,P105,Tablet Z2,Electronics,25515.16,15,11,238566.75,S10,East
2023-04-12,P402,Cotton Bedsheet,Home,6162.26,25,27,124785.77,S01,West
2023-04-12,P202,Women Kurti,Fashion,4776.97,15,23,93389.76,S08,East
2023-04-12,P206,Summer Dress,Fashion,3404.01,0,26,88504.26,S04,East
2023-04-12,P505,Body Lotion,Beauty,905.27,10,21,17109.6,S07,East
2023-04-12,P303,Whole Wheat Flour,Grocery,743.85,20,64,38085.12,S09,West
2023-04-12,P206,Summer Dress,Fashion,4129.29,10,26,96625.39,S10,East
2023-04-12,P104,Smart TV 43,Electronics,70398.59,40,11,464630.69,S02,South
2023-04-12,P305,Green Tea Pack,Grocery,348.6,5,91,30136.47,S06,North
2023-04-13,P105,Tablet Z2,Electronics,12331.61,10,10,110984.49,S04,East
2023-04-13,P202,Women Kurti,Fashion,582.5,20,20,9320.0,S05,West
2023-04-13,P302,Sunflower Oil 1L,Grocery,294.35,30,101,20810.55,S01,South
2023-04-13,P201,Men Casual Shirt,Fashion,2285.08,10,28,57584.02,S09,North
2023-04-13,P402,Cotton Bedsheet,Home,14960.66,10,18,242362.69,S10,South
2023-04-13,P205,Formal Blazer,Fashion,675.24,15,30,17218.62,S07,North
2023-04-13,P303,Whole Wheat Flour,Grocery,646.8,10,59,34345.08,S07,West
2023-04-13,P306,Mixed Nuts 500g,Grocery,418.0,10,77,28967.4,S06,West
2023-04-13,P406,Air Purifier,Home,7062.69,20,15,84752.28,S04,South
2023-04-13,P102,Laptop Pro,Electronics,58542.32,0,6,351253.92,S03,South
2023-04-13,P505,Body Lotion,Beauty,521.29,0,22,11468.38,S07,South
2023-04-13,P505,Body Lotion,Beauty,969.89,0,27,26187.03,S04,West
2023-04-13,P403,Wall Clock,Home,10281.64,0,14,143942.96,S08,North
2023-04-13,P104,Smart TV 43,Electronics,37608.92,0,10,376089.2,S08,West
2023-04-13,P201,Men Casual Shirt,Fashion,4405.5,10,34,134808.3,S06,North
2023-04-13,P301,Basmati Rice 5kg,Grocery,787.0,5,49,36634.85,S04,East
2023-04-13,P205,Formal Blazer,Fashion,4064.01,25,21,64008.16,S07,East
2023-04-13,P104,Smart TV 43,Electronics,4003.07,0,7,28021.49,S07,South
2023-04-13,P303,Whole Wheat Flour,Grocery,375.61,30,95,24978.07,S05,North
2023-04-13,P105,Tablet Z2,Electronics,61687.21,25,8,370123.26,S09,East
2023-04-14,P305,Green Tea Pack,Grocery,248.1,30,97,16845.99,S06,West
2023-04-14,P402,Cotton Bedsheet,Home,5581.0,5,18,95435.1,S05,West
2023-04-14,P305,Green Tea Pack,Grocery,401.89,30,98,27569.65,S02,North
2023-04-14,P105,Tablet Z2,Electronics,62798.13,20,11,552623.54,S10,North
2023-04-14,P405,LED Desk Lamp,Home,6879.05,0,14,96306.7,S04,South
2023-04-14,P203,Denim Jeans,Fashion,513.26,0,19,9751.94,S09,West
2023-04-14,P206,Summer Dress,Fashion,4000.86,0,31,124026.66,S08,North
2023-04-14,P501,Face Moisturizer,Beauty,809.73,0,29,23482.17,S08,North
2023-04-14,P401,Stainless Steel Cookware,Home,7440.95,25,16,89291.4,S09,East
2023-04-14,P403,Wall Clock,Home,9677.29,5,15,137901.38,S10,North
2023-04-14,P204,Sports Shoes,Fashion,2429.4,0,23,55876.2,S03,West
2023-04-14,P403,Wall Clock,Home,2607.28,10,17,39891.38,S08,East
2023-04-14,P402,Cotton Bedsheet,Home,9191.37,0,19,174636.03,S06,West
2023-04-14,P203,Denim Jeans,Fashion,1173.92,30,34,27939.3,S06,West
2023-04-14,P504,Lipstick Set,Beauty,2936.98,5,41,114395.37,S01,East
2023-04-14,P505,Body Lotion,Beauty,2852.52,25,32,68460.48,S01,West
2023-04-15,P401,Stainless Steel Cookware,Home,9288.42,15,24,189483.77,S06,South
2023-04-15,P104,Smart TV 43,Electronics,68104.56,25,13,664019.46,S02,East
2023-04-15,P303,Whole Wheat Flour,Grocery,290.06,0,90,26105.4,S04,South
2023-04-15,P201,Men Casual Shirt,Fashion,2474.69,20,47,93048.34,S02,North
2023-04-15,P402,Cotton Bedsheet,Home,5536.58,0,19,105195.02,S07,West
2023-04-15,P501,Face Moisturizer,Beauty,192.17,0,35,6725.95,S10,West
2023-04-15,P202,Women Kurti,Fashion,2132.07,5,35,70891.33,S05,West
2023-04-15,P202,Women Kurti,Fashion,4208.4,20,28,94268.16,S09,South
2023-04-15,P402,Cotton Bedsheet,Home,6549.8,5,25,155557.75,S03,West
2023-04-15,P203,Denim Jeans,Fashion,913.98,20,29,21204.34,S09,North
2023-04-15,P506,Perfume 100ml,Beauty,2253.0,20,33,59479.2,S09,South
2023-04-15,P201,Men Casual Shirt,Fashion,1513.97,0,30,45419.1,S01,West
2023-04-15,P204,Sports Shoes,Fashion,4652.13,0,22,102346.86,S07,South
2023-04-15,P203,Denim Jeans,Fashion,1535.23,0,26,39915.98,S01,West
2023-04-15,P102,Laptop Pro,Electronics,12825.87,5,14,170584.07,S06,North
2023-04-15,P304,Organic Honey,Grocery,715.41,5,98,66604.67,S09,South
2023-04-16,P504,Lipstick Set,Beauty,2745.28,0,35,96084.8,S03,North
2023-04-16,P101,Smartphone X1,Electronics,4056.46,10,13,47460.58,S08,North
2023-04-16,P304,Organic Honey,Grocery,109.71,30,90,6911.73,S03,East
2023-04-16,P404,Wooden Bookshelf,Home,747.85,10,19,12788.24,S08,East
2023-04-16,P503,Sunscreen SPF50,Beauty,2259.23,5,31,66534.32,S10,West
2023-04-16,P301,Basmati Rice 5kg,Grocery,539.46,0,52,28051.92,S07,South
2023-04-17,P104,Smart TV 43,Electronics,30055.44,25,11,247957.38,S08,North
2023-04-17,P501,Face Moisturizer,Beauty,1597.52,0,29,46328.08,S05,West
2023-04-17,P404,Wooden Bookshelf,Home,4198.51,0,20,83970.2,S04,South
2023-04-17,P204,Sports Shoes,Fashion,3062.43,0,15,45936.45,S03,East
2023-04-17,P105,Tablet Z2,Electronics,60944.3,25,13,594206.93,S01,South
2023-04-17,P204,Sports Shoes,Fashion,2569.06,30,36,64740.31,S01,East
2023-04-17,P105,Tablet Z2,Electronics,6773.91,0,7,47417.37,S08,South
2023-04-17,P401,Stainless Steel Cookware,Home,11620.55,0,17,197549.35,S05,North
2023-04-17,P103,Wireless Earbuds,Electronics,23823.14,5,8,181055.86,S07,West
2023-04-17,P403,Wall Clock,Home,7882.42,0,15,118236.3,S07,North
2023-04-17,P206,Summer Dress,Fashion,3791.3,5,26,93645.11,S05,West
2023-04-17,P505,Body Lotion,Beauty,2004.54,5,32,60938.02,S04,South
2023-04-17,P301,Basmati Rice 5kg,Grocery,468.77,0,66,30938.82,S06,North
2023-04-17,P204,Sports Shoes,Fashion,1881.33,15,25,39978.26,S04,West
2023-04-18,P103,Wireless Earbuds,Electronics,69512.63,0,7,486588.41,S05,North
2023-04-18,P505,Body Lotion,Beauty,1277.31,0,26,33210.06,S09,North
2023-04-18,P506,Perfume 100ml,Beauty,621.19,25,27,12579.1,S04,East
2023-04-18,P203,Denim Jeans,Fashion,2846.31,40,28,47818.01,S05,West
2023-04-18,P202,Women Kurti,Fashion,3731.14,5,25,88614.57,S05,South
2023-04-18,P106,Bluetooth Speaker,Electronics,11828.54,15,9,90488.33,S08,South
2023-04-18,P305,Green Tea Pack,Grocery,667.13,10,68,40828.36,S10,South
2023-04-18,P304,Organic Honey,Grocery,719.85,25,109,58847.74,S06,South
2023-04-18,P402,Cotton Bedsheet,Home,10882.03,5,25,258448.21,S06,North
2023-04-18,P201,Men Casual Shirt,Fashion,3884.0,40,49,114189.6,S08,North
2023-04-18,P202,Women Kurti,Fashion,2513.54,5,17,40593.67,S07,South
2023-04-18,P302,Sunflower Oil 1L,Grocery,262.95,10,61,14435.95,S07,East
2023-04-18,P201,Men Casual Shirt,Fashion,3908.68,5,28,103970.89,S02,West
2023-04-19,P306,Mixed Nuts 500g,Grocery,291.39,25,100,21854.25,S01,East
2023-04-19,P104,Smart TV 43,Electronics,6922.59,5,8,52611.68,S10,South
2023-04-19,P403,Wall Clock,Home,4851.77,25,27,98248.34,S06,West
2023-04-19,P403,Wall Clock,Home,4975.53,0,14,69657.42,S02,South
2023-04-19,P105,Tablet Z2,Electronics,77235.22,30,6,324387.92,S09,North
2023-04-19,P303,Whole Wheat Flour,Grocery,280.86,0,57,16009.02,S09,North
2023-04-19,P404,Wooden Bookshelf,Home,10230.62,10,11,101283.14,S03,South
2023-04-19,P505,Body Lotion,Beauty,245.13,10,16,3529.87,S03,East
2023-04-19,P506,Perfume 100ml,Beauty,1160.83,30,30,24377.43,S07,East
2023-04-19,P501,Face Moisturizer,Beauty,187.54,10,29,4894.79,S08,South
2023-04-19,P406,Air Purifier,Home,7629.16,30,15,80106.18,S10,North
2023-04-19,P401,Stainless Steel Cookware,Home,9906.86,10,24,213988.18,S06,North
2023-04-19,P103,Wireless Earbuds,Electronics,29660.81,10,7,186863.1,S04,East
2023-04-19,P504,Lipstick Set,Beauty,1975.44,5,27,50670.04,S03,South
2023-04-19,P404,Wooden Bookshelf,Home,9656.64,5,16,146780.93,S05,West
2023-04-20,P203,Denim Jeans,Fashion,1722.15,40,37,38231.73,S09,North
2023-04-20,P501,Face Moisturizer,Beauty,900.53,0,34,30618.02,S01,East
2023-04-20,P305,Green Tea Pack,Grocery,487.14,15,85,35195.86,S02,South
2023-04-20,P306,Mixed Nuts 500g,Grocery,416.34,15,72,25480.01,S05,East
2023-04-20,P201,Men Casual Shirt,Fashion,941.07,0,19,17880.33,S07,South
2023-04-20,P406,Air Purifier,Home,3994.86,0,15,59922.9,S07,West
2023-04-20,P202,Women Kurti,Fashion,4214.77,30,32,94410.85,S10,East
2023-04-20,P305,Green Tea Pack,Grocery,772.56,20,122,75401.86,S01,West
2023-04-20,P406,Air Purifier,Home,8846.78,0,17,150395.26,S01,West
2023-04-20,P502,Hair Serum,Beauty,2981.14,0,16,47698.24,S09,West
2023-04-20,P104,Smart TV 43,Electronics,53954.43,25,11,445124.05,S05,North
2023-04-20,P405,LED Desk Lamp,Home,4534.18,0,12,54410.16,S07,South
2023-04-20,P405,LED Desk Lamp,Home,4882.61,5,16,74215.67,S02,North
2023-04-20,P305,Green Tea Pack,Grocery,474.08,40,99,28160.35,S02,East
2023-04-20,P201,Men Casual Shirt,Fashion,1866.6,10,32,53758.08,S04,West
2023-04-20,P401,Stainless Steel Cookware,Home,8285.02,10,13,96934.73,S02,East
2023-04-20,P204,Sports Shoes,Fashion,1519.28,5,28,40412.85,S01,South
2023-04-20,P201,Men Casual Shirt,Fashion,605.31,25,27,12257.53,S03,East
2023-04-20,P206,Summer Dress,Fashion,504.96,25,25,9468.0,S09,North
2023-04-21,P101,Smartphone X1,Electronics,73032.59,30,13,664596.57,S06,West
2023-04-21,P502,Hair Serum,Beauty,1176.41,20,16,15058.05,S07,North
2023-04-21,P404,Wooden Bookshelf,Home,3096.63,15,16,42114.17,S03,South
2023-04-21,P102,Laptop Pro,Electronics,70144.31,40,16,673385.38,S06,South
2023-04-21,P305,Green Tea Pack,Grocery,621.95,25,119,55509.04,S06,North
2023-04-21,P204,Sports Shoes,Fashion,4601.3,0,22,101228.6,S08,South
2023-04-21,P301,Basmati Rice 5kg,Grocery,680.04,30,93,44270.6,S02,South
2023-04-21,P504,Lipstick Set,Beauty,305.85,0,21,6422.85,S03,East
2023-04-21,P302,Sunflower Oil 1L,Grocery,171.32,5,68,11067.27,S03,North
2023-04-21,P505,Body Lotion,Beauty,1411.88,40,35,29649.48,S04,East
2023-04-21,P305,Green Tea Pack,Grocery,485.0,0,77,37345.0,S01,North
2023-04-21,P504,Lipstick Set,Beauty,2644.48,5,27,67830.91,S10,West
2023-04-21,P504,Lipstick Set,Beauty,1744.71,10,21,32975.02,S07,South
2023-04-22,P103,Wireless Earbuds,Electronics,31849.23,10,9,257978.76,S09,North
2023-04-22,P102,Laptop Pro,Electronics,13991.7,0,15,209875.5,S04,North
2023-04-22,P101,Smartphone X1,Electronics,51926.06,0,9,467334.54,S10,North
2023-04-22,P105,Tablet Z2,Electronics,33237.73,5,15,473637.65,S05,North
2023-04-22,P302,Sunflower Oil 1L,Grocery,150.52,5,62,8865.63,S07,East
2023-04-22,P304,Organic Honey,Grocery,68.88,5,68,4449.65,S07,South
2023-04-22,P206,Summer Dress,Fashion,1996.91,30,55,76881.04,S01,South
2023-04-22,P105,Tablet Z2,Electronics,41860.77,5,12,477212.78,S08,North
2023-04-22,P304,Organic Honey,Grocery,746.91,0,72,53777.52,S02,West
2023-04-22,P302,Sunflower Oil 1L,Grocery,672.81,5,73,46659.37,S09,South
2023-04-22,P206,Summer Dress,Fashion,2679.78,0,25,66994.5,S04,East
2023-04-22,P306,Mixed Nuts 500g,Grocery,137.21,5,90,11731.45,S03,South
2023-04-22,P202,Women Kurti,Fashion,759.37,5,30,21642.04,S01,South
2023-04-22,P406,Air Purifier,Home,6703.84,0,28,187707.52,S05,South
2023-04-22,P206,Summer Dress,Fashion,1840.58,40,43,47486.96,S04,East
2023-04-23,P505,Body Lotion,Beauty,1854.39,0,36,66758.04,S06,South
2023-04-23,P305,Green Tea Pack,Grocery,111.17,10,116,11606.15,S05,North
2023-04-23,P105,Tablet Z2,Electronics,66854.07,0,9,601686.63,S07,North
2023-04-23,P404,Wooden Bookshelf,Home,734.16,25,20,11012.4,S09,East
2023-04-23,P202,Women Kurti,Fashion,1120.42,30,38,29803.17,S09,North
2023-04-23,P301,Basmati Rice 5kg,Grocery,576.67,10,87,45153.26,S04,West
2023-04-23,P401,Stainless Steel Cookware,Home,2303.15,15,26,50899.61,S03,South
2023-04-23,P201,Men Casual Shirt,Fashion,1553.76,15,41,54148.54,S08,South
2023-04-23,P201,Men Casual Shirt,Fashion,2268.27,10,35,71450.51,S08,East
2023-04-23,P404,Wooden Bookshelf,Home,8451.96,0,18,152135.28,S02,West
2023-04-23,P204,Sports Shoes,Fashion,3702.62,10,34,113300.17,S02,West
2023-04-23,P506,Perfume 100ml,Beauty,2174.24,40,51,66531.74,S07,South
2023-04-23,P104,Smart TV 43,Electronics,22518.41,0,12,270220.92,S07,West
2023-04-23,P202,Women Kurti,Fashion,1491.7,25,44,49226.1,S08,West
2023-04-23,P303,Whole Wheat Flour,Grocery,458.13,0,119,54517.47,S04,West
2023-04-23,P104,Smart TV 43,Electronics,56685.86,30,22,872962.24,S06,South
2023-04-24,P105,Tablet Z2,Electronics,6569.87,30,9,41390.18,S03,South
2023-04-24,P305,Green Tea Pack,Grocery,178.05,10,85,13620.83,S10,North
2023-04-24,P302,Sunflower Oil 1L,Grocery,240.06,20,61,11714.93,S10,West
2023-04-24,P506,Perfume 100ml,Beauty,2853.39,20,27,61633.22,S08,South
2023-04-24,P105,Tablet Z2,Electronics,70117.93,5,7,466284.23,S05,South
2023-04-24,P103,Wireless Earbuds,Electronics,27687.66,25,11,228423.2,S02,East
2023-04-24,P405,LED Desk Lamp,Home,10566.99,15,18,161674.95,S08,East
2023-04-24,P404,Wooden Bookshelf,Home,3383.96,5,21,67510.0,S06,South
2023-04-24,P104,Smart TV 43,Electronics,52051.15,0,9,468460.35,S05,West
2023-04-24,P105,Tablet Z2,Electronics,64186.21,20,12,616187.62,S01,North
2023-04-24,P402,Cotton Bedsheet,Home,14662.25,40,22,193541.7,S02,East
2023-04-24,P501,Face Moisturizer,Beauty,451.82,0,41,18524.62,S01,North
2023-04-24,P401,Stainless Steel Cookware,Home,13080.56,10,20,235450.08,S08,West
2023-04-24,P204,Sports Shoes,Fashion,4288.9,0,24,102933.6,S08,East
2023-04-24,P502,Hair Serum,Beauty,505.99,40,35,10625.79,S05,North
2023-04-24,P504,Lipstick Set,Beauty,2691.9,30,31,58414.23,S03,South
2023-04-25,P201,Men Casual Shirt,Fashion,692.96,40,33,13720.61,S07,South
2023-04-25,P502,Hair Serum,Beauty,808.72,10,25,18196.2,S10,North
2023-04-25,P401,Stainless Steel Cookware,Home,8377.37,20,19,127336.02,S07,North
2023-04-25,P106,Bluetooth Speaker,Electronics,18319.9,30,12,153887.16,S04,North
2023-04-25,P106,Bluetooth Speaker,Electronics,27834.52,40,13,217109.26,S01,South
2023-04-25,P105,Tablet Z2,Electronics,46670.73,0,6,280024.38,S09,South
2023-04-25,P401,Stainless Steel Cookware,Home,12090.49,10,22,239391.7,S01,West
2023-04-25,P103,Wireless Earbuds,Electronics,79347.02,25,9,535592.39,S03,East
2023-04-25,P106,Bluetooth Speaker,Electronics,52807.09,5,7,351167.15,S06,East
2023-04-25,P401,Stainless Steel Cookware,Home,1773.25,30,22,27308.05,S03,North
2023-04-25,P404,Wooden Bookshelf,Home,5918.2,10,12,63916.56,S09,North
2023-04-25,P202,Women Kurti,Fashion,1641.69,20,23,30207.1,S03,West
2023-04-25,P203,Denim Jeans,Fashion,938.19,15,24,19139.08,S09,West
2023-04-25,P306,Mixed Nuts 500g,Grocery,507.0,5,79,38050.35,S01,South
2023-04-26,P306,Mixed Nuts 500g,Grocery,267.55,15,88,20012.74,S04,North
2023-04-26,P205,Formal Blazer,Fashion,4518.56,5,38,163120.02,S06,North
2023-04-26,P502,Hair Serum,Beauty,877.94,0,25,21948.5,S10,South
2023-04-26,P205,Formal Blazer,Fashion,2147.41,10,19,36720.71,S09,South
2023-04-26,P306,Mixed Nuts 500g,Grocery,138.84,15,80,9441.12,S10,West
2023-04-26,P106,Bluetooth Speaker,Electronics,20771.97,0,6,124631.82,S07,North
2023-04-26,P101,Smartphone X1,Electronics,40899.55,10,12,441715.14,S01,South
2023-04-26,P504,Lipstick Set,Beauty,174.0,5,28,4628.4,S05,North
2023-04-26,P404,Wooden Bookshelf,Home,11105.45,25,17,141594.49,S09,West
2023-04-26,P305,Green Tea Pack,Grocery,303.41,25,100,22755.75,S08,West
2023-04-26,P102,Laptop Pro,Electronics,69762.68,5,10,662745.46,S10,South
2023-04-26,P403,Wall Clock,Home,12747.25,0,13,165714.25,S07,West
2023-04-27,P402,Cotton Bedsheet,Home,869.83,10,18,14091.25,S03,West
2023-04-27,P106,Bluetooth Speaker,Electronics,26261.56,0,8,210092.48,S05,South
2023-04-27,P105,Tablet Z2,Electronics,67074.79,0,9,603673.11,S04,West
2023-04-27,P402,Cotton Bedsheet,Home,8347.83,5,14,111026.14,S07,East
2023-04-27,P205,Formal Blazer,Fashion,759.3,15,25,16135.12,S04,North
2023-04-27,P303,Whole Wheat Flour,Grocery,660.3,40,70,27732.6,S08,South
2023-04-27,P404,Wooden Bookshelf,Home,12568.48,40,19,143280.67,S08,East
2023-04-28,P504,Lipstick Set,Beauty,1282.81,10,31,35790.4,S04,West
2023-04-28,P401,Stainless Steel Cookware,Home,2498.27,10,11,24732.87,S10,West
2023-04-28,P406,Air Purifier,Home,13210.8,40,26,206088.48,S04,North
2023-04-28,P204,Sports Shoes,Fashion,3872.28,0,16,61956.48,S09,South
2023-04-28,P506,Perfume 100ml,Beauty,1409.51,5,33,44188.14,S04,West
2023-04-28,P405,LED Desk Lamp,Home,13568.1,10,12,146535.48,S03,West
2023-04-28,P401,Stainless Steel Cookware,Home,4660.11,20,170,633774.96,S08,East
2023-04-28,P506,Perfume 100ml,Beauty,856.33,0,25,21408.25,S05,East
2023-04-28,P506,Perfume 100ml,Beauty,2013.3,10,30,54359.1,S10,West
2023-04-29,P201,Men Casual Shirt,Fashion,1477.73,5,32,44922.99,S04,West
2023-04-29,P102,Laptop Pro,Electronics,39146.09,15,15,499112.65,S08,West
2023-04-29,P506,Perfume 100ml,Beauty,2699.2,15,60,137659.2,S01,West
2023-04-29,P106,Bluetooth Speaker,Electronics,46493.46,25,17,592791.61,S05,South
2023-04-29,P302,Sunflower Oil 1L,Grocery,429.91,10,85,32888.11,S06,East
2023-04-29,P104,Smart TV 43,Electronics,6781.94,15,14,80705.09,S01,West
2023-04-29,P306,Mixed Nuts 500g,Grocery,498.91,10,87,39064.65,S04,East
2023-04-30,P101,Smartphone X1,Electronics,45307.97,0,9,407771.73,S07,South
2023-04-30,P505,Body Lotion,Beauty,2543.25,10,39,89268.07,S08,East
2023-04-30,P304,Organic Honey,Grocery,189.59,10,76,12967.96,S03,East
2023-04-30,P204,Sports Shoes,Fashion,312.63,25,39,9144.43,S10,West
2023-04-30,P201,Men Casual Shirt,Fashion,1764.4,10,35,55578.6,S08,East
2023-04-30,P306,Mixed Nuts 500g,Grocery,330.8,40,161,31955.28,S03,North
2023-04-30,P104,Smart TV 43,Electronics,40261.58,30,15,422746.59,S06,North
2023-04-30,P201,Men Casual Shirt,Fashion,1887.88,10,29,49273.67,S05,West
2023-04-30,P504,Lipstick Set,Beauty,1066.15,10,28,26866.98,S03,East
2023-04-30,P503,Sunscreen SPF50,Beauty,2113.16,10,31,58957.16,S09,East
2023-04-30,P403,Wall Clock,Home,2678.47,10,22,53033.71,S03,West
2023-04-30,P302,Sunflower Oil 1L,Grocery,648.86,15,85,46880.13,S09,West
2023-04-30,P201,Men Casual Shirt,Fashion,4449.4,40,43,114794.52,S03,North
2023-04-30,P502,Hair Serum,Beauty,1412.02,0,34,48008.68,S07,West
2023-04-30,P405,LED Desk Lamp,Home,14555.07,10,20,261991.26,S02,East
2023-05-01,P202,Women Kurti,Fashion,2052.25,5,24,46791.3,S08,South
2023-05-01,P304,Organic Honey,Grocery,242.54,10,64,13970.3,S03,North
2023-05-01,P402,Cotton Bedsheet,Home,9882.01,10,19,168982.37,S04,West
2023-05-01,P202,Women Kurti,Fashion,997.41,5,26,24636.03,S09,West
2023-05-01,P401,Stainless Steel Cookware,Home,9989.92,40,14,83915.33,S07,East
2023-05-01,P406,Air Purifier,Home,12385.02,10,19,211783.84,S04,South
2023-05-01,P504,Lipstick Set,Beauty,1307.93,5,28,34790.94,S02,East
2023-05-01,P503,Sunscreen SPF50,Beauty,2388.74,0,27,64495.98,S07,South
2023-05-01,P502,Hair Serum,Beauty,1515.86,0,32,48507.52,S04,West
2023-05-01,P306,Mixed Nuts 500g,Grocery,57.85,10,66,3436.29,S06,West
2023-05-01,P106,Bluetooth Speaker,Electronics,62322.03,15,11,582710.98,S09,West
2023-05-01,P204,Sports Shoes,Fashion,4585.44,0,17,77952.48,S09,East
2023-05-01,P404,Wooden Bookshelf,Home,2773.94,5,15,39528.64,S01,West
2023-05-01,P401,Stainless Steel Cookware,Home,7951.69,20,19,120865.69,S08,West
2023-05-01,P203,Denim Jeans,Fashion,3395.04,10,22,67221.79,S08,West
2023-05-01,P302,Sunflower Oil 1L,Grocery,528.21,10,82,38981.9,S02,South
2023-05-01,P103,Wireless Earbuds,Electronics,33621.19,5,11,351341.44,S06,West
2023-05-01,P103,Wireless Earbuds,Electronics,22200.18,15,9,169831.38,S02,West
2023-05-01,P401,Stainless Steel Cookware,Home,14403.28,20,23,265020.35,S04,West
2023-05-01,P501,Face Moisturizer,Beauty,2601.92,20,28,58283.01,S10,East
2023-05-02,P106,Bluetooth Speaker,Electronics,3980.87,0,7,27866.09,S07,East
2023-05-02,P201,Men Casual Shirt,Fashion,972.86,0,24,23348.64,S04,North
2023-05-02,P103,Wireless Earbuds,Electronics,36292.99,20,7,203240.74,S09,East
2023-05-02,P204,Sports Shoes,Fashion,2563.13,15,44,95861.06,S06,North
2023-05-02,P103,Wireless Earbuds,Electronics,75139.64,5,9,642443.92,S06,South
2023-05-02,P103,Wireless Earbuds,Electronics,5445.3,40,14,45740.52,S10,South
2023-05-02,P205,Formal Blazer,Fashion,3720.93,5,27,95441.85,S07,South
2023-05-02,P103,Wireless Earbuds,Electronics,28033.11,30,13,255101.3,S01,South
2023-05-02,P502,Hair Serum,Beauty,2610.55,5,38,94240.86,S10,North
2023-05-02,P405,LED Desk Lamp,Home,5287.16,25,23,91203.51,S10,East
2023-05-02,P305,Green Tea Pack,Grocery,199.58,5,53,10048.85,S05,West
2023-05-02,P202,Women Kurti,Fashion,1671.66,30,40,46806.48,S01,South
2023-05-02,P202,Women Kurti,Fashion,2803.01,40,43,72317.66,S04,South
2023-05-03,P103,Wireless Earbuds,Electronics,21857.13,40,12,157371.34,S07,East
2023-05-03,P101,Smartphone X1,Electronics,2110.38,15,13,23319.7,S03,West
2023-05-03,P403,Wall Clock,Home,3425.6,10,17,52411.68,S07,West
2023-05-03,P105,Tablet Z2,Electronics,76293.5,40,12,549313.2,S05,East
2023-05-03,P303,Whole Wheat Flour,Grocery,514.59,40,82,25317.83,S10,East
2023-05-03,P204,Sports Shoes,Fashion,2591.41,25,27,52476.05,S09,North
2023-05-03,P502,Hair Serum,Beauty,1472.17,10,28,37098.68,S07,West
2023-05-03,P206,Summer Dress,Fashion,3886.56,15,32,105714.43,S10,West
2023-05-03,P105,Tablet Z2,Electronics,34540.11,10,10,310860.99,S01,South
2023-05-03,P506,Perfume 100ml,Beauty,509.94,25,34,13003.47,S03,North
2023-05-03,P401,Stainless Steel Cookware,Home,3555.3,25,18,47996.55,S10,East
2023-05-03,P401,Stainless Steel Cookware,Home,5998.07,25,21,94469.6,S10,South
2023-05-03,P402,Cotton Bedsheet,Home,8799.94,40,33,174238.81,S01,North
2023-05-03,P303,Whole Wheat Flour,Grocery,692.47,15,96,56505.55,S02,South
2023-05-04,P103,Wireless Earbuds,Electronics,18989.59,10,9,153815.68,S05,South
2023-05-04,P205,Formal Blazer,Fashion,2173.99,0,21,45653.79,S09,North
2023-05-04,P406,Air Purifier,Home,11295.3,10,14,142320.78,S10,East
2023-05-04,P406,Air Purifier,Home,3893.79,40,18,42052.93,S07,South
2023-05-04,P303,Whole Wheat Flour,Grocery,703.12,15,94,56179.29,S06,West
2023-05-04,P402,Cotton Bedsheet,Home,9336.47,20,19,141914.34,S05,West
2023-05-04,P303,Whole Wheat Flour,Grocery,208.47,10,76,14259.35,S01,South
2023-05-04,P304,Organic Honey,Grocery,528.78,40,136,43148.45,S10,North
2023-05-04,P403,Wall Clock,Home,4841.02,0,12,58092.24,S08,South
2023-05-04,P502,Hair Serum,Beauty,211.87,0,32,6779.84,S04,West
2023-05-04,P104,Smart TV 43,Electronics,10781.77,40,12,77628.74,S03,North
2023-05-04,P306,Mixed Nuts 500g,Grocery,794.44,5,90,67924.62,S06,North
2023-05-04,P203,Denim Jeans,Fashion,1200.24,40,39,28085.62,S02,South
2023-05-04,P206,Summer Dress,Fashion,2588.45,20,36,74547.36,S07,West
2023-05-04,P205,Formal Blazer,Fashion,3378.29,10,30,91213.83,S08,East
2023-05-04,P102,Laptop Pro,Electronics,53841.99,15,11,503422.61,S02,South
2023-05-05,P501,Face Moisturizer,Beauty,909.89,0,38,34575.82,S02,West
2023-05-05,P403,Wall Clock,Home,12587.26,0,13,163634.38,S10,North
2023-05-05,P402,Cotton Bedsheet,Home,14260.59,15,12,145458.02,S08,East
2023-05-05,P404,Wooden Bookshelf,Home,1131.12,15,17,16344.68,S03,North
2023-05-05,P205,Formal Blazer,Fashion,1970.83,10,25,44343.68,S03,West
2023-05-05,P402,Cotton Bedsheet,Home,6019.38,25,17,76747.1,S06,North
2023-05-05,P204,Sports Shoes,Fashion,3766.81,0,27,101703.87,S08,South
2023-05-05,P202,Women Kurti,Fashion,483.59,10,29,12621.7,S08,North
2023-05-05,P504,Lipstick Set,Beauty,2244.56,0,18,40402.08,S09,North
2023-05-05,P105,Tablet Z2,Electronics,72364.35,5,9,618715.19,S03,North
2023-05-05,P203,Denim Jeans,Fashion,1721.11,5,25,40876.36,S09,East
2023-05-05,P306,Mixed Nuts 500g,Grocery,482.64,30,80,27027.84,S10,South
2023-05-05,P505,Body Lotion,Beauty,621.96,25,33,15393.51,S05,East
2023-05-05,P101,Smartphone X1,Electronics,31324.76,30,9,197345.99,S10,South
2023-05-06,P301,Basmati Rice 5kg,Grocery,235.86,0,85,20048.1,S05,South
2023-05-06,P102,Laptop Pro,Electronics,45199.78,0,13,587597.14,S01,West
2023-05-06,P102,Laptop Pro,Electronics,71779.17,0,11,789570.87,S05,East
2023-05-06,P402,Cotton Bedsheet,Home,4737.85,10,17,72489.11,S09,West
2023-05-06,P502,Hair Serum,Beauty,2899.23,30,29,58854.37,S10,East
2023-05-06,P104,Smart TV 43,Electronics,74082.27,10,12,800088.52,S01,South
2023-05-06,P403,Wall Clock,Home,13375.03,20,25,267500.6,S09,North
2023-05-06,P305,Green Tea Pack,Grocery,211.14,10,85,16152.21,S10,South
2023-05-06,P402,Cotton Bedsheet,Home,12049.52,0,17,204841.84,S10,South
2023-05-06,P401,Stainless Steel Cookware,Home,948.56,10,23,19635.19,S04,North
2023-05-06,P403,Wall Clock,Home,1382.48,0,19,26267.12,S03,West
2023-05-06,P201,Men Casual Shirt,Fashion,4315.07,30,51,154048.0,S10,South
2023-05-06,P103,Wireless Earbuds,Electronics,73475.96,10,14,925797.1,S10,North
2023-05-06,P406,Air Purifier,Home,12128.03,0,23,278944.69,S04,South
2023-05-06,P102,Laptop Pro,Electronics,25635.26,5,10,243534.97,S05,East
2023-05-06,P204,Sports Shoes,Fashion,2704.91,10,0,0.0,S03,East
2023-05-06,P505,Body Lotion,Beauty,2017.68,5,61,116924.56,S04,West
2023-05-06,P304,Organic Honey,Grocery,122.61,5,92,10716.11,S04,South
2023-05-07,P305,Green Tea Pack,Grocery,223.11,15,94,17826.49,S03,West
2023-05-07,P201,Men Casual Shirt,Fashion,3105.3,10,42,117380.34,S08,West
2023-05-07,P205,Formal Blazer,Fashion,749.04,10,46,31010.26,S05,West
2023-05-07,P301,Basmati Rice 5kg,Grocery,185.49,0,70,12984.3,S04,East
2023-05-07,P506,Perfume 100ml,Beauty,1658.54,15,35,49341.57,S05,West
2023-05-07,P205,Formal Blazer,Fashion,4039.04,10,41,149040.58,S08,North
2023-05-07,P204,Sports Shoes,Fashion,3013.45,25,50,113004.38,S08,North
2023-05-07,P403,Wall Clock,Home,9698.69,10,21,183305.24,S04,North
2023-05-07,P404,Wooden Bookshelf,Home,12575.0,15,32,342040.0,S10,West
2023-05-07,P401,Stainless Steel Cookware,Home,7538.08,10,18,122116.9,S09,South
2023-05-07,P402,Cotton Bedsheet,Home,2296.96,40,44,60639.74,S01,South
2023-05-07,P506,Perfume 100ml,Beauty,1385.81,30,51,49473.42,S03,South
2023-05-07,P203,Denim Jeans,Fashion,3228.02,40,62,120082.34,S05,West
2023-05-07,P306,Mixed Nuts 500g,Grocery,523.31,5,108,53691.61,S10,West
2023-05-07,P303,Whole Wheat Flour,Grocery,701.37,10,119,75116.73,S06,West
2023-05-07,P101,Smartphone X1,Electronics,15876.65,10,12,171467.82,S02,East
2023-05-07,P302,Sunflower Oil 1L,Grocery,469.81,0,59,27718.79,S03,North
2023-05-08,P403,Wall Clock,Home,6906.58,5,15,98418.76,S10,North
2023-05-08,P206,Summer Dress,Fashion,4468.5,10,28,112606.2,S07,West
2023-05-08,P202,Women Kurti,Fashion,378.17,0,33,12479.61,S01,South
2023-05-08,P502,Hair Serum,Beauty,1874.55,10,47,79293.46,S01,West
2023-05-08,P405,LED Desk Lamp,Home,11491.67,5,15,163756.3,S03,South
2023-05-08,P306,Mixed Nuts 500g,Grocery,525.43,10,74,34993.64,S02,North
2023-05-08,P505,Body Lotion,Beauty,2532.05,15,40,86089.7,S01,North
2023-05-08,P302,Sunflower Oil 1L,Grocery,405.78,10,40,14608.08,S07,South
2023-05-08,P304,Organic Honey,Grocery,55.7,10,64,3208.32,S07,West
2023-05-08,P501,Face Moisturizer,Beauty,2183.26,25,38,62222.91,S09,North
2023-05-08,P301,Basmati Rice 5kg,Grocery,489.23,15,112,46574.7,S06,North
2023-05-08,P401,Stainless Steel Cookware,Home,9732.94,25,21,153293.81,S03,North
2023-05-08,P502,Hair Serum,Beauty,569.7,40,30,10254.6,S05,South
2023-05-08,P401,Stainless Steel Cookware,Home,7346.12,25,19,104682.21,S07,East
2023-05-08,P505,Body Lotion,Beauty,2090.55,25,40,62716.5,S08,North
2023-05-08,P404,Wooden Bookshelf,Home,3678.62,0,18,66215.16,S08,North
2023-05-08,P101,Smartphone X1,Electronics,78805.14,5,7,524054.18,S07,East
2023-05-09,P405,LED Desk Lamp,Home,867.3,10,14,10927.98,S03,North
2023-05-09,P106,Bluetooth Speaker,Electronics,2899.21,40,11,19134.79,S05,East
2023-05-09,P503,Sunscreen SPF50,Beauty,1274.6,0,30,38238.0,S06,West
2023-05-09,P203,Denim Jeans,Fashion,1745.72,5,24,39802.42,S05,South
2023-05-09,P206,Summer Dress,Fashion,1289.69,10,25,29018.03,S05,North
2023-05-09,P106,Bluetooth Speaker,Electronics,32465.15,20,11,285693.32,S08,South
2023-05-09,P101,Smartphone X1,Electronics,4586.93,10,7,28897.66,S09,East
2023-05-09,P406,Air Purifier,Home,12150.72,20,25,243014.4,S01,West
2023-05-09,P305,Green Tea Pack,Grocery,112.93,30,88,6956.49,S07,West
2023-05-09,P406,Air Purifier,Home,8754.47,5,19,158018.18,S07,North
2023-05-09,P202,Women Kurti,Fashion,3546.85,0,24,85124.4,S02,West
2023-05-09,P105,Tablet Z2,Electronics,17835.13,25,9,120387.13,S07,West
2023-05-09,P104,Smart TV 43,Electronics,20012.74,5,12,228145.24,S06,West
2023-05-10,P105,Tablet Z2,Electronics,67876.0,10,7,427618.8,S03,South
2023-05-10,P301,Basmati Rice 5kg,Grocery,573.06,0,71,40687.26,S01,East
2023-05-10,P505,Body Lotion,Beauty,369.18,20,32,9451.01,S05,South
2023-05-10,P401,Stainless Steel Cookware,Home,12695.84,5,21,253282.01,S06,South
2023-05-10,P201,Men Casual Shirt,Fashion,1435.03,20,24,27552.58,S09,North
2023-05-10,P501,Face Moisturizer,Beauty,484.36,5,31,14264.4,S05,East
2023-05-10,P302,Sunflower Oil 1L,Grocery,527.68,30,98,36198.85,S10,West
2023-05-10,P204,Sports Shoes,Fashion,639.29,40,33,12657.94,S05,East
2023-05-10,P501,Face Moisturizer,Beauty,1113.76,30,30,23388.96,S09,East
2023-05-10,P501,Face Moisturizer,Beauty,2544.79,30,40,71254.12,S10,West
2023-05-10,P202,Women Kurti,Fashion,4193.86,30,0,0.0,S03,East
2023-05-10,P102,Laptop Pro,Electronics,78336.69,5,11,818618.41,S01,South
2023-05-10,P306,Mixed Nuts 500g,Grocery,51.65,10,60,2789.1,S03,East
2023-05-10,P403,Wall Clock,Home,3227.97,5,14,42932.0,S09,South
2023-05-10,P101,Smartphone X1,Electronics,70732.0,10,8,509270.4,S03,West
2023-05-10,P305,Green Tea Pack,Grocery,134.92,10,60,7285.68,S10,South
2023-05-10,P406,Air Purifier,Home,12510.95,40,19,142624.83,S03,South
2023-05-10,P203,Denim Jeans,Fashion,1702.48,5,26,42051.26,S03,West
2023-05-10,P305,Green Tea Pack,Grocery,289.58,0,56,16216.48,S02,East
2023-05-10,P406,Air Purifier,Home,7082.5,5,13,87468.88,S02,South
2023-05-11,P502,Hair Serum,Beauty,1429.02,0,22,31438.44,S09,South
2023-05-11,P201,Men Casual Shirt,Fashion,4968.12,40,33,98368.78,S08,South
2023-05-11,P505,Body Lotion,Beauty,255.25,10,31,7121.48,S10,East
2023-05-11,P106,Bluetooth Speaker,Electronics,5418.53,0,8,43348.24,S04,East
2023-05-11,P106,Bluetooth Speaker,Electronics,5115.12,30,9,32225.26,S07,South
2023-05-11,P402,Cotton Bedsheet,Home,3092.24,15,18,47311.27,S05,South
2023-05-11,P202,Women Kurti,Fashion,1484.22,5,19,26790.17,S03,North
2023-05-11,P505,Body Lotion,Beauty,1925.67,0,18,34662.06,S03,South
2023-05-11,P503,Sunscreen SPF50,Beauty,2061.12,10,38,70490.3,S01,South
2023-05-11,P103,Wireless Earbuds,Electronics,17827.17,15,9,136377.85,S05,East
2023-05-11,P506,Perfume 100ml,Beauty,2473.5,30,35,60600.75,S03,West
2023-05-11,P304,Organic Honey,Grocery,148.56,0,45,6685.2,S09,West
2023-05-11,P305,Green Tea Pack,Grocery,278.45,40,105,17542.35,S03,West
2023-05-11,P302,Sunflower Oil 1L,Grocery,570.89,40,96,32883.26,S07,West
2023-05-11,P303,Whole Wheat Flour,Grocery,669.58,20,76,40710.46,S03,East
2023-05-11,P204,Sports Shoes,Fashion,2622.77,15,32,71339.34,S06,East
2023-05-11,P301,Basmati Rice 5kg,Grocery,306.45,30,83,17804.74,S06,East
2023-05-12,P301,Basmati Rice 5kg,Grocery,700.8,20,98,54942.72,S02,North
2023-05-12,P103,Wireless Earbuds,Electronics,38122.95,5,8,289734.42,S03,East
2023-05-12,P306,Mixed Nuts 500g,Grocery,760.19,10,61,41734.43,S09,South
2023-05-12,P302,Sunflower Oil 1L,Grocery,754.46,0,1,754.46,S09,West
2023-05-12,P404,Wooden Bookshelf,Home,10370.88,0,15,155563.2,S10,West
2023-05-12,P403,Wall Clock,Home,2436.94,20,21,40940.59,S08,East
2023-05-12,P502,Hair Serum,Beauty,2904.81,5,43,118661.49,S10,North
2023-05-12,P102,Laptop Pro,Electronics,23998.03,0,8,191984.24,S06,East
2023-05-12,P201,Men Casual Shirt,Fashion,4530.56,10,31,126402.62,S05,North
2023-05-12,P501,Face Moisturizer,Beauty,1960.52,30,39,53522.2,S03,North
2023-05-12,P205,Formal Blazer,Fashion,1509.34,5,33,47317.81,S05,West
2023-05-12,P303,Whole Wheat Flour,Grocery,623.9,30,103,44983.19,S10,North
2023-05-12,P304,Organic Honey,Grocery,309.4,10,67,18656.82,S02,North
2023-05-12,P502,Hair Serum,Beauty,2310.63,0,28,64697.64,S03,West
2023-05-12,P201,Men Casual Shirt,Fashion,3588.98,40,29,62448.25,S09,South
2023-05-12,P503,Sunscreen SPF50,Beauty,1739.58,5,27,44620.23,S07,East
2023-05-12,P305,Green Tea Pack,Grocery,112.75,10,76,7712.1,S04,East
2023-05-13,P203,Denim Jeans,Fashion,4459.84,15,27,102353.33,S03,East
2023-05-13,P506,Perfume 100ml,Beauty,2890.64,0,37,106953.68,S02,North
2023-05-13,P501,Face Moisturizer,Beauty,1254.66,40,59,44414.96,S02,East
2023-05-13,P305,Green Tea Pack,Grocery,775.84,30,131,71144.53,S05,West
2023-05-13,P504,Lipstick Set,Beauty,1228.08,5,47,54833.77,S08,North
2023-05-13,P303,Whole Wheat Flour,Grocery,466.81,0,64,29875.84,S07,South
2023-05-13,P503,Sunscreen SPF50,Beauty,2440.66,0,39,95185.74,S06,East
2023-05-13,P202,Women Kurti,Fashion,326.68,0,33,10780.44,S04,North
2023-05-13,P404,Wooden Bookshelf,Home,1248.99,10,20,22481.82,S03,West
2023-05-13,P204,Sports Shoes,Fashion,4445.7,0,30,133371.0,S03,West
2023-05-13,P101,Smartphone X1,Electronics,38458.4,40,17,392275.68,S08,East
2023-05-13,P405,LED Desk Lamp,Home,8259.68,30,20,115635.52,S10,South
2023-05-14,P103,Wireless Earbuds,Electronics,40933.0,5,10,388863.5,S10,South
2023-05-14,P501,Face Moisturizer,Beauty,977.86,5,46,42732.48,S10,North
2023-05-14,P205,Formal Blazer,Fashion,1853.65,40,495,550534.05,S05,North
2023-05-14,P403,Wall Clock,Home,249.09,15,26,5504.89,S08,South
2023-05-14,P505,Body Lotion,Beauty,1013.93,0,45,45626.85,S01,South
2023-05-14,P203,Denim Jeans,Fashion,1046.27,25,38,29818.69,S07,West
2023-05-14,P301,Basmati Rice 5kg,Grocery,703.47,15,88,52619.56,S04,East
2023-05-14,P104,Smart TV 43,Electronics,37674.74,10,15,508608.99,S04,North
2023-05-14,P306,Mixed Nuts 500g,Grocery,210.41,5,95,18989.5,S09,West
2023-05-14,P203,Denim Jeans,Fashion,4378.94,20,41,143629.23,S07,West
2023-05-14,P106,Bluetooth Speaker,Electronics,57533.42,5,16,874507.98,S01,North
2023-05-14,P406,Air Purifier,Home,1082.62,0,16,17321.92,S04,South
2023-05-14,P404,Wooden Bookshelf,Home,6722.18,0,24,161332.32,S02,West
2023-05-14,P401,Stainless Steel Cookware,Home,13476.18,0,25,336904.5,S04,South
2023-05-15,P504,Lipstick Set,Beauty,624.45,40,42,15736.14,S03,South
2023-05-15,P106,Bluetooth Speaker,Electronics,79584.83,25,16,955017.96,S04,North
2023-05-15,P404,Wooden Bookshelf,Home,1162.59,5,22,24298.13,S01,South
2023-05-15,P504,Lipstick Set,Beauty,391.21,5,34,12636.08,S07,North
2023-05-15,P505,Body Lotion,Beauty,1503.45,30,41,43149.01,S01,West
2023-05-15,P303,Whole Wheat Flour,Grocery,159.23,40,91,8693.96,S05,South
2023-05-15,P303,Whole Wheat Flour,Grocery,329.89,25,117,28947.85,S02,South
2023-05-15,P205,Formal Blazer,Fashion,4799.21,10,30,129578.67,S04,East
2023-05-15,P501,Face Moisturizer,Beauty,2619.16,30,40,73336.48,S05,West
2023-05-16,P302,Sunflower Oil 1L,Grocery,413.18,5,76,29831.6,S05,South
2023-05-16,P503,Sunscreen SPF50,Beauty,760.0,25,35,19950.0,S01,South
2023-05-16,P201,Men Casual Shirt,Fashion,501.68,5,38,18110.65,S04,North
2023-05-16,P102,Laptop Pro,Electronics,59037.69,30,15,619895.74,S04,North
2023-05-16,P101,Smartphone X1,Electronics,69254.73,30,11,533261.42,S03,East
2023-05-16,P101,Smartphone X1,Electronics,66468.11,25,17,847468.4,S04,West
2023-05-16,P504,Lipstick Set,Beauty,1720.51,30,36,43356.85,S08,North
2023-05-16,P103,Wireless Earbuds,Electronics,79906.88,20,13,831031.55,S05,North
2023-05-16,P301,Basmati Rice 5kg,Grocery,581.53,10,94,49197.44,S01,West
2023-05-16,P304,Organic Honey,Grocery,243.75,5,85,19682.81,S04,West
2023-05-16,P201,Men Casual Shirt,Fashion,995.41,0,17,16921.97,S03,East
2023-05-16,P301,Basmati Rice 5kg,Grocery,374.53,40,136,30561.65,S08,West
2023-05-16,P306,Mixed Nuts 500g,Grocery,607.75,0,66,40111.5,S07,West
2023-05-16,P302,Sunflower Oil 1L,Grocery,191.01,0,59,11269.59,S07,West
2023-05-16,P504,Lipstick Set,Beauty,496.48,15,28,11816.22,S05,East
2023-05-16,P505,Body Lotion,Beauty,2334.06,30,43,70255.21,S07,East
2023-05-17,P101,Smartphone X1,Electronics,13114.26,0,8,104914.08,S10,North
2023-05-17,P502,Hair Serum,Beauty,562.44,40,45,15185.88,S07,North
2023-05-17,P302,Sunflower Oil 1L,Grocery,649.65,5,56,34561.38,S10,East
2023-05-17,P304,Organic Honey,Grocery,62.58,30,78,3416.87,S06,East
2023-05-17,P204,Sports Shoes,Fashion,4704.28,30,35,115254.86,S03,South
2023-05-17,P302,Sunflower Oil 1L,Grocery,751.08,15,50,31920.9,S03,West
2023-05-17,P403,Wall Clock,Home,9034.7,20,20,144555.2,S05,West
2023-05-17,P102,Laptop Pro,Electronics,37590.58,30,15,394701.09,S10,North
2023-05-17,P501,Face Moisturizer,Beauty,1168.43,15,39,38733.45,S06,South
2023-05-17,P202,Women Kurti,Fashion,4500.22,40,47,126906.2,S01,North
2023-05-17,P105,Tablet Z2,Electronics,72312.71,30,9,455570.07,S08,North
2023-05-17,P301,Basmati Rice 5kg,Grocery,745.89,30,69,36026.49,S05,North
2023-05-17,P406,Air Purifier,Home,4158.35,5,14,55306.06,S10,East
2023-05-17,P204,Sports Shoes,Fashion,4962.55,20,38,150861.52,S08,South
2023-05-17,P506,Perfume 100ml,Beauty,1088.88,20,30,26133.12,S10,East
2023-05-17,P503,Sunscreen SPF50,Beauty,1404.32,5,41,54698.26,S06,North
2023-05-18,P306,Mixed Nuts 500g,Grocery,324.45,10,77,22484.38,S06,West
2023-05-18,P104,Smart TV 43,Electronics,59471.83,0,5,297359.15,S03,South
2023-05-18,P105,Tablet Z2,Electronics,48245.07,15,8,328066.48,S09,North
2023-05-18,P403,Wall Clock,Home,1836.82,10,17,28103.35,S07,North
2023-05-18,P505,Body Lotion,Beauty,904.45,40,34,18450.78,S04,East
2023-05-18,P205,Formal Blazer,Fashion,2681.44,10,39,94118.54,S06,West
2023-05-18,P303,Whole Wheat Flour,Grocery,536.03,5,94,47867.48,S01,West
2023-05-18,P202,Women Kurti,Fashion,3184.48,20,28,71332.35,S04,East
2023-05-18,P204,Sports Shoes,Fashion,557.87,10,27,13556.24,S08,West
2023-05-18,P106,Bluetooth Speaker,Electronics,63361.27,25,10,475209.52,S09,East
2023-05-18,P203,Denim Jeans,Fashion,708.16,25,52,27618.24,S08,North
2023-05-18,P504,Lipstick Set,Beauty,2265.69,0,27,61173.63,S06,West
2023-05-18,P301,Basmati Rice 5kg,Grocery,469.27,20,96,36039.94,S08,West
2023-05-18,P506,Perfume 100ml,Beauty,1072.34,5,33,33617.86,S10,North
2023-05-18,P103,Wireless Earbuds,Electronics,61703.77,10,9,499800.54,S04,East
2023-05-18,P402,Cotton Bedsheet,Home,12392.02,25,25,232350.38,S01,North
2023-05-18,P304,Organic Honey,Grocery,173.66,10,76,11878.34,S06,South
2023-05-19,P105,Tablet Z2,Electronics,33923.07,20,11,298523.02,S06,South
2023-05-19,P102,Laptop Pro,Electronics,36097.13,10,2,64974.83,S02,North
2023-05-19,P404,Wooden Bookshelf,Home,11959.92,0,19,227238.48,S08,West
2023-05-19,P402,Cotton Bedsheet,Home,6088.9,0,16,97422.4,S01,East
2023-05-19,P404,Wooden Bookshelf,Home,2722.78,0,14,38118.92,S07,West
2023-05-19,P204,Sports Shoes,Fashion,4398.04,0,29,127543.16,S06,East
2023-05-19,P102,Laptop Pro,Electronics,37686.51,0,6,226119.06,S04,East
2023-05-19,P402,Cotton Bedsheet,Home,6352.85,5,13,78457.7,S09,North
2023-05-19,P501,Face Moisturizer,Beauty,601.07,30,34,14305.47,S09,East
2023-05-19,P102,Laptop Pro,Electronics,51778.71,20,15,621344.52,S04,North
2023-05-19,P205,Formal Blazer,Fashion,947.79,10,33,28149.36,S10,West
2023-05-19,P301,Basmati Rice 5kg,Grocery,643.31,5,90,55003.0,S01,West
2023-05-19,P402,Cotton Bedsheet,Home,4922.61,10,12,53164.19,S10,South
2023-05-19,P404,Wooden Bookshelf,Home,5898.52,25,20,88477.8,S07,North
2023-05-20,P204,Sports Shoes,Fashion,2222.93,15,27,51016.24,S09,West
2023-05-20,P406,Air Purifier,Home,8005.25,10,20,144094.5,S07,South
2023-05-20,P201,Men Casual Shirt,Fashion,2487.72,20,30,59705.28,S07,West
2023-05-20,P304,Organic Honey,Grocery,217.13,15,138,25469.35,S01,West
2023-05-20,P505,Body Lotion,Beauty,2677.11,30,57,106816.69,S10,East
2023-05-20,P402,Cotton Bedsheet,Home,7044.56,10,25,158502.6,S08,East
2023-05-20,P205,Formal Blazer,Fashion,2133.8,20,44,75109.76,S02,West
2023-05-20,P103,Wireless Earbuds,Electronics,54846.98,10,14,691071.95,S08,West
2023-05-20,P206,Summer Dress,Fashion,4840.61,15,48,197496.89,S04,North
2023-05-20,P304,Organic Honey,Grocery,674.39,0,96,64741.44,S02,North
2023-05-20,P501,Face Moisturizer,Beauty,576.69,15,49,24019.14,S03,North
2023-05-20,P401,Stainless Steel Cookware,Home,3364.72,30,29,68303.82,S02,South
2023-05-20,P203,Denim Jeans,Fashion,1548.77,10,35,48786.25,S10,North
2023-05-21,P203,Denim Jeans,Fashion,973.15,40,43,25107.27,S07,West
2023-05-21,P203,Denim Jeans,Fashion,2017.48,0,33,66576.84,S05,South
2023-05-21,P105,Tablet Z2,Electronics,79430.12,40,15,714871.08,S05,East
2023-05-21,P503,Sunscreen SPF50,Beauty,1294.78,0,34,44022.52,S06,West
2023-05-21,P201,Men Casual Shirt,Fashion,4510.16,10,32,129892.61,S02,East
2023-05-21,P205,Formal Blazer,Fashion,4713.52,5,22,98512.57,S09,East
2023-05-21,P401,Stainless Steel Cookware,Home,4384.06,0,21,92065.26,S09,North
2023-05-21,P101,Smartphone X1,Electronics,42354.06,0,10,423540.6,S05,East
2023-05-21,P103,Wireless Earbuds,Electronics,78158.76,30,13,711244.72,S03,West
2023-05-21,P304,Organic Honey,Grocery,163.75,5,80,12445.0,S05,South
2023-05-21,P301,Basmati Rice 5kg,Grocery,609.4,15,114,59050.86,S09,North
2023-05-21,P406,Air Purifier,Home,13478.83,5,26,332927.1,S08,East
2023-05-21,P306,Mixed Nuts 500g,Grocery,249.92,0,72,17994.24,S09,East
2023-05-21,P405,LED Desk Lamp,Home,4356.93,15,28,103694.93,S10,North
2023-05-21,P501,Face Moisturizer,Beauty,1055.6,0,34,35890.4,S08,West
2023-05-21,P201,Men Casual Shirt,Fashion,1276.61,15,56,60766.64,S04,West
2023-05-21,P502,Hair Serum,Beauty,455.97,40,50,13679.1,S05,South
2023-05-21,P304,Organic Honey,Grocery,792.95,20,119,75488.84,S08,South
2023-05-21,P402,Cotton Bedsheet,Home,13578.52,20,25,271570.4,S01,South
2023-05-21,P106,Bluetooth Speaker,Electronics,34552.0,25,13,336882.0,S07,South
2023-05-22,P403,Wall Clock,Home,9630.76,40,18,104012.21,S07,East
2023-05-22,P301,Basmati Rice 5kg,Grocery,465.91,0,49,22829.59,S08,East
2023-05-22,P303,Whole Wheat Flour,Grocery,67.83,0,68,4612.44,S06,East
2023-05-22,P401,Stainless Steel Cookware,Home,13025.37,25,22,214918.61,S10,South
2023-05-22,P106,Bluetooth Speaker,Electronics,19972.53,5,12,227686.84,S02,East
2023-05-22,P406,Air Purifier,Home,9777.4,10,10,87996.6,S09,East
2023-05-22,P301,Basmati Rice 5kg,Grocery,92.88,10,96,8024.83,S06,North
2023-05-22,P302,Sunflower Oil 1L,Grocery,389.75,20,84,26191.2,S07,South
2023-05-22,P106,Bluetooth Speaker,Electronics,17062.1,0,6,102372.6,S03,South
2023-05-22,P106,Bluetooth Speaker,Electronics,63082.52,0,7,441577.64,S04,West
2023-05-22,P102,Laptop Pro,Electronics,53154.33,0,8,425234.64,S02,East
2023-05-22,P405,LED Desk Lamp,Home,12677.5,20,11,111562.0,S09,East
2023-05-22,P304,Organic Honey,Grocery,512.56,25,111,42670.62,S04,East
2023-05-22,P301,Basmati Rice 5kg,Grocery,61.41,0,91,5588.31,S04,North
2023-05-22,P205,Formal Blazer,Fashion,4850.29,0,23,111556.67,S08,East
2023-05-22,P404,Wooden Bookshelf,Home,1254.45,5,110,131090.02,S05,West
2023-05-22,P301,Basmati Rice 5kg,Grocery,372.71,15,97,30729.94,S08,North
2023-05-22,P302,Sunflower Oil 1L,Grocery,155.45,0,56,8705.2,S07,North
2023-05-22,P203,Denim Jeans,Fashion,4637.36,5,25,110137.3,S05,South
2023-05-22,P402,Cotton Bedsheet,Home,2855.67,0,15,42835.05,S04,East
2023-05-22,P406,Air Purifier,Home,14750.68,30,26,268462.38,S06,East
2023-05-23,P506,Perfume 100ml,Beauty,2925.04,0,36,105301.44,S08,West
2023-05-23,P105,Tablet Z2,Electronics,73641.33,30,12,618587.17,S06,South
2023-05-23,P204,Sports Shoes,Fashion,2251.1,5,27,57740.71,S02,West
2023-05-23,P305,Green Tea Pack,Grocery,385.73,5,82,30048.37,S07,North
2023-05-23,P506,Perfume 100ml,Beauty,2257.42,5,21,45035.53,S09,North
2023-05-23,P101,Smartphone X1,Electronics,54049.32,0,6,324295.92,S02,East
2023-05-23,P406,Air Purifier,Home,5127.51,0,13,66657.63,S01,South
2023-05-23,P306,Mixed Nuts 500g,Grocery,87.96,10,73,5778.97,S05,West
2023-05-23,P206,Summer Dress,Fashion,4170.18,0,19,79233.42,S07,North
2023-05-23,P306,Mixed Nuts 500g,Grocery,258.41,0,45,11628.45,S07,South
2023-05-23,P406,Air Purifier,Home,10666.5,20,18,153597.6,S10,North
2023-05-23,P305,Green Tea Pack,Grocery,286.68,0,70,20067.6,S08,West
2023-05-23,P504,Lipstick Set,Beauty,2418.18,0,23,55618.14,S04,South
2023-05-23,P405,LED Desk Lamp,Home,2748.67,5,11,28723.6,S09,East
2023-05-24,P304,Organic Honey,Grocery,488.12,5,69,31996.27,S07,South
2023-05-24,P504,Lipstick Set,Beauty,427.19,0,36,15378.84,S04,North
2023-05-24,P401,Stainless Steel Cookware,Home,3775.87,5,24,86089.84,S01,South
2023-05-24,P101,Smartphone X1,Electronics,16352.9,0,6,98117.4,S10,South
2023-05-24,P206,Summer Dress,Fashion,3236.75,0,22,71208.5,S02,South
2023-05-24,P503,Sunscreen SPF50,Beauty,1870.29,10,20,33665.22,S07,South
2023-05-24,P203,Denim Jeans,Fashion,2900.96,25,39,84853.08,S02,South
2023-05-24,P101,Smartphone X1,Electronics,12195.79,10,10,109762.11,S01,South
2023-05-24,P106,Bluetooth Speaker,Electronics,32912.02,15,11,307727.39,S07,West
2023-05-24,P104,Smart TV 43,Electronics,42740.13,30,16,478689.46,S01,North
2023-05-24,P503,Sunscreen SPF50,Beauty,1053.34,10,29,27492.17,S10,North
2023-05-24,P203,Denim Jeans,Fashion,562.04,10,23,11634.23,S05,East
2023-05-24,P503,Sunscreen SPF50,Beauty,1774.68,30,41,50933.32,S04,East
2023-05-24,P401,Stainless Steel Cookware,Home,3845.73,0,15,57685.95,S02,West
2023-05-24,P403,Wall Clock,Home,13118.73,20,16,167919.74,S09,North
2023-05-24,P105,Tablet Z2,Electronics,77133.4,10,8,555360.48,S07,East
2023-05-24,P101,Smartphone X1,Electronics,22775.79,5,9,194733.0,S10,South
2023-05-25,P405,LED Desk Lamp,Home,7921.51,30,22,121991.25,S05,South
2023-05-25,P305,Green Tea Pack,Grocery,103.43,25,99,7679.68,S04,South
2023-05-25,P504,Lipstick Set,Beauty,1719.23,0,25,42980.75,S09,West
2023-05-25,P304,Organic Honey,Grocery,134.1,15,64,7295.04,S09,East
2023-05-25,P205,Formal Blazer,Fashion,2403.16,0,17,40853.72,S09,East
2023-05-25,P505,Body Lotion,Beauty,2823.03,0,31,87513.93,S07,West
2023-05-25,P102,Laptop Pro,Electronics,46396.29,10,8,334053.29,S02,North
2023-05-25,P306,Mixed Nuts 500g,Grocery,569.38,25,97,41422.4,S07,North
2023-05-25,P305,Green Tea Pack,Grocery,439.53,5,72,30063.85,S04,East
2023-05-25,P402,Cotton Bedsheet,Home,7830.42,40,27,126852.8,S01,East
2023-05-25,P204,Sports Shoes,Fashion,2655.67,0,19,50457.73,S09,West
2023-05-26,P206,Summer Dress,Fashion,2170.11,40,30,39061.98,S09,South
2023-05-26,P503,Sunscreen SPF50,Beauty,722.65,30,31,15681.5,S07,West
2023-05-26,P402,Cotton Bedsheet,Home,4686.75,25,23,80846.44,S05,West
2023-05-26,P504,Lipstick Set,Beauty,1440.88,0,33,47549.04,S08,North
2023-05-26,P105,Tablet Z2,Electronics,49953.65,20,8,319703.36,S08,South
2023-05-26,P302,Sunflower Oil 1L,Grocery,462.27,20,72,26626.75,S07,East
2023-05-26,P204,Sports Shoes,Fashion,756.49,30,35,18534.01,S04,East
2023-05-26,P201,Men Casual Shirt,Fashion,399.33,0,30,11979.9,S08,North
2023-05-26,P102,Laptop Pro,Electronics,76337.51,0,7,534362.57,S08,West
2023-05-26,P106,Bluetooth Speaker,Electronics,28056.22,0,9,252505.98,S08,West
2023-05-26,P303,Whole Wheat Flour,Grocery,638.2,20,120,61267.2,S06,West
2023-05-26,P404,Wooden Bookshelf,Home,5177.91,30,18,65241.67,S10,North
2023-05-26,P403,Wall Clock,Home,5496.54,0,15,82448.1,S01,East
2023-05-26,P403,Wall Clock,Home,14135.35,0,15,212030.25,S05,West
2023-05-26,P403,Wall Clock,Home,6260.07,0,12,75120.84,S03,South
2023-05-26,P301,Basmati Rice 5kg,Grocery,722.97,20,102,58994.35,S01,South
2023-05-26,P505,Body Lotion,Beauty,186.83,0,21,3923.43,S07,East
2023-05-26,P101,Smartphone X1,Electronics,48413.43,25,8,290480.58,S03,East
2023-05-27,P504,Lipstick Set,Beauty,2746.35,25,46,94749.07,S05,East
2023-05-27,P401,Stainless Steel Cookware,Home,7982.68,25,23,137701.23,S07,South
2023-05-27,P405,LED Desk Lamp,Home,13356.35,5,28,355278.91,S06,West
2023-05-27,P305,Green Tea Pack,Grocery,229.44,0,113,25926.72,S08,West
2023-05-27,P201,Men Casual Shirt,Fashion,3716.69,5,31,109456.52,S05,East
2023-05-27,P204,Sports Shoes,Fashion,653.69,15,42,23336.73,S07,South
2023-05-27,P303,Whole Wheat Flour,Grocery,347.81,15,139,41093.75,S10,West
2023-05-27,P305,Green Tea Pack,Grocery,440.48,0,58,25547.84,S07,East
2023-05-27,P202,Women Kurti,Fashion,4554.94,0,39,177642.66,S04,North
2023-05-27,P404,Wooden Bookshelf,Home,11631.53,20,17,158188.81,S03,West
2023-05-27,P502,Hair Serum,Beauty,2986.54,40,64,114683.14,S02,East
2023-05-28,P402,Cotton Bedsheet,Home,8921.04,40,31,165931.34,S08,West
2023-05-28,P406,Air Purifier,Home,13135.72,10,18,212798.66,S09,East
2023-05-28,P404,Wooden Bookshelf,Home,1933.59,0,19,36738.21,S07,North
2023-05-28,P101,Smartphone X1,Electronics,44996.03,10,10,404964.27,S01,East
2023-05-28,P505,Body Lotion,Beauty,1247.8,10,43,48289.86,S07,North
2023-05-28,P202,Women Kurti,Fashion,863.15,15,40,29347.1,S02,East
2023-05-28,P506,Perfume 100ml,Beauty,748.28,30,62,32475.35,S08,South
2023-05-28,P503,Sunscreen SPF50,Beauty,631.72,30,75,33165.3,S06,West
2023-05-28,P401,Stainless Steel Cookware,Home,2103.08,40,35,44164.68,S05,South
2023-05-28,P206,Summer Dress,Fashion,4884.19,5,38,176319.26,S09,West
2023-05-28,P106,Bluetooth Speaker,Electronics,3160.52,5,19,57047.39,S01,South
2023-05-28,P506,Perfume 100ml,Beauty,2379.79,0,42,99951.18,S08,South
2023-05-28,P403,Wall Clock,Home,814.07,30,24,13676.38,S10,West
2023-05-28,P503,Sunscreen SPF50,Beauty,1321.1,15,59,66253.16,S01,West
2023-05-28,P202,Women Kurti,Fashion,4587.1,10,24,99081.36,S09,West
2023-05-28,P404,Wooden Bookshelf,Home,6119.62,10,21,115660.82,S01,East
2023-05-29,P405,LED Desk Lamp,Home,3751.84,40,31,69784.22,S08,West
2023-05-29,P103,Wireless Earbuds,Electronics,68887.44,15,10,585543.24,S04,North
2023-05-29,P201,Men Casual Shirt,Fashion,380.41,40,50,11412.3,S04,South
2023-05-29,P106,Bluetooth Speaker,Electronics,27826.66,0,7,194786.62,S10,East
2023-05-29,P503,Sunscreen SPF50,Beauty,2568.18,25,35,67414.72,S09,South
2023-05-29,P205,Formal Blazer,Fashion,2120.45,0,462,979647.9,S08,South
2023-05-29,P506,Perfume 100ml,Beauty,2226.77,30,38,59232.08,S05,South
2023-05-29,P402,Cotton Bedsheet,Home,12987.6,5,17,209749.74,S10,South
2023-05-29,P404,Wooden Bookshelf,Home,14583.42,40,16,140000.83,S05,East
2023-05-29,P102,Laptop Pro,Electronics,4381.52,30,14,42938.9,S04,West
2023-05-29,P204,Sports Shoes,Fashion,704.64,15,22,13176.77,S09,South
2023-05-30,P101,Smartphone X1,Electronics,12983.36,5,7,86339.34,S03,East
2023-05-30,P102,Laptop Pro,Electronics,34845.98,15,8,236952.66,S07,East
2023-05-30,P204,Sports Shoes,Fashion,4388.77,30,42,129029.84,S06,South
2023-05-30,P104,Smart TV 43,Electronics,48737.53,10,10,438637.77,S05,North
2023-05-30,P103,Wireless Earbuds,Electronics,25025.0,5,8,190190.0,S09,West
2023-05-30,P306,Mixed Nuts 500g,Grocery,568.23,0,60,34093.8,S05,South
2023-05-30,P103,Wireless Earbuds,Electronics,23905.01,30,10,167335.07,S05,West
2023-05-30,P206,Summer Dress,Fashion,2103.43,15,20,35758.31,S03,East
2023-05-30,P403,Wall Clock,Home,6451.55,10,20,116127.9,S07,South
2023-05-30,P401,Stainless Steel Cookware,Home,4053.42,5,15,57761.24,S06,North
2023-05-30,P402,Cotton Bedsheet,Home,3863.75,25,0,0.0,S08,West
2023-05-31,P206,Summer Dress,Fashion,2477.93,0,32,79293.76,S01,North
2023-05-31,P406,Air Purifier,Home,9432.17,30,16,105640.3,S03,East
2023-05-31,P206,Summer Dress,Fashion,2289.34,40,48,65932.99,S04,East
2023-05-31,P504,Lipstick Set,Beauty,2331.0,20,31,57808.8,S02,East
2023-05-31,P302,Sunflower Oil 1L,Grocery,59.25,0,73,4325.25,S10,South
2023-05-31,P305,Green Tea Pack,Grocery,511.93,20,83,33992.15,S08,South
2023-05-31,P103,Wireless Earbuds,Electronics,45751.3,30,11,352285.01,S09,West
2023-05-31,P403,Wall Clock,Home,7630.14,20,19,115978.13,S07,East
2023-05-31,P302,Sunflower Oil 1L,Grocery,420.97,0,46,19364.62,S09,East
2023-05-31,P101,Smartphone X1,Electronics,28483.65,25,15,320441.06,S02,West
2023-05-31,P106,Bluetooth Speaker,Electronics,55190.81,0,10,551908.1,S01,North
2023-06-01,P301,Basmati Rice 5kg,Grocery,691.25,15,82,48180.12,S10,North
2023-06-01,P401,Stainless Steel Cookware,Home,11672.45,40,16,112055.52,S03,West
2023-06-01,P403,Wall Clock,Home,8596.92,10,17,131532.88,S10,South
2023-06-01,P404,Wooden Bookshelf,Home,2658.36,0,15,39875.4,S01,North
2023-06-01,P102,Laptop Pro,Electronics,28144.92,10,11,278634.71,S08,East
2023-06-01,P104,Smart TV 43,Electronics,58376.04,5,10,554572.38,S03,South
2023-06-01,P204,Sports Shoes,Fashion,920.67,10,30,24858.09,S08,West
2023-06-01,P403,Wall Clock,Home,4089.48,40,23,56434.82,S02,West
2023-06-01,P403,Wall Clock,Home,7848.55,10,17,120082.82,S03,West
2023-06-01,P505,Body Lotion,Beauty,2782.29,25,559,1166475.08,S10,North
2023-06-01,P506,Perfume 100ml,Beauty,1253.68,0,29,36356.72,S04,North
2023-06-01,P204,Sports Shoes,Fashion,507.91,5,25,12062.86,S08,East
2023-06-01,P302,Sunflower Oil 1L,Grocery,531.81,5,60,30313.17,S05,North
2023-06-02,P301,Basmati Rice 5kg,Grocery,142.94,20,83,9491.22,S05,West
2023-06-02,P102,Laptop Pro,Electronics,32981.75,5,8,250661.3,S07,South
2023-06-02,P101,Smartphone X1,Electronics,38680.55,0,10,386805.5,S07,North
2023-06-02,P102,Laptop Pro,Electronics,58471.51,5,12,666575.21,S04,North
2023-06-02,P306,Mixed Nuts 500g,Grocery,59.77,15,81,4115.16,S05,East
2023-06-02,P203,Denim Jeans,Fashion,4804.0,20,33,126825.6,S02,North
2023-06-02,P501,Face Moisturizer,Beauty,216.17,15,38,6982.29,S07,North
2023-06-02,P202,Women Kurti,Fashion,1171.27,10,462,487014.07,S04,North
2023-06-02,P404,Wooden Bookshelf,Home,9623.11,0,16,153969.76,S05,West
2023-06-02,P106,Bluetooth Speaker,Electronics,62431.93,0,8,499455.44,S02,South
2023-06-02,P105,Tablet Z2,Electronics,43505.0,20,11,382844.0,S06,South
2023-06-02,P201,Men Casual Shirt,Fashion,3062.11,0,23,70428.53,S02,North
2023-06-02,P403,Wall Clock,Home,11912.35,30,24,200127.48,S01,West
2023-06-02,P305,Green Tea Pack,Grocery,100.3,0,54,5416.2,S08,East
2023-06-02,P404,Wooden Bookshelf,Home,10118.11,0,13,131535.43,S03,South
2023-06-02,P301,Basmati Rice 5kg,Grocery,572.51,25,71,30486.16,S02,East
2023-06-03,P206,Summer Dress,Fashion,3141.3,0,25,78532.5,S02,North
2023-06-03,P301,Basmati Rice 5kg,Grocery,120.02,5,99,11287.88,S08,East
2023-06-03,P305,Green Tea Pack,Grocery,87.89,40,134,7066.36,S04,South
2023-06-03,P201,Men Casual Shirt,Fashion,1617.97,25,31,37617.8,S09,West
2023-06-03,P204,Sports Shoes,Fashion,2509.87,40,21,31624.36,S03,East
2023-06-03,P101,Smartphone X1,Electronics,41384.54,30,24,695260.27,S02,North
2023-06-03,P506,Perfume 100ml,Beauty,2641.82,20,49,103559.34,S09,West
2023-06-03,P306,Mixed Nuts 500g,Grocery,227.53,0,84,19112.52,S06,East
2023-06-03,P104,Smart TV 43,Electronics,49008.71,20,14,548897.55,S10,East
2023-06-03,P402,Cotton Bedsheet,Home,12709.36,20,26,264354.69,S07,West
2023-06-03,P306,Mixed Nuts 500g,Grocery,532.81,10,85,40759.96,S01,North
2023-06-03,P502,Hair Serum,Beauty,1695.78,30,61,72409.81,S10,West
2023-06-03,P302,Sunflower Oil 1L,Grocery,666.28,25,98,48971.58,S07,East
2023-06-04,P403,Wall Clock,Home,11781.41,5,19,212654.45,S03,East
2023-06-04,P501,Face Moisturizer,Beauty,1368.82,0,29,39695.78,S05,East
2023-06-04,P506,Perfume 100ml,Beauty,2035.81,25,46,70235.44,S06,East
2023-06-04,P304,Organic Honey,Grocery,695.14,0,81,56306.34,S07,East
2023-06-04,P301,Basmati Rice 5kg,Grocery,745.98,10,80,53710.56,S03,North
2023-06-04,P104,Smart TV 43,Electronics,78626.08,0,9,707634.72,S02,East
2023-06-04,P505,Body Lotion,Beauty,2376.93,5,810,1829047.63,S01,North
2023-06-04,P103,Wireless Earbuds,Electronics,54884.75,40,14,461031.9,S02,East
2023-06-04,P201,Men Casual Shirt,Fashion,854.97,30,56,33514.82,S04,South
2023-06-04,P101,Smartphone X1,Electronics,6964.07,15,17,100630.81,S08,North
2023-06-04,P205,Formal Blazer,Fashion,4642.0,0,29,134618.0,S04,East
2023-06-04,P503,Sunscreen SPF50,Beauty,1697.41,20,58,78759.82,S01,East
2023-06-04,P105,Tablet Z2,Electronics,4705.52,25,15,52937.1,S05,South
2023-06-04,P206,Summer Dress,Fashion,4811.93,0,25,120298.25,S09,North
2023-06-05,P103,Wireless Earbuds,Electronics,7938.54,5,8,60332.9,S05,North
2023-06-05,P204,Sports Shoes,Fashion,1691.4,10,25,38056.5,S10,South
2023-06-05,P101,Smartphone X1,Electronics,41263.62,5,8,313603.51,S09,East
2023-06-05,P203,Denim Jeans,Fashion,3506.11,10,20,63109.98,S03,West
2023-06-05,P304,Organic Honey,Grocery,436.54,15,63,23376.72,S10,North
2023-06-05,P205,Formal Blazer,Fashion,3889.9,0,30,116697.0,S06,North
2023-06-05,P202,Women Kurti,Fashion,3672.16,5,31,108145.11,S01,South
2023-06-05,P506,Perfume 100ml,Beauty,2262.98,10,39,79430.6,S07,North
2023-06-05,P104,Smart TV 43,Electronics,45744.99,0,10,457449.9,S01,South
2023-06-05,P206,Summer Dress,Fashion,4275.25,10,21,80802.23,S09,East
2023-06-05,P405,LED Desk Lamp,Home,14858.31,5,12,169384.73,S10,East
2023-06-05,P301,Basmati Rice 5kg,Grocery,390.54,40,80,18745.92,S03,East
2023-06-05,P505,Body Lotion,Beauty,907.42,10,27,22050.31,S07,South
2023-06-05,P404,Wooden Bookshelf,Home,1895.28,0,21,39800.88,S04,West
2023-06-05,P202,Women Kurti,Fashion,4488.64,10,20,80795.52,S01,East
2023-06-05,P506,Perfume 100ml,Beauty,986.03,0,35,34511.05,S04,North
2023-06-05,P204,Sports Shoes,Fashion,3037.9,5,18,51948.09,S03,East
2023-06-06,P106,Bluetooth Speaker,Electronics,24366.99,5,9,208337.76,S04,North
2023-06-06,P302,Sunflower Oil 1L,Grocery,291.52,30,108,22038.91,S06,North
2023-06-06,P202,Women Kurti,Fashion,4220.1,0,28,118162.8,S02,West
2023-06-06,P303,Whole Wheat Flour,Grocery,731.18,20,84,49135.3,S06,East
2023-06-06,P503,Sunscreen SPF50,Beauty,2242.77,30,42,65937.44,S07,West
2023-06-06,P203,Denim Jeans,Fashion,4454.21,10,31,124272.46,S02,West
2023-06-06,P502,Hair Serum,Beauty,147.1,10,33,4368.87,S01,South
2023-06-06,P406,Air Purifier,Home,6354.52,20,14,71170.62,S10,East
2023-06-06,P301,Basmati Rice 5kg,Grocery,114.24,0,50,5712.0,S01,East
2023-06-06,P206,Summer Dress,Fashion,4638.84,0,23,106693.32,S04,North
2023-06-06,P105,Tablet Z2,Electronics,55418.87,0,9,498769.83,S07,North
2023-06-06,P403,Wall Clock,Home,6847.7,0,12,82172.4,S10,East
2023-06-06,P201,Men Casual Shirt,Fashion,1651.25,5,28,43923.25,S07,West
2023-06-06,P101,Smartphone X1,Electronics,71137.53,0,9,640237.77,S10,North
2023-06-06,P102,Laptop Pro,Electronics,75230.62,40,10,451383.72,S09,East
2023-06-07,P203,Denim Jeans,Fashion,2621.36,40,26,40893.22,S09,South
2023-06-07,P406,Air Purifier,Home,11634.7,5,20,221059.3,S06,South
2023-06-07,P203,Denim Jeans,Fashion,3945.01,0,17,67065.17,S08,East
2023-06-07,P205,Formal Blazer,Fashion,2724.43,30,32,61027.23,S07,East
2023-06-07,P106,Bluetooth Speaker,Electronics,30463.65,15,13,336623.33,S08,West
2023-06-07,P204,Sports Shoes,Fashion,2812.65,0,24,67503.6,S07,South
2023-06-07,P404,Wooden Bookshelf,Home,14076.39,0,12,168916.68,S01,East
2023-06-07,P103,Wireless Earbuds,Electronics,41076.04,10,9,332715.92,S10,West
2023-06-07,P403,Wall Clock,Home,1554.5,5,19,28058.72,S06,North
2023-06-07,P402,Cotton Bedsheet,Home,10028.39,0,12,120340.68,S10,East
2023-06-07,P402,Cotton Bedsheet,Home,14924.36,40,22,197001.55,S05,East
2023-06-07,P205,Formal Blazer,Fashion,4470.42,25,27,90526.01,S09,South
2023-06-07,P303,Whole Wheat Flour,Grocery,540.36,5,61,31313.86,S08,North
2023-06-07,P503,Sunscreen SPF50,Beauty,2945.23,10,37,98076.16,S01,South
2023-06-08,P206,Summer Dress,Fashion,4449.68,40,46,122811.17,S06,East
2023-06-08,P103,Wireless Earbuds,Electronics,53630.48,25,12,482674.32,S02,North
2023-06-08,P501,Face Moisturizer,Beauty,1213.48,0,32,38831.36,S08,South
2023-06-08,P206,Summer Dress,Fashion,724.3,40,28,12168.24,S10,East
2023-06-08,P102,Laptop Pro,Electronics,62345.55,30,21,916479.58,S06,North
2023-06-08,P402,Cotton Bedsheet,Home,14854.16,5,13,183448.88,S05,North
2023-06-08,P406,Air Purifier,Home,9311.65,5,16,141537.08,S02,West
2023-06-08,P201,Men Casual Shirt,Fashion,2588.61,0,23,59538.03,S10,East
2023-06-08,P301,Basmati Rice 5kg,Grocery,403.28,0,38,15324.64,S09,East
2023-06-08,P402,Cotton Bedsheet,Home,13605.53,5,18,232654.56,S08,West
2023-06-09,P502,Hair Serum,Beauty,1781.48,40,57,60926.62,S04,West
2023-06-09,P504,Lipstick Set,Beauty,882.47,10,24,19061.35,S06,West
2023-06-09,P102,Laptop Pro,Electronics,7825.6,0,8,62604.8,S06,South
2023-06-09,P103,Wireless Earbuds,Electronics,26194.03,5,7,174190.3,S10,South
2023-06-09,P201,Men Casual Shirt,Fashion,2166.23,0,20,43324.6,S10,South
2023-06-09,P102,Laptop Pro,Electronics,56028.52,30,14,549079.5,S02,West
2023-06-09,P301,Basmati Rice 5kg,Grocery,307.91,15,98,25648.9,S01,South
2023-06-09,P303,Whole Wheat Flour,Grocery,56.26,15,80,3825.68,S08,South
2023-06-09,P104,Smart TV 43,Electronics,68326.98,40,12,491954.26,S06,East
2023-06-10,P504,Lipstick Set,Beauty,2834.86,15,42,101204.5,S02,West
2023-06-10,P303,Whole Wheat Flour,Grocery,523.67,40,127,39903.65,S01,South
2023-06-10,P301,Basmati Rice 5kg,Grocery,783.44,0,58,45439.52,S09,West
2023-06-10,P103,Wireless Earbuds,Electronics,50768.02,5,12,578755.43,S06,East
2023-06-10,P204,Sports Shoes,Fashion,2803.53,10,26,65602.6,S05,North
2023-06-10,P202,Women Kurti,Fashion,766.0,20,47,28801.6,S10,South
2023-06-10,P503,Sunscreen SPF50,Beauty,419.97,10,37,13985.0,S02,West
2023-06-10,P106,Bluetooth Speaker,Electronics,5788.11,40,17,59038.72,S05,East
2023-06-10,P402,Cotton Bedsheet,Home,1246.33,20,19,18944.22,S08,East
2023-06-10,P502,Hair Serum,Beauty,350.78,20,44,12347.46,S10,South
2023-06-10,P105,Tablet Z2,Electronics,67038.8,5,9,573181.74,S03,East
2023-06-10,P503,Sunscreen SPF50,Beauty,1928.81,20,50,77152.4,S05,West
2023-06-10,P503,Sunscreen SPF50,Beauty,1052.18,0,49,51556.82,S08,North
2023-06-10,P106,Bluetooth Speaker,Electronics,31490.7,15,16,428273.52,S08,South
2023-06-10,P405,LED Desk Lamp,Home,14159.35,0,19,269027.65,S07,South
2023-06-10,P204,Sports Shoes,Fashion,2669.93,5,45,114139.51,S06,North
2023-06-11,P104,Smart TV 43,Electronics,66034.8,10,8,475450.56,S07,East
2023-06-11,P302,Sunflower Oil 1L,Grocery,514.69,10,54,25013.93,S09,North
2023-06-11,P102,Laptop Pro,Electronics,35319.86,5,17,570415.74,S05,North
2023-06-11,P405,LED Desk Lamp,Home,7662.85,5,15,109195.61,S09,East
2023-06-11,P506,Perfume 100ml,Beauty,2915.4,10,48,125945.28,S06,North
2023-06-11,P304,Organic Honey,Grocery,733.33,20,109,63946.38,S09,North
2023-06-11,P503,Sunscreen SPF50,Beauty,2959.16,15,44,110672.58,S10,South
2023-06-11,P505,Body Lotion,Beauty,1887.72,30,56,73998.62,S04,East
2023-06-11,P201,Men Casual Shirt,Fashion,3477.67,25,53,138237.38,S10,North
2023-06-11,P301,Basmati Rice 5kg,Grocery,188.1,0,65,12226.5,S09,North
2023-06-11,P406,Air Purifier,Home,2778.2,20,23,51118.88,S08,East
2023-06-12,P402,Cotton Bedsheet,Home,9809.34,25,25,183925.12,S01,East
2023-06-12,P401,Stainless Steel Cookware,Home,2677.03,40,19,30518.14,S03,East
2023-06-12,P105,Tablet Z2,Electronics,44801.18,30,14,439051.56,S06,West
2023-06-12,P301,Basmati Rice 5kg,Grocery,151.04,25,96,10874.88,S01,North
2023-06-12,P105,Tablet Z2,Electronics,64407.64,10,8,463735.01,S10,East
2023-06-12,P205,Formal Blazer,Fashion,4059.26,15,22,75908.16,S07,West
2023-06-12,P201,Men Casual Shirt,Fashion,4690.9,15,33,131579.74,S02,West
2023-06-12,P102,Laptop Pro,Electronics,48209.83,10,9,390499.62,S05,East
2023-06-12,P305,Green Tea Pack,Grocery,192.46,25,80,11547.6,S05,South
2023-06-12,P202,Women Kurti,Fashion,1709.99,40,24,24623.86,S03,West
2023-06-12,P204,Sports Shoes,Fashion,2353.85,15,25,50019.31,S03,East
2023-06-12,P103,Wireless Earbuds,Electronics,38879.58,10,9,314924.6,S08,West
2023-06-13,P205,Formal Blazer,Fashion,3055.11,0,18,54991.98,S04,East
2023-06-13,P504,Lipstick Set,Beauty,829.64,0,41,34015.24,S04,North
2023-06-13,P503,Sunscreen SPF50,Beauty,2938.77,20,46,108146.74,S08,West
2023-06-13,P104,Smart TV 43,Electronics,53881.81,25,13,525347.65,S01,West
2023-06-13,P502,Hair Serum,Beauty,994.9,25,39,29100.82,S05,West
2023-06-13,P305,Green Tea Pack,Grocery,373.37,5,84,29794.93,S04,North
2023-06-13,P501,Face Moisturizer,Beauty,104.64,0,27,2825.28,S10,West
2023-06-13,P202,Women Kurti,Fashion,2801.83,25,26,54635.68,S07,North
2023-06-13,P501,Face Moisturizer,Beauty,1687.58,10,37,56196.41,S06,West
2023-06-13,P303,Whole Wheat Flour,Grocery,94.62,15,99,7962.27,S04,North
2023-06-13,P102,Laptop Pro,Electronics,43627.79,40,14,366473.44,S04,East
2023-06-13,P305,Green Tea Pack,Grocery,223.89,10,75,15112.58,S07,West
2023-06-13,P401,Stainless Steel Cookware,Home,11857.01,0,15,177855.15,S03,West
2023-06-13,P403,Wall Clock,Home,3386.64,10,14,42671.66,S05,South
2023-06-14,P501,Face Moisturizer,Beauty,1545.39,25,32,37089.36,S08,East
2023-06-14,P206,Summer Dress,Fashion,4390.19,10,19,75072.25,S07,East
2023-06-14,P106,Bluetooth Speaker,Electronics,77547.22,5,8,589358.87,S08,East
2023-06-14,P104,Smart TV 43,Electronics,46544.84,15,11,435194.25,S06,South
2023-06-14,P403,Wall Clock,Home,4123.34,40,17,42058.07,S05,East
2023-06-14,P505,Body Lotion,Beauty,731.98,10,32,21081.02,S04,West
2023-06-14,P404,Wooden Bookshelf,Home,4635.7,0,18,83442.6,S04,West
2023-06-14,P406,Air Purifier,Home,6912.84,0,11,76041.24,S05,East
2023-06-14,P301,Basmati Rice 5kg,Grocery,209.39,10,67,12626.22,S02,West
2023-06-14,P304,Organic Honey,Grocery,691.3,0,55,38021.5,S01,East
2023-06-14,P302,Sunflower Oil 1L,Grocery,775.71,0,61,47318.31,S02,South
2023-06-14,P306,Mixed Nuts 500g,Grocery,96.03,25,87,6265.96,S04,East
2023-06-14,P503,Sunscreen SPF50,Beauty,2534.06,40,38,57776.57,S03,South
2023-06-14,P204,Sports Shoes,Fashion,2137.7,5,26,52801.19,S03,West
2023-06-14,P305,Green Tea Pack,Grocery,448.04,20,70,25090.24,S03,East
2023-06-15,P404,Wooden Bookshelf,Home,8189.51,10,15,110558.39,S10,North
2023-06-15,P401,Stainless Steel Cookware,Home,10936.44,10,14,137799.14,S10,South
2023-06-15,P503,Sunscreen SPF50,Beauty,646.8,0,43,27812.4,S04,West
2023-06-15,P202,Women Kurti,Fashion,1150.61,20,26,23932.69,S03,South
2023-06-15,P506,Perfume 100ml,Beauty,2372.43,5,27,60852.83,S07,South
2023-06-15,P203,Denim Jeans,Fashion,4398.52,5,38,158786.57,S01,West
2023-06-15,P403,Wall Clock,Home,3999.2,10,19,68386.32,S06,West
2023-06-15,P505,Body Lotion,Beauty,2225.15,5,406,858240.36,S05,West
2023-06-15,P103,Wireless Earbuds,Electronics,29562.74,0,7,206939.18,S10,East
2023-06-15,P202,Women Kurti,Fashion,4227.98,0,17,71875.66,S10,South
2023-06-15,P206,Summer Dress,Fashion,1150.38,10,20,20706.84,S09,North
2023-06-15,P206,Summer Dress,Fashion,4718.08,25,28,99079.68,S10,East
2023-06-16,P101,Smartphone X1,Electronics,49973.27,20,8,319828.93,S03,South
2023-06-16,P301,Basmati Rice 5kg,Grocery,617.54,30,96,41498.69,S06,West
2023-06-16,P502,Hair Serum,Beauty,2063.4,20,41,67679.52,S10,West
2023-06-16,P201,Men Casual Shirt,Fashion,3036.0,10,25,68310.0,S03,South
2023-06-16,P205,Formal Blazer,Fashion,4228.27,5,33,132556.26,S10,West
2023-06-16,P402,Cotton Bedsheet,Home,7622.95,25,19,108627.04,S04,North
2023-06-16,P203,Denim Jeans,Fashion,2977.74,0,24,71465.76,S02,East
2023-06-16,P103,Wireless Earbuds,Electronics,17130.49,20,10,137043.92,S04,North
2023-06-16,P206,Summer Dress,Fashion,544.96,10,24,11771.14,S03,East
2023-06-16,P304,Organic Honey,Grocery,649.84,0,63,40939.92,S05,North
2023-06-16,P104,Smart TV 43,Electronics,63568.68,10,7,400482.68,S10,North
2023-06-16,P501,Face Moisturizer,Beauty,1680.35,25,32,40328.4,S05,East
2023-06-16,P104,Smart TV 43,Electronics,70579.7,10,5,317608.65,S09,East
2023-06-17,P404,Wooden Bookshelf,Home,10332.29,0,17,175648.93,S05,South
2023-06-17,P504,Lipstick Set,Beauty,2861.45,0,52,148795.4,S06,West
2023-06-17,P104,Smart TV 43,Electronics,44996.18,5,11,470210.08,S03,North
2023-06-17,P404,Wooden Bookshelf,Home,10444.77,10,22,206806.45,S05,South
2023-06-17,P404,Wooden Bookshelf,Home,10212.58,40,21,128678.51,S02,East
2023-06-17,P406,Air Purifier,Home,12565.57,25,28,263876.97,S07,South
2023-06-17,P201,Men Casual Shirt,Fashion,494.34,0,27,13347.18,S10,East
2023-06-17,P501,Face Moisturizer,Beauty,2486.17,10,52,116352.76,S01,South
2023-06-17,P302,Sunflower Oil 1L,Grocery,333.07,20,52,13855.71,S09,East
2023-06-17,P404,Wooden Bookshelf,Home,2824.19,20,26,58743.15,S04,South
2023-06-17,P303,Whole Wheat Flour,Grocery,559.21,0,71,39703.91,S03,East
2023-06-17,P101,Smartphone X1,Electronics,8612.63,5,9,73637.99,S02,East
2023-06-17,P103,Wireless Earbuds,Electronics,76397.82,15,19,1233824.79,S01,West
2023-06-18,P503,Sunscreen SPF50,Beauty,1289.47,20,65,67052.44,S04,North
2023-06-18,P305,Green Tea Pack,Grocery,560.22,40,139,46722.35,S08,North
2023-06-18,P202,Women Kurti,Fashion,3147.5,5,38,113624.75,S07,South
2023-06-18,P401,Stainless Steel Cookware,Home,13912.47,15,16,189209.59,S07,East
2023-06-18,P406,Air Purifier,Home,11309.66,5,14,150418.48,S05,East
2023-06-18,P201,Men Casual Shirt,Fashion,2468.14,30,40,69107.92,S09,West
2023-06-18,P301,Basmati Rice 5kg,Grocery,256.29,0,103,26397.87,S04,South
2023-06-18,P401,Stainless Steel Cookware,Home,7769.35,10,19,132855.89,S05,South
2023-06-18,P406,Air Purifier,Home,6596.76,30,27,124678.76,S05,South
2023-06-19,P402,Cotton Bedsheet,Home,13622.55,25,24,245205.9,S10,North
2023-06-19,P103,Wireless Earbuds,Electronics,76393.23,40,13,595867.19,S04,East
2023-06-19,P202,Women Kurti,Fashion,4818.65,5,28,128176.09,S05,West
2023-06-19,P506,Perfume 100ml,Beauty,1081.91,0,24,25965.84,S09,South
2023-06-19,P304,Organic Honey,Grocery,449.09,10,56,22634.14,S03,North
2023-06-19,P404,Wooden Bookshelf,Home,9294.67,30,27,175669.26,S10,North
2023-06-19,P204,Sports Shoes,Fashion,4164.3,0,22,91614.6,S07,North
2023-06-19,P206,Summer Dress,Fashion,1243.01,5,35,41330.08,S06,West
2023-06-19,P303,Whole Wheat Flour,Grocery,609.02,10,40,21924.72,S09,East
2023-06-19,P404,Wooden Bookshelf,Home,13935.76,5,11,145628.69,S08,East
2023-06-19,P404,Wooden Bookshelf,Home,4923.27,15,9,37663.02,S09,South
2023-06-19,P203,Denim Jeans,Fashion,468.08,10,28,11795.62,S01,West
2023-06-19,P102,Laptop Pro,Electronics,10199.48,0,11,112194.28,S10,West
2023-06-20,P504,Lipstick Set,Beauty,2898.07,0,39,113024.73,S01,East
2023-06-20,P105,Tablet Z2,Electronics,46757.05,5,11,488611.17,S04,West
2023-06-20,P501,Face Moisturizer,Beauty,1070.11,40,52,33387.43,S01,East
2023-06-20,P301,Basmati Rice 5kg,Grocery,407.92,5,79,30614.4,S06,North
2023-06-20,P104,Smart TV 43,Electronics,59942.61,0,8,479540.88,S05,West
2023-06-20,P505,Body Lotion,Beauty,2147.86,5,43,87740.08,S01,South
2023-06-20,P202,Women Kurti,Fashion,1129.34,40,47,31847.39,S04,South
2023-06-20,P204,Sports Shoes,Fashion,663.13,10,34,20291.78,S01,South
2023-06-20,P505,Body Lotion,Beauty,2198.97,30,30,46178.37,S07,West
2023-06-20,P104,Smart TV 43,Electronics,56002.65,10,9,453621.47,S02,East
2023-06-20,P403,Wall Clock,Home,11348.21,0,15,170223.15,S02,South
2023-06-20,P404,Wooden Bookshelf,Home,12996.83,0,11,142965.13,S08,South
2023-06-20,P506,Perfume 100ml,Beauty,1984.27,0,37,73417.99,S06,South
2023-06-20,P504,Lipstick Set,Beauty,699.99,25,34,17849.74,S03,North
2023-06-20,P203,Denim Jeans,Fashion,1992.1,10,23,41236.47,S03,North
2023-06-21,P306,Mixed Nuts 500g,Grocery,82.35,5,68,5319.81,S03,North
2023-06-21,P304,Organic Honey,Grocery,686.68,0,64,43947.52,S10,West
2023-06-21,P101,Smartphone X1,Electronics,58858.3,25,14,618012.15,S05,North
2023-06-21,P201,Men Casual Shirt,Fashion,3730.48,15,19,60247.25,S02,East
2023-06-22,P403,Wall Clock,Home,13605.32,0,11,149658.52,S03,North
2023-06-22,P101,Smartphone X1,Electronics,75027.2,40,16,720261.12,S01,East
2023-06-22,P104,Smart TV 43,Electronics,73711.43,10,8,530722.3,S10,East
2023-06-22,P203,Denim Jeans,Fashion,1395.06,20,21,23437.01,S05,South
2023-06-22,P504,Lipstick Set,Beauty,208.22,5,24,4747.42,S08,West
2023-06-22,P302,Sunflower Oil 1L,Grocery,626.23,0,38,23796.74,S03,East
2023-06-22,P503,Sunscreen SPF50,Beauty,2605.96,5,44,108929.13,S01,South
2023-06-22,P401,Stainless Steel Cookware,Home,10803.19,5,20,205260.61,S06,West
2023-06-22,P305,Green Tea Pack,Grocery,232.73,25,99,17280.2,S03,West
2023-06-22,P204,Sports Shoes,Fashion,2165.86,5,25,51439.17,S03,East
2023-06-22,P403,Wall Clock,Home,12248.44,5,13,151268.23,S10,West
2023-06-23,P401,Stainless Steel Cookware,Home,8115.07,5,16,123349.06,S06,East
2023-06-23,P105,Tablet Z2,Electronics,39075.39,0,6,234452.34,S08,East
2023-06-23,P205,Formal Blazer,Fashion,2479.86,25,38,70676.01,S10,North
2023-06-23,P502,Hair Serum,Beauty,1970.1,15,45,75356.32,S02,North
2023-06-23,P305,Green Tea Pack,Grocery,333.5,10,63,18909.45,S08,South
2023-06-23,P206,Summer Dress,Fashion,318.64,0,25,7966.0,S04,East
2023-06-23,P206,Summer Dress,Fashion,618.33,10,23,12799.43,S09,West
2023-06-24,P304,Organic Honey,Grocery,654.56,30,106,48568.35,S03,East
2023-06-24,P302,Sunflower Oil 1L,Grocery,312.02,20,126,31451.62,S02,West
2023-06-24,P205,Formal Blazer,Fashion,2555.13,20,34,69499.54,S03,East
2023-06-24,P406,Air Purifier,Home,7864.88,10,13,92019.1,S03,North
2023-06-24,P101,Smartphone X1,Electronics,44805.83,0,17,761699.11,S08,North
2023-06-24,P203,Denim Jeans,Fashion,1888.38,0,32,60428.16,S02,West
2023-06-25,P105,Tablet Z2,Electronics,8526.21,30,14,83556.86,S10,East
2023-06-25,P505,Body Lotion,Beauty,2374.74,30,84,139634.71,S06,West
2023-06-25,P301,Basmati Rice 5kg,Grocery,786.06,40,110,51879.96,S10,East
2023-06-25,P506,Perfume 100ml,Beauty,1355.09,0,27,36587.43,S09,West
2023-06-25,P506,Perfume 100ml,Beauty,530.4,5,45,22674.6,S03,West
2023-06-25,P504,Lipstick Set,Beauty,795.21,0,42,33398.82,S04,South
2023-06-25,P105,Tablet Z2,Electronics,71875.65,15,18,1099697.44,S08,North
2023-06-25,P503,Sunscreen SPF50,Beauty,1201.64,25,49,44160.27,S09,South
2023-06-25,P506,Perfume 100ml,Beauty,2681.76,20,50,107270.4,S01,South
2023-06-25,P205,Formal Blazer,Fashion,4796.52,15,28,114157.18,S03,East
2023-06-25,P301,Basmati Rice 5kg,Grocery,563.33,10,71,35996.79,S09,South
2023-06-25,P204,Sports Shoes,Fashion,4251.43,15,43,155389.77,S06,North
2023-06-26,P303,Whole Wheat Flour,Grocery,246.99,15,68,14276.02,S09,South
2023-06-26,P202,Women Kurti,Fashion,1220.52,5,28,32465.83,S01,South
2023-06-26,P405,LED Desk Lamp,Home,12393.63,30,21,182186.36,S02,East
2023-06-26,P504,Lipstick Set,Beauty,854.66,5,30,24357.81,S05,East
2023-06-26,P303,Whole Wheat Flour,Grocery,785.95,15,74,49436.26,S07,West
2023-06-26,P105,Tablet Z2,Electronics,26337.59,25,11,217285.12,S03,South
2023-06-26,P303,Whole Wheat Flour,Grocery,246.24,10,52,11524.03,S05,East
2023-06-26,P503,Sunscreen SPF50,Beauty,2048.85,20,38,62285.04,S02,West
2023-06-26,P105,Tablet Z2,Electronics,70576.82,5,7,469335.85,S03,South
2023-06-26,P401,Stainless Steel Cookware,Home,9322.76,40,18,100685.81,S06,East
2023-06-26,P203,Denim Jeans,Fashion,3808.66,40,33,75411.47,S07,West
2023-06-26,P303,Whole Wheat Flour,Grocery,113.64,40,72,4909.25,S09,North
2023-06-26,P206,Summer Dress,Fashion,957.66,0,18,17237.88,S09,North
2023-06-26,P104,Smart TV 43,Electronics,7602.03,10,6,41050.96,S03,West
2023-06-26,P302,Sunflower Oil 1L,Grocery,619.49,40,70,26018.58,S03,East
2023-06-26,P401,Stainless Steel Cookware,Home,10393.01,10,15,140305.64,S05,South
2023-06-26,P202,Women Kurti,Fashion,4010.47,10,27,97454.42,S04,East
2023-06-26,P403,Wall Clock,Home,1638.35,30,23,26377.43,S03,South
2023-06-26,P406,Air Purifier,Home,4041.52,25,14,42435.96,S07,South
2023-06-26,P104,Smart TV 43,Electronics,28389.84,10,11,281059.42,S10,South
2023-06-26,P504,Lipstick Set,Beauty,880.19,15,42,31422.78,S06,West
2023-06-26,P202,Women Kurti,Fashion,4833.72,0,31,149845.32,S06,North
2023-06-26,P203,Denim Jeans,Fashion,2806.43,10,37,93454.12,S01,North
2023-06-26,P205,Formal Blazer,Fashion,745.78,10,23,15437.65,S03,South
2023-06-27,P404,Wooden Bookshelf,Home,4004.47,40,19,45650.96,S07,East
2023-06-27,P206,Summer Dress,Fashion,4135.5,0,24,99252.0,S10,East
2023-06-27,P206,Summer Dress,Fashion,2648.62,40,33,52442.68,S03,West
2023-06-27,P505,Body Lotion,Beauty,2799.1,0,34,95169.4,S06,West
2023-06-27,P304,Organic Honey,Grocery,244.01,0,76,18544.76,S06,North
2023-06-27,P203,Denim Jeans,Fashion,1422.22,5,32,43235.49,S02,North
2023-06-27,P202,Women Kurti,Fashion,500.58,0,25,12514.5,S04,South
2023-06-27,P405,LED Desk Lamp,Home,8164.35,30,24,137161.08,S08,West
2023-06-27,P501,Face Moisturizer,Beauty,1864.2,5,33,58442.67,S04,East
2023-06-27,P205,Formal Blazer,Fashion,597.13,0,16,9554.08,S07,East
2023-06-27,P104,Smart TV 43,Electronics,49822.84,10,8,358724.45,S07,North
2023-06-27,P205,Formal Blazer,Fashion,4667.93,20,31,115764.66,S08,South
2023-06-27,P301,Basmati Rice 5kg,Grocery,155.93,10,57,7999.21,S02,East
2023-06-27,P104,Smart TV 43,Electronics,51797.12,30,14,507611.78,S05,North
2023-06-27,P401,Stainless Steel Cookware,Home,2082.05,30,29,42265.61,S01,West
2023-06-27,P103,Wireless Earbuds,Electronics,11181.74,15,13,123558.23,S05,East
2023-06-27,P505,Body Lotion,Beauty,1867.79,5,34,60329.62,S04,West
2023-06-27,P506,Perfume 100ml,Beauty,1287.78,0,26,33482.28,S03,East
2023-06-28,P504,Lipstick Set,Beauty,2847.23,40,56,95666.93,S01,South
2023-06-28,P206,Summer Dress,Fashion,1174.18,20,31,29119.66,S01,East
2023-06-28,P302,Sunflower Oil 1L,Grocery,615.78,0,67,41257.26,S07,North
2023-06-28,P406,Air Purifier,Home,6468.38,40,22,85382.62,S05,West
2023-06-28,P201,Men Casual Shirt,Fashion,1966.4,5,31,57910.48,S05,North
2023-06-28,P304,Organic Honey,Grocery,369.79,0,65,24036.35,S02,West
2023-06-28,P401,Stainless Steel Cookware,Home,5100.42,30,19,67835.59,S03,North
2023-06-28,P205,Formal Blazer,Fashion,3162.68,15,30,80648.34,S02,East
2023-06-28,P104,Smart TV 43,Electronics,9388.57,0,8,75108.56,S08,South
2023-06-28,P503,Sunscreen SPF50,Beauty,2736.98,30,43,82383.1,S06,South
2023-06-28,P402,Cotton Bedsheet,Home,3381.41,40,20,40576.92,S10,South
2023-06-28,P401,Stainless Steel Cookware,Home,4871.64,0,11,53588.04,S09,West
2023-06-28,P403,Wall Clock,Home,4496.24,10,16,64745.86,S03,North
2023-06-28,P503,Sunscreen SPF50,Beauty,214.34,0,23,4929.82,S07,East
2023-06-28,P305,Green Tea Pack,Grocery,196.99,0,81,15956.19,S04,South
2023-06-29,P202,Women Kurti,Fashion,4375.09,10,21,82689.2,S09,North
2023-06-29,P402,Cotton Bedsheet,Home,4185.99,10,15,56510.86,S05,East
2023-06-29,P504,Lipstick Set,Beauty,2550.22,20,29,59165.1,S07,North
2023-06-29,P204,Sports Shoes,Fashion,3879.41,15,31,102222.45,S02,North
2023-06-29,P304,Organic Honey,Grocery,343.48,0,70,24043.6,S04,North
2023-06-29,P302,Sunflower Oil 1L,Grocery,197.64,10,70,12451.32,S04,West
2023-06-29,P406,Air Purifier,Home,2008.18,10,15,27110.43,S06,East
2023-06-29,P405,LED Desk Lamp,Home,7646.9,10,13,89468.73,S02,North
2023-06-29,P105,Tablet Z2,Electronics,76835.45,5,13,948917.81,S01,North
2023-06-29,P204,Sports Shoes,Fashion,2651.23,30,29,53819.97,S09,South
2023-06-29,P202,Women Kurti,Fashion,4550.34,10,25,102382.65,S07,North
2023-06-30,P106,Bluetooth Speaker,Electronics,62638.82,5,12,714082.55,S06,East
2023-06-30,P503,Sunscreen SPF50,Beauty,1603.99,0,21,33683.79,S09,West
2023-06-30,P203,Denim Jeans,Fashion,3589.84,40,28,60309.31,S03,South
2023-06-30,P502,Hair Serum,Beauty,2249.21,10,27,54655.8,S09,West
2023-06-30,P402,Cotton Bedsheet,Home,10934.67,25,14,114814.04,S09,East
2023-06-30,P102,Laptop Pro,Electronics,26653.3,40,13,207895.74,S07,South
2023-06-30,P201,Men Casual Shirt,Fashion,3113.85,40,29,54180.99,S07,West
2023-06-30,P305,Green Tea Pack,Grocery,721.19,5,82,56180.7,S08,West
2023-06-30,P505,Body Lotion,Beauty,1669.43,15,47,66693.73,S06,North
2023-06-30,P202,Women Kurti,Fashion,2108.48,15,35,62727.28,S06,North
2023-06-30,P504,Lipstick Set,Beauty,2572.02,5,42,102623.6,S06,North
2023-06-30,P106,Bluetooth Speaker,Electronics,58402.22,5,10,554821.09,S05,North
2023-06-30,P303,Whole Wheat Flour,Grocery,186.92,20,79,11813.34,S05,East
2023-06-30,P205,Formal Blazer,Fashion,4595.71,0,18,82722.78,S06,East
2023-06-30,P506,Perfume 100ml,Beauty,1448.13,40,44,38230.63,S05,West
2023-06-30,P403,Wall Clock,Home,10515.13,40,17,107254.33,S02,East
2023-07-01,P401,Stainless Steel Cookware,Home,8879.97,10,20,159839.46,S08,North
2023-07-01,P403,Wall Clock,Home,14094.43,5,14,187455.92,S09,South
2023-07-01,P502,Hair Serum,Beauty,2856.52,20,37,84552.99,S04,East
2023-07-01,P504,Lipstick Set,Beauty,2090.67,20,51,85299.34,S06,South
2023-07-01,P502,Hair Serum,Beauty,2673.53,5,33,83815.17,S09,East
2023-07-01,P403,Wall Clock,Home,963.99,30,24,16195.03,S09,West
2023-07-01,P205,Formal Blazer,Fashion,4608.79,0,27,124437.33,S05,West
2023-07-01,P305,Green Tea Pack,Grocery,300.0,15,105,26775.0,S07,West
2023-07-01,P201,Men Casual Shirt,Fashion,2048.93,5,20,38929.67,S03,North
2023-07-01,P402,Cotton Bedsheet,Home,5073.78,0,13,65959.14,S05,East
2023-07-01,P403,Wall Clock,Home,4364.03,5,22,91208.23,S06,West
2023-07-01,P505,Body Lotion,Beauty,1951.01,15,49,81259.57,S08,West
2023-07-01,P404,Wooden Bookshelf,Home,7891.07,15,28,187807.47,S08,West
2023-07-01,P302,Sunflower Oil 1L,Grocery,596.97,15,77,39071.69,S03,North
2023-07-02,P203,Denim Jeans,Fashion,4321.69,15,44,161631.21,S01,North
2023-07-02,P101,Smartphone X1,Electronics,47004.27,0,8,376034.16,S09,East
2023-07-02,P106,Bluetooth Speaker,Electronics,31395.89,40,17,320238.08,S03,West
2023-07-02,P204,Sports Shoes,Fashion,3688.1,0,23,84826.3,S10,West
2023-07-02,P401,Stainless Steel Cookware,Home,9210.28,5,12,104997.19,S07,East
2023-07-02,P506,Perfume 100ml,Beauty,1547.09,5,34,49971.01,S08,North
2023-07-02,P102,Laptop Pro,Electronics,16946.1,0,11,186407.1,S02,West
2023-07-02,P201,Men Casual Shirt,Fashion,1975.73,30,40,55320.44,S03,North
2023-07-02,P103,Wireless Earbuds,Electronics,71564.86,15,16,973282.1,S06,South
2023-07-02,P206,Summer Dress,Fashion,2377.67,0,29,68952.43,S01,South
2023-07-02,P401,Stainless Steel Cookware,Home,2951.76,0,17,50179.92,S02,East
2023-07-02,P203,Denim Jeans,Fashion,2656.84,0,30,79705.2,S06,East
2023-07-03,P403,Wall Clock,Home,11494.57,15,24,234489.23,S08,East
2023-07-03,P205,Formal Blazer,Fashion,4234.3,5,15,60338.77,S05,East
2023-07-03,P201,Men Casual Shirt,Fashion,916.91,0,27,24756.57,S06,South
2023-07-03,P505,Body Lotion,Beauty,2453.44,10,14,30913.34,S08,North
2023-07-03,P101,Smartphone X1,Electronics,49815.74,5,12,567899.44,S06,West
2023-07-03,P203,Denim Jeans,Fashion,401.7,25,22,6628.05,S08,East
2023-07-03,P201,Men Casual Shirt,Fashion,754.39,15,22,14107.09,S07,East
2023-07-03,P105,Tablet Z2,Electronics,16808.37,10,10,151275.33,S06,West
2023-07-03,P403,Wall Clock,Home,1719.72,5,15,24506.01,S04,East
2023-07-03,P501,Face Moisturizer,Beauty,2197.3,0,18,39551.4,S08,East
2023-07-04,P104,Smart TV 43,Electronics,26446.3,0,10,264463.0,S06,South
2023-07-04,P304,Organic Honey,Grocery,233.99,5,780,173386.59,S03,East
2023-07-04,P404,Wooden Bookshelf,Home,5225.87,30,16,58529.74,S07,North
2023-07-04,P206,Summer Dress,Fashion,3467.25,0,19,65877.75,S06,East
2023-07-04,P403,Wall Clock,Home,4272.27,10,15,57675.65,S06,West
2023-07-04,P103,Wireless Earbuds,Electronics,66715.86,25,11,550405.84,S04,South
2023-07-04,P401,Stainless Steel Cookware,Home,10728.21,25,20,160923.15,S01,East
2023-07-04,P501,Face Moisturizer,Beauty,1371.52,5,24,31270.66,S08,South
2023-07-04,P504,Lipstick Set,Beauty,1748.28,15,40,59441.52,S01,South
2023-07-04,P401,Stainless Steel Cookware,Home,3684.91,20,17,50114.78,S06,South
2023-07-04,P402,Cotton Bedsheet,Home,5924.87,15,14,70505.95,S05,East
2023-07-04,P303,Whole Wheat Flour,Grocery,174.12,40,96,10029.31,S09,North
2023-07-04,P203,Denim Jeans,Fashion,1364.75,0,22,30024.5,S08,South
2023-07-04,P506,Perfume 100ml,Beauty,1326.16,5,19,23937.19,S03,West
2023-07-04,P301,Basmati Rice 5kg,Grocery,633.52,0,47,29775.44,S09,West
2023-07-04,P206,Summer Dress,Fashion,1282.85,20,19,19499.32,S08,North
2023-07-04,P501,Face Moisturizer,Beauty,2484.51,5,31,73168.82,S03,North
2023-07-05,P403,Wall Clock,Home,3175.42,20,17,43185.71,S03,South
2023-07-05,P106,Bluetooth Speaker,Electronics,32415.3,10,11,320911.47,S01,East
2023-07-05,P306,Mixed Nuts 500g,Grocery,416.49,5,73,28883.58,S08,West
2023-07-05,P304,Organic Honey,Grocery,407.55,5,61,23617.52,S05,West
2023-07-05,P303,Whole Wheat Flour,Grocery,418.79,10,61,22991.57,S09,North
2023-07-05,P404,Wooden Bookshelf,Home,6147.62,5,11,64242.63,S09,South
2023-07-05,P105,Tablet Z2,Electronics,12817.95,15,8,87162.06,S10,East
2023-07-05,P106,Bluetooth Speaker,Electronics,69988.57,40,12,503917.7,S05,South
2023-07-05,P403,Wall Clock,Home,1045.6,20,17,14220.16,S04,South
2023-07-05,P302,Sunflower Oil 1L,Grocery,589.98,15,82,41121.61,S08,West
2023-07-05,P402,Cotton Bedsheet,Home,10671.62,0,12,128059.44,S08,East
2023-07-05,P202,Women Kurti,Fashion,3991.16,20,33,105366.62,S01,West
2023-07-05,P301,Basmati Rice 5kg,Grocery,423.17,5,52,20904.6,S03,North
2023-07-05,P101,Smartphone X1,Electronics,38479.24,30,7,188548.28,S07,South
2023-07-05,P101,Smartphone X1,Electronics,36826.3,40,13,287245.14,S10,North
2023-07-05,P304,Organic Honey,Grocery,626.73,15,91,48477.57,S06,North
2023-07-06,P502,Hair Serum,Beauty,2629.08,0,39,102534.12,S06,North
2023-07-06,P206,Summer Dress,Fashion,4354.67,25,23,75118.06,S07,North
2023-07-06,P102,Laptop Pro,Electronics,69869.03,5,13,862882.52,S01,West
2023-07-06,P403,Wall Clock,Home,6085.44,30,22,93715.78,S04,East
2023-07-06,P306,Mixed Nuts 500g,Grocery,308.9,10,72,20016.72,S06,South
2023-07-06,P305,Green Tea Pack,Grocery,385.11,40,84,19409.54,S09,East
2023-07-06,P103,Wireless Earbuds,Electronics,29676.8,0,10,296768.0,S05,North
2023-07-06,P103,Wireless Earbuds,Electronics,6778.16,5,9,57953.27,S04,North
2023-07-06,P102,Laptop Pro,Electronics,61804.36,0,11,679847.96,S06,North
2023-07-07,P406,Air Purifier,Home,3131.84,40,20,37582.08,S02,West
2023-07-07,P206,Summer Dress,Fashion,580.14,10,15,7831.89,S07,East
2023-07-07,P301,Basmati Rice 5kg,Grocery,421.93,20,75,25315.8,S01,East
2023-07-07,P405,LED Desk Lamp,Home,6856.97,20,19,104225.94,S06,South
2023-07-07,P202,Women Kurti,Fashion,489.09,25,28,10270.89,S08,South
2023-07-07,P201,Men Casual Shirt,Fashion,2574.36,0,18,46338.48,S09,West
2023-07-07,P103,Wireless Earbuds,Electronics,57166.51,5,10,543081.84,S06,South
2023-07-07,P303,Whole Wheat Flour,Grocery,689.61,15,70,41031.8,S07,South
2023-07-07,P501,Face Moisturizer,Beauty,795.12,0,19,15107.28,S07,North
2023-07-08,P303,Whole Wheat Flour,Grocery,458.8,15,95,37048.1,S05,East
2023-07-08,P403,Wall Clock,Home,4091.85,10,20,73653.3,S02,South
2023-07-08,P403,Wall Clock,Home,1096.14,20,18,15784.42,S08,North
2023-07-08,P201,Men Casual Shirt,Fashion,1859.39,5,31,54759.04,S10,North
2023-07-08,P304,Organic Honey,Grocery,691.75,20,136,75262.4,S06,West
2023-07-08,P206,Summer Dress,Fashion,1118.31,5,16,16998.31,S03,East
2023-07-09,P204,Sports Shoes,Fashion,332.1,10,33,9863.37,S06,South
2023-07-09,P203,Denim Jeans,Fashion,2199.8,20,28,49275.52,S03,West
2023-07-09,P202,Women Kurti,Fashion,4733.77,0,28,132545.56,S10,West
2023-07-09,P202,Women Kurti,Fashion,596.24,20,56,26711.55,S01,North
2023-07-09,P402,Cotton Bedsheet,Home,8413.75,0,14,117792.5,S09,West
2023-07-09,P405,LED Desk Lamp,Home,11965.89,0,24,287181.36,S06,West
2023-07-09,P505,Body Lotion,Beauty,2225.65,10,34,68104.89,S08,East
2023-07-09,P106,Bluetooth Speaker,Electronics,37345.25,5,13,461213.84,S08,South
2023-07-09,P404,Wooden Bookshelf,Home,10764.16,5,15,153389.28,S03,East
2023-07-09,P302,Sunflower Oil 1L,Grocery,700.66,0,88,61658.08,S10,East
2023-07-09,P102,Laptop Pro,Electronics,4095.39,10,12,44230.21,S04,North
2023-07-09,P502,Hair Serum,Beauty,1224.82,30,47,40296.58,S05,East
2023-07-09,P306,Mixed Nuts 500g,Grocery,695.29,0,100,69529.0,S08,North
2023-07-09,P405,LED Desk Lamp,Home,13786.5,25,21,217137.38,S02,South
2023-07-09,P506,Perfume 100ml,Beauty,1463.92,40,63,55336.18,S02,North
2023-07-09,P406,Air Purifier,Home,12554.18,10,20,225975.24,S02,South
2023-07-09,P104,Smart TV 43,Electronics,24426.41,25,15,274797.11,S06,North
2023-07-09,P506,Perfume 100ml,Beauty,2243.36,40,56,75376.9,S10,West
2023-07-09,P504,Lipstick Set,Beauty,773.52,0,37,28620.24,S02,North
2023-07-10,P101,Smartphone X1,Electronics,4523.19,15,12,46136.54,S10,West
2023-07-10,P201,Men Casual Shirt,Fashion,1518.95,10,20,27341.1,S03,South
2023-07-10,P205,Formal Blazer,Fashion,3523.71,20,31,87388.01,S06,South
2023-07-10,P105,Tablet Z2,Electronics,41025.87,30,11,315899.2,S02,South
2023-07-10,P201,Men Casual Shirt,Fashion,3203.39,10,22,63427.12,S04,South
2023-07-10,P203,Denim Jeans,Fashion,1595.49,15,27,36616.5,S03,West
2023-07-10,P103,Wireless Earbuds,Electronics,50613.08,30,13,460579.03,S01,North
2023-07-10,P503,Sunscreen SPF50,Beauty,2650.3,10,25,59631.75,S03,West
2023-07-10,P404,Wooden Bookshelf,Home,3697.65,15,23,72289.06,S08,North
2023-07-10,P303,Whole Wheat Flour,Grocery,334.87,5,61,19405.72,S02,North
2023-07-10,P104,Smart TV 43,Electronics,48298.83,40,10,289792.98,S10,West
2023-07-10,P403,Wall Clock,Home,6575.9,5,19,118694.99,S01,North
2023-07-10,P403,Wall Clock,Home,2214.07,15,15,28229.39,S10,East
2023-07-10,P206,Summer Dress,Fashion,4525.5,10,25,101823.75,S10,West
2023-07-10,P505,Body Lotion,Beauty,1401.22,10,35,44138.43,S05,North
2023-07-10,P405,LED Desk Lamp,Home,4074.29,5,13,50317.48,S07,North
2023-07-10,P304,Organic Honey,Grocery,222.19,15,71,13409.17,S03,South
2023-07-10,P103,Wireless Earbuds,Electronics,57785.28,40,13,450725.18,S05,South
2023-07-10,P503,Sunscreen SPF50,Beauty,1772.19,10,34,54229.01,S04,South
2023-07-11,P506,Perfume 100ml,Beauty,887.16,0,10,8871.6,S07,East
2023-07-11,P303,Whole Wheat Flour,Grocery,135.47,30,74,7017.35,S04,West
2023-07-11,P403,Wall Clock,Home,7464.96,0,16,119439.36,S01,South
2023-07-11,P103,Wireless Earbuds,Electronics,71414.39,40,13,557032.24,S08,West
2023-07-11,P402,Cotton Bedsheet,Home,8243.34,0,13,107163.42,S06,East
2023-07-11,P501,Face Moisturizer,Beauty,2158.54,5,24,49214.71,S05,East
2023-07-11,P201,Men Casual Shirt,Fashion,1812.97,0,20,36259.4,S08,South
2023-07-11,P303,Whole Wheat Flour,Grocery,75.99,25,91,5186.32,S08,South
2023-07-11,P105,Tablet Z2,Electronics,31674.97,0,9,285074.73,S08,East
2023-07-11,P206,Summer Dress,Fashion,4607.01,0,17,78319.17,S09,West
2023-07-11,P206,Summer Dress,Fashion,609.81,0,25,15245.25,S01,South
2023-07-11,P106,Bluetooth Speaker,Electronics,4511.1,5,10,42855.45,S06,West
2023-07-11,P101,Smartphone X1,Electronics,47074.67,30,10,329522.69,S07,South
2023-07-11,P204,Sports Shoes,Fashion,1791.12,0,19,34031.28,S09,West
2023-07-11,P306,Mixed Nuts 500g,Grocery,110.49,0,59,6518.91,S04,South
2023-07-12,P406,Air Purifier,Home,9093.96,5,10,86392.62,S09,South
2023-07-12,P502,Hair Serum,Beauty,2570.66,25,34,65551.83,S07,East
2023-07-12,P206,Summer Dress,Fashion,3310.77,20,23,60918.17,S09,West
2023-07-12,P104,Smart TV 43,Electronics,66315.22,5,10,629994.59,S04,West
2023-07-12,P405,LED Desk Lamp,Home,1676.0,0,15,25140.0,S02,South
2023-07-12,P301,Basmati Rice 5kg,Grocery,777.29,0,45,34978.05,S03,North
2023-07-12,P501,Face Moisturizer,Beauty,2615.47,10,16,37662.77,S03,East
2023-07-12,P203,Denim Jeans,Fashion,3385.9,5,28,90064.94,S01,South
2023-07-12,P505,Body Lotion,Beauty,2226.92,40,37,49437.62,S02,East
2023-07-12,P406,Air Purifier,Home,6692.48,20,9,48185.86,S07,South
2023-07-12,P401,Stainless Steel Cookware,Home,13765.84,15,28,327626.99,S06,North
2023-07-12,P405,LED Desk Lamp,Home,9726.05,10,16,140055.12,S06,West
2023-07-12,P105,Tablet Z2,Electronics,73646.28,0,6,441877.68,S05,East
2023-07-12,P501,Face Moisturizer,Beauty,1100.3,40,40,26407.2,S05,West
2023-07-12,P103,Wireless Earbuds,Electronics,61993.0,0,8,495944.0,S10,East
2023-07-12,P401,Stainless Steel Cookware,Home,12247.13,20,20,195954.08,S06,South
2023-07-13,P205,Formal Blazer,Fashion,4323.26,10,16,62254.94,S07,South
2023-07-13,P405,LED Desk Lamp,Home,9942.17,20,19,151120.98,S01,North
2023-07-13,P504,Lipstick Set,Beauty,496.2,30,27,9378.18,S07,East
2023-07-13,P503,Sunscreen SPF50,Beauty,362.86,0,22,7982.92,S03,North
2023-07-13,P206,Summer Dress,Fashion,1464.07,25,29,31843.52,S10,North
2023-07-13,P305,Green Tea Pack,Grocery,734.4,5,39,27209.52,S10,West
2023-07-13,P204,Sports Shoes,Fashion,1430.74,20,19,21747.25,S03,East
2023-07-13,P305,Green Tea Pack,Grocery,241.89,0,72,17416.08,S05,South
2023-07-13,P201,Men Casual Shirt,Fashion,1475.7,5,20,28038.3,S05,South
2023-07-13,P305,Green Tea Pack,Grocery,376.08,30,84,22113.5,S02,East
2023-07-13,P302,Sunflower Oil 1L,Grocery,283.82,0,67,19015.94,S10,South
2023-07-13,P106,Bluetooth Speaker,Electronics,38718.21,25,10,290386.57,S07,West
2023-07-13,P403,Wall Clock,Home,14546.27,5,18,248741.22,S06,South
2023-07-13,P201,Men Casual Shirt,Fashion,2686.14,15,21,47947.6,S10,East
2023-07-14,P103,Wireless Earbuds,Electronics,37082.86,20,11,326329.17,S05,North
2023-07-14,P206,Summer Dress,Fashion,4590.65,20,19,69777.88,S07,North
2023-07-14,P306,Mixed Nuts 500g,Grocery,729.89,30,106,54157.84,S04,West
2023-07-14,P101,Smartphone X1,Electronics,31186.39,0,9,280677.51,S10,North
2023-07-14,P103,Wireless Earbuds,Electronics,12014.78,30,11,92513.81,S03,West
2023-07-14,P203,Denim Jeans,Fashion,2762.23,25,32,66293.52,S09,West
2023-07-14,P205,Formal Blazer,Fashion,4154.81,0,29,120489.49,S01,North
2023-07-14,P303,Whole Wheat Flour,Grocery,508.12,0,45,22865.4,S05,West
2023-07-15,P105,Tablet Z2,Electronics,55648.12,15,17,804115.33,S10,North
2023-07-15,P504,Lipstick Set,Beauty,325.72,10,35,10260.18,S02,North
2023-07-15,P102,Laptop Pro,Electronics,45418.26,10,11,449640.77,S05,South
2023-07-15,P105,Tablet Z2,Electronics,11754.81,40,19,134004.83,S10,West
2023-07-15,P101,Smartphone X1,Electronics,11443.89,0,10,114438.9,S01,East
2023-07-15,P201,Men Casual Shirt,Fashion,3310.66,0,26,86077.16,S09,West
2023-07-15,P302,Sunflower Oil 1L,Grocery,589.94,10,87,46192.3,S05,West
2023-07-15,P304,Organic Honey,Grocery,405.26,5,95,36574.71,S02,North
2023-07-15,P103,Wireless Earbuds,Electronics,6271.47,0,12,75257.64,S08,South
2023-07-15,P203,Denim Jeans,Fashion,2505.06,40,53,79660.91,S01,North
2023-07-15,P501,Face Moisturizer,Beauty,2269.35,25,56,95312.7,S08,South
2023-07-16,P204,Sports Shoes,Fashion,2725.07,15,22,50958.81,S09,West
2023-07-16,P303,Whole Wheat Flour,Grocery,716.63,0,67,48014.21,S05,East
2023-07-16,P505,Body Lotion,Beauty,2476.98,15,43,90533.62,S07,South
2023-07-16,P502,Hair Serum,Beauty,2160.74,15,52,95504.71,S06,West
2023-07-16,P403,Wall Clock,Home,7713.01,25,25,144618.94,S08,South
2023-07-16,P501,Face Moisturizer,Beauty,1040.17,40,55,34325.61,S07,West
2023-07-16,P105,Tablet Z2,Electronics,17876.09,0,11,196636.99,S01,North
2023-07-16,P104,Smart TV 43,Electronics,74483.16,0,9,670348.44,S03,West
2023-07-17,P502,Hair Serum,Beauty,547.08,10,40,19694.88,S01,West
2023-07-17,P404,Wooden Bookshelf,Home,8202.91,10,18,132887.14,S05,South
2023-07-17,P401,Stainless Steel Cookware,Home,11390.77,25,23,196490.78,S06,South
2023-07-17,P402,Cotton Bedsheet,Home,7144.31,40,24,102878.06,S08,South
2023-07-17,P505,Body Lotion,Beauty,2702.04,15,32,73495.49,S10,North
2023-07-17,P503,Sunscreen SPF50,Beauty,2841.5,10,40,102294.0,S01,North
2023-07-17,P403,Wall Clock,Home,4971.43,0,10,49714.3,S03,East
2023-07-17,P506,Perfume 100ml,Beauty,640.24,0,27,17286.48,S07,North
2023-07-17,P201,Men Casual Shirt,Fashion,4649.54,10,17,71137.96,S07,North
2023-07-17,P506,Perfume 100ml,Beauty,948.41,0,21,19916.61,S06,East
2023-07-17,P101,Smartphone X1,Electronics,36815.3,25,9,248503.28,S09,North
2023-07-17,P202,Women Kurti,Fashion,4799.8,5,25,113995.25,S03,North
2023-07-17,P301,Basmati Rice 5kg,Grocery,520.16,0,71,36931.36,S10,West
2023-07-17,P201,Men Casual Shirt,Fashion,3198.88,5,17,51661.91,S03,South
2023-07-17,P305,Green Tea Pack,Grocery,175.55,20,76,10673.44,S02,North
2023-07-17,P106,Bluetooth Speaker,Electronics,59447.83,0,13,772821.79,S01,North
2023-07-17,P505,Body Lotion,Beauty,2876.15,20,34,78231.28,S10,North
2023-07-18,P103,Wireless Earbuds,Electronics,39372.52,40,13,307105.66,S01,West
2023-07-18,P501,Face Moisturizer,Beauty,683.62,0,26,17774.12,S09,South
2023-07-18,P106,Bluetooth Speaker,Electronics,41924.75,10,10,377322.75,S02,West
2023-07-19,P403,Wall Clock,Home,955.69,10,12,10321.45,S05,West
2023-07-19,P206,Summer Dress,Fashion,1233.78,40,38,28130.18,S04,North
2023-07-19,P303,Whole Wheat Flour,Grocery,511.24,10,118,54293.69,S01,North
2023-07-19,P305,Green Tea Pack,Grocery,271.98,10,58,14197.36,S10,West
2023-07-19,P403,Wall Clock,Home,8541.29,15,18,130681.74,S05,East
2023-07-19,P406,Air Purifier,Home,14254.11,10,16,205259.18,S07,North
2023-07-19,P104,Smart TV 43,Electronics,27349.98,20,10,218799.84,S10,South
2023-07-19,P401,Stainless Steel Cookware,Home,1897.3,0,13,24664.9,S01,East
2023-07-19,P401,Stainless Steel Cookware,Home,4484.24,5,18,76680.5,S02,West
2023-07-19,P503,Sunscreen SPF50,Beauty,1688.08,30,34,40176.3,S03,East
2023-07-19,P401,Stainless Steel Cookware,Home,7159.06,20,22,125999.46,S04,North
2023-07-19,P505,Body Lotion,Beauty,2393.06,10,34,73227.64,S05,South
2023-07-19,P105,Tablet Z2,Electronics,37211.0,0,9,334899.0,S02,South
2023-07-19,P206,Summer Dress,Fashion,3150.87,20,18,45372.53,S03,South
2023-07-19,P304,Organic Honey,Grocery,256.95,10,67,15494.08,S01,East
2023-07-19,P203,Denim Jeans,Fashion,4798.45,40,34,97888.38,S04,North
2023-07-19,P404,Wooden Bookshelf,Home,9266.94,5,15,132053.89,S02,East
2023-07-19,P106,Bluetooth Speaker,Electronics,44661.16,40,12,321560.35,S03,South
2023-07-19,P106,Bluetooth Speaker,Electronics,17783.82,5,5,84473.15,S09,South
2023-07-20,P306,Mixed Nuts 500g,Grocery,53.89,10,58,2813.06,S10,North
2023-07-20,P304,Organic Honey,Grocery,755.24,10,73,49619.27,S07,North
2023-07-20,P105,Tablet Z2,Electronics,74035.32,5,9,633001.99,S08,North
2023-07-20,P304,Organic Honey,Grocery,147.43,20,59,6958.7,S07,North
2023-07-20,P306,Mixed Nuts 500g,Grocery,779.22,10,72,50493.46,S06,South
2023-07-20,P203,Denim Jeans,Fashion,3647.75,25,29,79338.56,S10,West
2023-07-20,P101,Smartphone X1,Electronics,54810.94,0,6,328865.64,S09,West
2023-07-20,P405,LED Desk Lamp,Home,14302.14,20,19,217392.53,S04,South
2023-07-20,P506,Perfume 100ml,Beauty,2043.23,15,39,67733.07,S02,North
2023-07-20,P203,Denim Jeans,Fashion,717.25,40,36,15492.6,S08,West
2023-07-20,P103,Wireless Earbuds,Electronics,60250.73,10,7,379579.6,S03,South
2023-07-20,P405,LED Desk Lamp,Home,2082.33,0,14,29152.62,S04,South
2023-07-20,P206,Summer Dress,Fashion,4086.64,0,21,85819.44,S03,West
2023-07-20,P303,Whole Wheat Flour,Grocery,612.96,5,106,61725.07,S06,West
2023-07-20,P504,Lipstick Set,Beauty,1699.93,10,24,36718.49,S07,South
2023-07-20,P202,Women Kurti,Fashion,4085.6,0,20,81712.0,S09,South
2023-07-21,P206,Summer Dress,Fashion,964.67,15,36,29518.9,S05,North
2023-07-21,P402,Cotton Bedsheet,Home,10781.76,20,20,172508.16,S04,West
2023-07-21,P106,Bluetooth Speaker,Electronics,58445.86,30,11,450033.12,S07,North
2023-07-21,P505,Body Lotion,Beauty,946.97,25,29,20596.6,S07,East
2023-07-21,P305,Green Tea Pack,Grocery,678.88,10,113,69042.1,S01,North
2023-07-21,P402,Cotton Bedsheet,Home,9577.86,30,13,87158.53,S03,South
2023-07-21,P102,Laptop Pro,Electronics,59406.07,0,7,415842.49,S04,East
2023-07-22,P203,Denim Jeans,Fashion,2092.53,40,42,52731.76,S07,South
2023-07-22,P402,Cotton Bedsheet,Home,4513.89,25,31,104947.94,S10,South
2023-07-22,P203,Denim Jeans,Fashion,2275.49,5,35,75660.04,S01,North
2023-07-22,P203,Denim Jeans,Fashion,3409.81,5,28,90700.95,S08,North
2023-07-22,P306,Mixed Nuts 500g,Grocery,673.55,25,145,73248.56,S06,East
2023-07-22,P406,Air Purifier,Home,8089.02,10,21,152882.48,S06,North
2023-07-22,P505,Body Lotion,Beauty,2154.15,15,48,87889.32,S08,West
2023-07-22,P401,Stainless Steel Cookware,Home,4390.09,0,18,79021.62,S01,East
2023-07-22,P405,LED Desk Lamp,Home,265.86,5,21,5303.91,S07,West
2023-07-22,P504,Lipstick Set,Beauty,2291.43,0,44,100822.92,S01,North
2023-07-22,P206,Summer Dress,Fashion,4944.56,5,30,140919.96,S08,North
2023-07-22,P102,Laptop Pro,Electronics,62532.53,10,15,844189.16,S01,West
2023-07-22,P205,Formal Blazer,Fashion,1132.59,30,26,20613.14,S03,North
2023-07-23,P303,Whole Wheat Flour,Grocery,526.56,0,62,32646.72,S08,West
2023-07-23,P306,Mixed Nuts 500g,Grocery,350.78,10,79,24940.46,S03,North
2023-07-23,P404,Wooden Bookshelf,Home,5844.19,10,24,126234.5,S02,South
2023-07-23,P301,Basmati Rice 5kg,Grocery,496.45,15,107,45152.13,S07,West
2023-07-23,P203,Denim Jeans,Fashion,4461.3,40,40,107071.2,S03,South
2023-07-23,P506,Perfume 100ml,Beauty,1297.79,5,28,34521.21,S04,North
2023-07-23,P406,Air Purifier,Home,7197.82,30,26,131000.32,S02,South
2023-07-23,P403,Wall Clock,Home,11420.48,5,21,227838.58,S08,South
2023-07-23,P201,Men Casual Shirt,Fashion,1789.11,25,52,69775.29,S04,North
2023-07-23,P201,Men Casual Shirt,Fashion,4924.5,25,530,1957488.75,S01,South
2023-07-23,P204,Sports Shoes,Fashion,4705.04,10,39,165146.9,S04,North
2023-07-23,P105,Tablet Z2,Electronics,36521.66,0,14,511303.24,S01,North
2023-07-23,P305,Green Tea Pack,Grocery,471.17,5,91,40732.65,S04,East
2023-07-23,P205,Formal Blazer,Fashion,1543.1,20,30,37034.4,S05,South
2023-07-24,P105,Tablet Z2,Electronics,8957.26,0,5,44786.3,S03,East
2023-07-24,P101,Smartphone X1,Electronics,42947.75,40,9,231917.85,S07,West
2023-07-24,P204,Sports Shoes,Fashion,498.49,5,21,9944.88,S05,West
2023-07-24,P406,Air Purifier,Home,5517.34,10,14,69518.48,S03,North
2023-07-24,P303,Whole Wheat Flour,Grocery,475.0,30,76,25270.0,S02,East
2023-07-24,P502,Hair Serum,Beauty,1496.22,5,23,32692.41,S03,South
2023-07-24,P101,Smartphone X1,Electronics,65153.64,25,11,537517.53,S08,North
2023-07-24,P305,Green Tea Pack,Grocery,279.46,40,92,15426.19,S06,West
2023-07-24,P404,Wooden Bookshelf,Home,4173.5,25,15,46951.88,S07,West
2023-07-24,P102,Laptop Pro,Electronics,15467.2,40,14,129924.48,S02,West
2023-07-24,P203,Denim Jeans,Fashion,4291.28,10,23,88829.5,S03,North
2023-07-24,P301,Basmati Rice 5kg,Grocery,529.79,10,90,42912.99,S01,North
2023-07-24,P302,Sunflower Oil 1L,Grocery,720.83,5,61,41772.1,S05,North
2023-07-24,P103,Wireless Earbuds,Electronics,38429.41,15,8,261319.99,S09,East
2023-07-25,P204,Sports Shoes,Fashion,3391.91,10,21,64107.1,S07,West
2023-07-25,P405,LED Desk Lamp,Home,10084.08,25,23,173950.38,S01,South
2023-07-25,P304,Organic Honey,Grocery,158.86,5,67,10111.44,S05,South
2023-07-25,P505,Body Lotion,Beauty,2563.62,0,26,66654.12,S01,West
2023-07-25,P205,Formal Blazer,Fashion,4932.34,30,24,82863.31,S03,South
2023-07-25,P103,Wireless Earbuds,Electronics,34470.4,10,10,310233.6,S04,South
2023-07-25,P101,Smartphone X1,Electronics,58345.79,25,9,393834.08,S01,North
2023-07-25,P201,Men Casual Shirt,Fashion,3438.94,40,36,74281.1,S06,South
2023-07-25,P301,Basmati Rice 5kg,Grocery,460.32,40,64,17676.29,S03,South
2023-07-25,P303,Whole Wheat Flour,Grocery,622.64,5,53,31349.92,S03,West
2023-07-25,P506,Perfume 100ml,Beauty,645.42,5,29,17781.32,S06,East
2023-07-25,P501,Face Moisturizer,Beauty,2250.8,10,35,70900.2,S06,South
2023-07-25,P202,Women Kurti,Fashion,1846.04,20,23,33967.14,S08,East
2023-07-26,P406,Air Purifier,Home,1099.66,20,16,14075.65,S09,West
2023-07-26,P202,Women Kurti,Fashion,2795.08,20,22,49193.41,S06,East
2023-07-26,P102,Laptop Pro,Electronics,77601.06,40,12,558727.63,S07,East
2023-07-26,P506,Perfume 100ml,Beauty,470.71,10,32,13556.45,S03,North
2023-07-26,P503,Sunscreen SPF50,Beauty,1048.47,5,35,34861.63,S06,South
2023-07-26,P104,Smart TV 43,Electronics,64323.97,20,9,463132.58,S09,North
2023-07-26,P302,Sunflower Oil 1L,Grocery,772.28,25,86,49812.06,S02,West
2023-07-26,P106,Bluetooth Speaker,Electronics,25837.92,15,10,219622.32,S07,West
2023-07-26,P301,Basmati Rice 5kg,Grocery,462.58,20,93,34415.95,S04,West
2023-07-26,P203,Denim Jeans,Fashion,579.91,0,14,8118.74,S03,East
2023-07-27,P105,Tablet Z2,Electronics,16116.68,0,6,96700.08,S03,South
2023-07-27,P305,Green Tea Pack,Grocery,293.47,40,122,21482.0,S10,North
2023-07-27,P302,Sunflower Oil 1L,Grocery,673.36,0,67,45115.12,S06,West
2023-07-27,P305,Green Tea Pack,Grocery,571.52,25,120,51436.8,S06,West
2023-07-27,P503,Sunscreen SPF50,Beauty,2324.06,15,33,65189.88,S01,South
2023-07-27,P105,Tablet Z2,Electronics,34167.87,0,8,273342.96,S10,East
2023-07-27,P204,Sports Shoes,Fashion,4132.69,5,25,98151.39,S10,West
2023-07-27,P502,Hair Serum,Beauty,1338.64,5,31,39422.95,S04,North
2023-07-27,P103,Wireless Earbuds,Electronics,31373.3,10,10,282359.7,S10,West
2023-07-27,P106,Bluetooth Speaker,Electronics,8137.48,10,11,80561.05,S04,North
2023-07-27,P402,Cotton Bedsheet,Home,6461.79,30,19,85941.81,S02,East
2023-07-28,P204,Sports Shoes,Fashion,1876.69,5,23,41005.68,S02,South
2023-07-28,P301,Basmati Rice 5kg,Grocery,244.03,40,115,16838.07,S06,South
2023-07-28,P206,Summer Dress,Fashion,4473.84,0,18,80529.12,S08,South
2023-07-28,P203,Denim Jeans,Fashion,1754.61,20,22,30881.14,S02,East
2023-07-28,P103,Wireless Earbuds,Electronics,76694.03,0,7,536858.21,S09,West
2023-07-28,P404,Wooden Bookshelf,Home,9548.24,25,21,150384.78,S10,South
2023-07-28,P501,Face Moisturizer,Beauty,367.57,25,44,12129.81,S04,North
2023-07-28,P303,Whole Wheat Flour,Grocery,471.89,5,80,35863.64,S07,North
2023-07-28,P206,Summer Dress,Fashion,3269.05,15,31,86139.47,S08,South
2023-07-28,P306,Mixed Nuts 500g,Grocery,650.78,40,91,35532.59,S04,East
2023-07-28,P105,Tablet Z2,Electronics,21009.93,30,9,132362.56,S02,West
2023-07-28,P204,Sports Shoes,Fashion,308.01,10,24,6653.02,S10,West
2023-07-28,P504,Lipstick Set,Beauty,2149.85,20,29,49876.52,S08,East
2023-07-28,P402,Cotton Bedsheet,Home,9311.62,0,15,139674.3,S10,East
2023-07-28,P502,Hair Serum,Beauty,1432.19,10,21,27068.39,S10,East
2023-07-28,P305,Green Tea Pack,Grocery,103.54,10,82,7641.25,S06,West
2023-07-28,P501,Face Moisturizer,Beauty,1164.21,5,20,22119.99,S07,North
2023-07-29,P403,Wall Clock,Home,14724.46,15,26,325410.57,S08,West
2023-07-29,P304,Organic Honey,Grocery,647.81,40,155,60246.33,S04,West
2023-07-29,P303,Whole Wheat Flour,Grocery,82.54,10,80,5942.88,S03,North
2023-07-29,P205,Formal Blazer,Fashion,423.61,20,30,10166.64,S07,North
2023-07-29,P305,Green Tea Pack,Grocery,587.67,0,68,39961.56,S04,South
2023-07-29,P205,Formal Blazer,Fashion,3707.45,5,25,88051.94,S02,West
2023-07-29,P304,Organic Honey,Grocery,105.69,20,118,9977.14,S04,South
2023-07-29,P401,Stainless Steel Cookware,Home,3028.09,5,20,57533.71,S05,South
2023-07-29,P405,LED Desk Lamp,Home,1055.57,30,20,14777.98,S09,West
2023-07-29,P302,Sunflower Oil 1L,Grocery,330.99,30,139,32205.33,S10,West
2023-07-29,P304,Organic Honey,Grocery,445.41,15,117,44296.02,S02,North
2023-07-29,P302,Sunflower Oil 1L,Grocery,455.14,5,88,38049.7,S03,West
2023-07-29,P404,Wooden Bookshelf,Home,1718.7,20,24,32999.04,S09,North
2023-07-30,P502,Hair Serum,Beauty,2573.35,5,26,63561.74,S03,South
2023-07-30,P304,Organic Honey,Grocery,649.99,0,68,44199.32,S05,East
2023-07-30,P306,Mixed Nuts 500g,Grocery,649.63,20,129,67041.82,S02,North
2023-07-30,P401,Stainless Steel Cookware,Home,3700.99,0,16,59215.84,S07,East
2023-07-30,P102,Laptop Pro,Electronics,19968.53,15,12,203679.01,S05,North
2023-07-30,P502,Hair Serum,Beauty,184.85,0,30,5545.5,S03,East
2023-07-30,P202,Women Kurti,Fashion,414.66,10,29,10822.63,S08,North
2023-07-30,P203,Denim Jeans,Fashion,1621.32,10,28,40857.26,S07,West
2023-07-30,P305,Green Tea Pack,Grocery,134.35,20,82,8813.36,S05,North
2023-07-30,P306,Mixed Nuts 500g,Grocery,770.3,40,82,37898.76,S03,East
2023-07-30,P304,Organic Honey,Grocery,586.5,10,88,46450.8,S07,South
2023-07-31,P206,Summer Dress,Fashion,2525.78,0,25,63144.5,S05,North
2023-07-31,P505,Body Lotion,Beauty,722.02,15,24,14729.21,S07,South
2023-07-31,P403,Wall Clock,Home,14985.77,5,20,284729.63,S04,East
2023-07-31,P403,Wall Clock,Home,6174.76,0,14,86446.64,S04,East
2023-07-31,P306,Mixed Nuts 500g,Grocery,302.05,15,56,14377.58,S03,North
2023-07-31,P502,Hair Serum,Beauty,729.37,5,29,20094.14,S06,East
2023-07-31,P206,Summer Dress,Fashion,2599.64,0,22,57192.08,S05,South
2023-07-31,P106,Bluetooth Speaker,Electronics,55589.1,25,14,583685.55,S06,South
2023-07-31,P204,Sports Shoes,Fashion,584.87,0,18,10527.66,S08,West
2023-07-31,P406,Air Purifier,Home,1784.87,40,22,23560.28,S05,North
2023-07-31,P403,Wall Clock,Home,12285.51,15,21,219296.35,S06,North
2023-07-31,P305,Green Tea Pack,Grocery,156.55,5,81,12046.52,S04,West
2023-07-31,P205,Formal Blazer,Fashion,4354.16,5,21,86865.49,S09,South
2023-08-01,P502,Hair Serum,Beauty,2705.62,40,39,63311.51,S03,North
2023-08-01,P503,Sunscreen SPF50,Beauty,372.07,10,28,9376.16,S06,South
2023-08-01,P205,Formal Blazer,Fashion,2190.4,40,44,57826.56,S02,North
2023-08-01,P401,Stainless Steel Cookware,Home,11262.11,0,16,180193.76,S04,West
2023-08-01,P201,Men Casual Shirt,Fashion,456.85,0,38,17360.3,S01,West
2023-08-01,P502,Hair Serum,Beauty,2345.67,25,38,66851.6,S04,East
2023-08-01,P403,Wall Clock,Home,8495.22,40,22,112136.9,S08,East
2023-08-01,P203,Denim Jeans,Fashion,3799.21,20,17,51669.26,S02,East
2023-08-01,P201,Men Casual Shirt,Fashion,4007.2,30,37,103786.48,S10,North
2023-08-01,P206,Summer Dress,Fashion,706.81,10,23,14630.97,S07,South
2023-08-01,P506,Perfume 100ml,Beauty,437.69,40,40,10504.56,S05,South
2023-08-01,P102,Laptop Pro,Electronics,52955.6,0,8,423644.8,S03,North
2023-08-01,P301,Basmati Rice 5kg,Grocery,537.64,40,82,26451.89,S04,East
2023-08-01,P402,Cotton Bedsheet,Home,3565.46,0,12,42785.52,S02,East
2023-08-01,P402,Cotton Bedsheet,Home,11950.79,15,19,193005.26,S01,West
2023-08-01,P101,Smartphone X1,Electronics,8196.9,20,10,65575.2,S10,East
2023-08-01,P204,Sports Shoes,Fashion,1317.45,0,13,17126.85,S07,East
2023-08-01,P404,Wooden Bookshelf,Home,14706.41,0,13,191183.33,S09,West
2023-08-02,P101,Smartphone X1,Electronics,28097.9,10,10,252881.1,S10,North
2023-08-02,P502,Hair Serum,Beauty,1947.25,10,28,49070.7,S10,East
2023-08-02,P304,Organic Honey,Grocery,526.41,25,112,44218.44,S10,West
2023-08-02,P205,Formal Blazer,Fashion,1942.09,0,26,50494.34,S08,North
2023-08-02,P301,Basmati Rice 5kg,Grocery,497.49,15,85,35943.65,S02,North
2023-08-02,P403,Wall Clock,Home,6191.95,0,17,105263.15,S05,West
2023-08-02,P405,LED Desk Lamp,Home,14189.59,40,24,204330.1,S10,East
2023-08-02,P202,Women Kurti,Fashion,4111.71,5,23,89840.86,S04,East
2023-08-02,P505,Body Lotion,Beauty,1740.99,15,31,45875.09,S03,West
2023-08-02,P302,Sunflower Oil 1L,Grocery,490.34,40,84,24713.14,S09,East
2023-08-02,P506,Perfume 100ml,Beauty,292.02,0,27,7884.54,S06,East
2023-08-02,P403,Wall Clock,Home,6655.46,25,20,99831.9,S02,West
2023-08-02,P302,Sunflower Oil 1L,Grocery,98.23,25,102,7514.6,S06,North
2023-08-02,P204,Sports Shoes,Fashion,1149.59,5,18,19657.99,S02,East
2023-08-02,P501,Face Moisturizer,Beauty,1986.82,30,41,57021.73,S03,West
2023-08-02,P505,Body Lotion,Beauty,145.17,5,31,4275.26,S10,West
2023-08-02,P303,Whole Wheat Flour,Grocery,410.83,0,68,27936.44,S05,West
2023-08-02,P401,Stainless Steel Cookware,Home,7879.66,15,12,80372.53,S02,South
2023-08-03,P402,Cotton Bedsheet,Home,3291.04,25,15,37024.2,S09,North
2023-08-03,P402,Cotton Bedsheet,Home,2772.03,40,27,44906.89,S02,South
2023-08-03,P205,Formal Blazer,Fashion,1395.91,0,21,29314.11,S06,West
2023-08-03,P504,Lipstick Set,Beauty,2546.06,0,26,66197.56,S04,East
2023-08-03,P304,Organic Honey,Grocery,444.97,5,59,24940.57,S10,East
2023-08-03,P204,Sports Shoes,Fashion,1976.4,15,29,48718.26,S02,West
2023-08-03,P104,Smart TV 43,Electronics,21015.52,5,8,159717.95,S05,East
2023-08-03,P205,Formal Blazer,Fashion,1370.78,0,22,30157.16,S02,South
2023-08-03,P406,Air Purifier,Home,3073.01,15,18,47017.05,S07,South
2023-08-03,P501,Face Moisturizer,Beauty,1502.62,40,48,43275.46,S02,North
2023-08-03,P204,Sports Shoes,Fashion,795.62,0,14,11138.68,S08,South
2023-08-03,P104,Smart TV 43,Electronics,35313.33,40,13,275443.97,S09,East
2023-08-03,P105,Tablet Z2,Electronics,47358.65,5,9,404916.46,S04,East
2023-08-03,P101,Smartphone X1,Electronics,26068.36,15,10,221581.06,S05,North
2023-08-03,P306,Mixed Nuts 500g,Grocery,450.6,5,64,27396.48,S02,South
2023-08-03,P403,Wall Clock,Home,6742.49,0,15,101137.35,S08,South
2023-08-03,P406,Air Purifier,Home,14807.98,15,26,327256.36,S05,North
2023-08-03,P106,Bluetooth Speaker,Electronics,52765.08,40,16,506544.77,S08,South
2023-08-04,P305,Green Tea Pack,Grocery,55.34,0,57,3154.38,S07,North
2023-08-04,P104,Smart TV 43,Electronics,38323.95,10,10,344915.55,S02,West
2023-08-04,P105,Tablet Z2,Electronics,76555.34,20,14,857419.81,S06,North
2023-08-04,P501,Face Moisturizer,Beauty,1934.78,10,26,45273.85,S01,East
2023-08-04,P105,Tablet Z2,Electronics,27854.12,0,9,250687.08,S08,West
2023-08-04,P106,Bluetooth Speaker,Electronics,10342.38,5,13,127728.39,S01,West
2023-08-04,P506,Perfume 100ml,Beauty,2742.05,10,25,61696.12,S07,North
2023-08-04,P503,Sunscreen SPF50,Beauty,392.16,10,25,8823.6,S09,North
2023-08-04,P103,Wireless Earbuds,Electronics,66961.37,0,7,468729.59,S07,East
2023-08-04,P505,Body Lotion,Beauty,757.53,0,29,21968.37,S04,South
2023-08-04,P501,Face Moisturizer,Beauty,715.37,10,36,23177.99,S05,South
2023-08-04,P306,Mixed Nuts 500g,Grocery,434.78,0,51,22173.78,S09,West
2023-08-04,P305,Green Tea Pack,Grocery,143.74,0,64,9199.36,S08,West
2023-08-04,P504,Lipstick Set,Beauty,478.41,40,25,7176.15,S02,North
2023-08-04,P403,Wall Clock,Home,4546.02,0,13,59098.26,S02,East
2023-08-04,P405,LED Desk Lamp,Home,8831.15,10,16,127168.56,S02,East
2023-08-04,P504,Lipstick Set,Beauty,215.76,20,27,4660.42,S05,East
2023-08-04,P101,Smartphone X1,Electronics,40454.3,25,14,424770.15,S10,West
2023-08-04,P302,Sunflower Oil 1L,Grocery,669.16,10,84,50588.5,S06,East
2023-08-04,P401,Stainless Steel Cookware,Home,11030.08,5,15,157178.64,S04,East
2023-08-05,P205,Formal Blazer,Fashion,2181.02,10,41,80479.64,S05,North
2023-08-05,P402,Cotton Bedsheet,Home,2892.82,5,19,52215.4,S09,West
2023-08-05,P103,Wireless Earbuds,Electronics,14515.72,0,13,188704.36,S04,East
2023-08-05,P301,Basmati Rice 5kg,Grocery,246.38,5,105,24576.4,S01,South
2023-08-05,P405,LED Desk Lamp,Home,6005.91,40,42,151348.93,S01,South
2023-08-05,P204,Sports Shoes,Fashion,2910.48,10,27,70724.66,S03,South
2023-08-05,P305,Green Tea Pack,Grocery,780.14,15,105,69627.49,S07,East
2023-08-05,P506,Perfume 100ml,Beauty,948.75,10,40,34155.0,S05,East
2023-08-05,P206,Summer Dress,Fashion,1044.3,0,40,41772.0,S01,South
2023-08-05,P101,Smartphone X1,Electronics,69935.38,20,10,559483.04,S07,South
2023-08-05,P204,Sports Shoes,Fashion,838.16,15,32,22797.95,S09,West
2023-08-05,P404,Wooden Bookshelf,Home,5936.55,40,32,113981.76,S06,North
2023-08-05,P105,Tablet Z2,Electronics,69461.68,40,16,666832.13,S05,South
2023-08-06,P206,Summer Dress,Fashion,1828.88,20,34,49745.54,S05,West
2023-08-06,P203,Denim Jeans,Fashion,4931.81,15,33,138337.27,S07,East
2023-08-06,P105,Tablet Z2,Electronics,75142.09,15,18,1149673.98,S04,South
2023-08-06,P102,Laptop Pro,Electronics,72004.5,10,13,842452.65,S04,East
2023-08-06,P204,Sports Shoes,Fashion,3135.78,10,43,121354.69,S01,West
2023-08-06,P106,Bluetooth Speaker,Electronics,21844.57,0,0,0.0,S04,East
2023-08-06,P202,Women Kurti,Fashion,4136.21,0,27,111677.67,S02,North
2023-08-06,P301,Basmati Rice 5kg,Grocery,456.12,0,87,39682.44,S07,West
2023-08-06,P306,Mixed Nuts 500g,Grocery,575.86,10,67,34724.36,S07,East
2023-08-06,P406,Air Purifier,Home,10527.2,5,23,230019.32,S10,North
2023-08-06,P304,Organic Honey,Grocery,423.81,20,136,46110.53,S01,West
2023-08-06,P505,Body Lotion,Beauty,799.41,40,63,30217.7,S06,South
2023-08-06,P506,Perfume 100ml,Beauty,234.58,5,32,7131.23,S07,West
2023-08-07,P301,Basmati Rice 5kg,Grocery,183.84,40,104,11471.62,S07,East
2023-08-07,P406,Air Purifier,Home,7541.2,20,22,132725.12,S02,West
2023-08-07,P203,Denim Jeans,Fashion,3176.83,0,18,57182.94,S02,South
2023-08-07,P206,Summer Dress,Fashion,1842.26,10,20,33160.68,S07,West
2023-08-07,P301,Basmati Rice 5kg,Grocery,487.59,15,83,34399.47,S06,East
2023-08-07,P504,Lipstick Set,Beauty,2052.62,5,30,58499.67,S05,South
2023-08-07,P402,Cotton Bedsheet,Home,8233.86,15,19,132976.84,S08,North
2023-08-07,P502,Hair Serum,Beauty,1479.81,0,0,0.0,S07,South
2023-08-07,P402,Cotton Bedsheet,Home,7890.46,20,16,100997.89,S05,North
2023-08-07,P402,Cotton Bedsheet,Home,3194.89,0,18,57508.02,S02,West
2023-08-07,P201,Men Casual Shirt,Fashion,935.79,10,28,23581.91,S08,North
2023-08-07,P103,Wireless Earbuds,Electronics,38561.64,20,13,401041.06,S02,North
2023-08-07,P106,Bluetooth Speaker,Electronics,47514.92,10,12,513161.14,S06,West
2023-08-07,P206,Summer Dress,Fashion,3475.59,5,13,42923.54,S03,East
2023-08-08,P503,Sunscreen SPF50,Beauty,1331.39,40,42,33551.03,S07,North
2023-08-08,P405,LED Desk Lamp,Home,8445.87,30,20,118242.18,S02,West
2023-08-08,P303,Whole Wheat Flour,Grocery,266.4,20,107,22803.84,S06,West
2023-08-08,P501,Face Moisturizer,Beauty,2266.03,0,18,40788.54,S07,South
2023-08-08,P401,Stainless Steel Cookware,Home,7871.43,25,22,129878.6,S02,North
2023-08-08,P404,Wooden Bookshelf,Home,8038.26,10,19,137454.25,S04,North
2023-08-08,P203,Denim Jeans,Fashion,2368.73,25,26,46190.24,S10,East
2023-08-08,P104,Smart TV 43,Electronics,45503.5,5,12,518739.9,S02,West
2023-08-08,P206,Summer Dress,Fashion,4247.42,20,24,81550.46,S05,South
2023-08-08,P405,LED Desk Lamp,Home,5238.0,0,18,94284.0,S02,South
2023-08-08,P503,Sunscreen SPF50,Beauty,257.67,30,49,8838.08,S06,West
2023-08-08,P206,Summer Dress,Fashion,1564.69,10,25,35205.53,S04,South
2023-08-08,P102,Laptop Pro,Electronics,43039.85,30,12,361534.74,S05,South
2023-08-08,P103,Wireless Earbuds,Electronics,35652.99,10,9,288789.22,S10,South
2023-08-09,P306,Mixed Nuts 500g,Grocery,734.74,10,53,35047.1,S09,North
2023-08-09,P305,Green Tea Pack,Grocery,655.01,5,75,46669.46,S05,North
2023-08-09,P406,Air Purifier,Home,9920.51,5,16,150791.75,S07,West
2023-08-09,P306,Mixed Nuts 500g,Grocery,409.7,10,67,24704.91,S10,South
2023-08-09,P304,Organic Honey,Grocery,411.83,10,55,20385.58,S03,East
2023-08-09,P505,Body Lotion,Beauty,336.77,25,41,10355.68,S02,West
2023-08-09,P401,Stainless Steel Cookware,Home,8367.04,0,11,92037.44,S05,North
2023-08-09,P306,Mixed Nuts 500g,Grocery,185.28,0,84,15563.52,S04,West
2023-08-09,P403,Wall Clock,Home,7623.13,0,12,91477.56,S03,East
2023-08-09,P306,Mixed Nuts 500g,Grocery,61.33,15,83,4326.83,S08,East
2023-08-09,P305,Green Tea Pack,Grocery,225.71,0,43,9705.53,S05,East
2023-08-09,P304,Organic Honey,Grocery,790.58,25,115,68187.53,S05,North
2023-08-09,P102,Laptop Pro,Electronics,41008.71,5,12,467499.29,S10,South
2023-08-09,P102,Laptop Pro,Electronics,37971.08,10,8,273391.78,S03,North
2023-08-10,P401,Stainless Steel Cookware,Home,3695.88,5,18,63199.55,S01,West
2023-08-10,P206,Summer Dress,Fashion,4647.09,25,16,55765.08,S09,East
2023-08-10,P302,Sunflower Oil 1L,Grocery,145.03,20,110,12762.64,S05,North
2023-08-10,P104,Smart TV 43,Electronics,78338.61,20,10,626708.88,S06,East
2023-08-10,P503,Sunscreen SPF50,Beauty,1783.41,5,25,42355.99,S07,South
2023-08-10,P305,Green Tea Pack,Grocery,569.19,25,105,44823.71,S01,South
2023-08-10,P204,Sports Shoes,Fashion,3987.59,10,16,57421.3,S07,South
2023-08-10,P401,Stainless Steel Cookware,Home,10913.08,40,39,255366.07,S01,North
2023-08-10,P206,Summer Dress,Fashion,4205.16,0,19,79898.04,S05,South
2023-08-10,P401,Stainless Steel Cookware,Home,4521.44,25,28,94950.24,S10,West
2023-08-10,P502,Hair Serum,Beauty,1852.79,25,55,76427.59,S06,West
2023-08-10,P505,Body Lotion,Beauty,2161.68,25,40,64850.4,S02,South
2023-08-10,P205,Formal Blazer,Fashion,1566.97,40,28,26325.1,S07,North
2023-08-10,P404,Wooden Bookshelf,Home,1171.42,10,13,13705.61,S03,North
2023-08-10,P104,Smart TV 43,Electronics,34055.31,30,16,381419.47,S01,West
2023-08-10,P503,Sunscreen SPF50,Beauty,1185.23,0,24,28445.52,S03,North
2023-08-10,P302,Sunflower Oil 1L,Grocery,500.14,15,64,27207.62,S10,East
2023-08-11,P103,Wireless Earbuds,Electronics,44871.47,0,9,403843.23,S09,West
2023-08-11,P402,Cotton Bedsheet,Home,3199.96,15,24,65279.18,S06,South
2023-08-11,P106,Bluetooth Speaker,Electronics,7799.69,40,18,84236.65,S04,West
2023-08-11,P206,Summer Dress,Fashion,1542.07,0,19,29299.33,S03,West
2023-08-11,P105,Tablet Z2,Electronics,71790.99,15,14,854312.78,S04,North
2023-08-11,P404,Wooden Bookshelf,Home,7467.45,5,18,127693.4,S04,South
2023-08-11,P105,Tablet Z2,Electronics,46767.97,30,14,458326.11,S05,North
2023-08-11,P203,Denim Jeans,Fashion,3822.74,40,30,68809.32,S01,South
2023-08-11,P304,Organic Honey,Grocery,280.84,30,98,19265.62,S02,South
2023-08-11,P101,Smartphone X1,Electronics,20611.23,0,9,185501.07,S05,South
2023-08-11,P101,Smartphone X1,Electronics,32425.33,40,14,272372.77,S07,South
2023-08-11,P105,Tablet Z2,Electronics,60342.09,0,9,543078.81,S09,North
2023-08-11,P401,Stainless Steel Cookware,Home,5634.42,20,11,49582.9,S09,North
2023-08-12,P103,Wireless Earbuds,Electronics,64831.81,10,16,933578.06,S02,North
2023-08-12,P303,Whole Wheat Flour,Grocery,236.57,5,75,16855.61,S07,East
2023-08-12,P205,Formal Blazer,Fashion,2937.85,40,55,96949.05,S10,North
2023-08-12,P506,Perfume 100ml,Beauty,389.3,0,26,10121.8,S09,East
2023-08-12,P506,Perfume 100ml,Beauty,2174.66,0,25,54366.5,S02,West
2023-08-12,P506,Perfume 100ml,Beauty,2741.25,10,37,91283.62,S03,South
2023-08-12,P405,LED Desk Lamp,Home,3023.06,40,26,47159.74,S03,South
2023-08-12,P101,Smartphone X1,Electronics,72161.97,30,27,1363861.23,S01,North
2023-08-12,P506,Perfume 100ml,Beauty,1561.07,40,81,75868.0,S01,West
2023-08-12,P206,Summer Dress,Fashion,3712.0,25,47,130848.0,S01,East
2023-08-12,P505,Body Lotion,Beauty,1234.27,40,84,62207.21,S06,North
2023-08-12,P103,Wireless Earbuds,Electronics,29700.17,20,13,308881.77,S06,East
2023-08-12,P402,Cotton Bedsheet,Home,4978.4,5,23,108778.04,S08,East
2023-08-12,P401,Stainless Steel Cookware,Home,4291.4,25,29,93337.95,S10,North
2023-08-13,P303,Whole Wheat Flour,Grocery,460.37,0,79,36369.23,S09,South
2023-08-13,P201,Men Casual Shirt,Fashion,1945.72,0,34,66154.48,S04,North
2023-08-13,P103,Wireless Earbuds,Electronics,3835.47,0,11,42190.17,S07,West
2023-08-13,P204,Sports Shoes,Fashion,4726.92,25,36,127626.84,S05,South
2023-08-13,P202,Women Kurti,Fashion,3351.4,15,27,76914.63,S02,West
2023-08-13,P106,Bluetooth Speaker,Electronics,65324.73,5,13,806760.42,S09,South
2023-08-13,P502,Hair Serum,Beauty,2132.07,15,36,65241.34,S03,West
2023-08-13,P505,Body Lotion,Beauty,455.75,25,35,11963.44,S09,South
2023-08-13,P202,Women Kurti,Fashion,1817.87,30,26,33085.23,S03,East
2023-08-13,P304,Organic Honey,Grocery,516.53,10,124,57644.75,S01,North
2023-08-13,P204,Sports Shoes,Fashion,1048.49,15,29,25845.28,S10,East
2023-08-13,P206,Summer Dress,Fashion,3628.92,5,46,158583.8,S06,North
2023-08-13,P406,Air Purifier,Home,11959.5,20,18,172216.8,S04,East
2023-08-13,P402,Cotton Bedsheet,Home,1383.55,15,32,37632.56,S08,North
2023-08-13,P401,Stainless Steel Cookware,Home,6156.03,20,22,108346.13,S03,West
2023-08-13,P303,Whole Wheat Flour,Grocery,335.61,10,98,29600.8,S02,East
2023-08-13,P502,Hair Serum,Beauty,1502.77,0,26,39072.02,S08,West
2023-08-13,P401,Stainless Steel Cookware,Home,4926.32,5,17,79560.07,S08,East
2023-08-13,P205,Formal Blazer,Fashion,4925.53,0,36,177319.08,S06,West
2023-08-14,P104,Smart TV 43,Electronics,6238.47,10,10,56146.23,S10,West
2023-08-14,P402,Cotton Bedsheet,Home,9773.65,5,19,176414.38,S01,South
2023-08-14,P406,Air Purifier,Home,6143.16,5,11,64196.02,S10,South
2023-08-14,P403,Wall Clock,Home,586.53,25,20,8797.95,S10,East
2023-08-14,P501,Face Moisturizer,Beauty,2638.22,0,30,79146.6,S10,West
2023-08-14,P202,Women Kurti,Fashion,4134.33,15,25,87854.51,S09,East
2023-08-14,P202,Women Kurti,Fashion,1613.41,10,22,31945.52,S02,South
2023-08-14,P504,Lipstick Set,Beauty,2730.58,30,32,61164.99,S10,West
2023-08-14,P106,Bluetooth Speaker,Electronics,64811.01,0,8,518488.08,S02,North
2023-08-14,P104,Smart TV 43,Electronics,66924.51,40,12,481856.47,S04,East
2023-08-14,P101,Smartphone X1,Electronics,45991.96,40,14,386332.46,S07,West
2023-08-14,P305,Green Tea Pack,Grocery,419.59,15,51,18189.23,S08,North
2023-08-14,P106,Bluetooth Speaker,Electronics,5427.24,5,11,56714.66,S05,East
2023-08-14,P503,Sunscreen SPF50,Beauty,2058.71,10,25,46320.97,S07,West
2023-08-15,P201,Men Casual Shirt,Fashion,563.1,0,19,10698.9,S07,East
2023-08-15,P103,Wireless Earbuds,Electronics,45287.78,40,20,543453.36,S06,West
2023-08-15,P301,Basmati Rice 5kg,Grocery,521.28,10,67,31433.18,S07,West
2023-08-15,P301,Basmati Rice 5kg,Grocery,385.46,15,59,19330.82,S03,South
2023-08-15,P403,Wall Clock,Home,1775.4,5,18,30359.34,S02,East
2023-08-15,P501,Face Moisturizer,Beauty,1060.39,0,20,21207.8,S08,South
2023-08-15,P504,Lipstick Set,Beauty,2992.18,40,33,59245.16,S05,North
2023-08-15,P106,Bluetooth Speaker,Electronics,37496.01,0,9,337464.09,S09,North
2023-08-15,P506,Perfume 100ml,Beauty,1564.33,0,29,45365.57,S04,West
2023-08-15,P306,Mixed Nuts 500g,Grocery,657.77,25,76,37492.89,S09,West
2023-08-15,P105,Tablet Z2,Electronics,47857.3,30,14,469001.54,S05,West
2023-08-16,P203,Denim Jeans,Fashion,633.83,40,31,11789.24,S07,West
2023-08-16,P402,Cotton Bedsheet,Home,6564.16,0,16,105026.56,S07,North
2023-08-16,P204,Sports Shoes,Fashion,3205.71,25,25,60107.06,S05,East
2023-08-16,P305,Green Tea Pack,Grocery,510.56,10,57,26191.73,S07,South
2023-08-16,P401,Stainless Steel Cookware,Home,14483.34,20,20,231733.44,S01,West
2023-08-16,P202,Women Kurti,Fashion,4657.39,15,32,126681.01,S02,South
2023-08-16,P502,Hair Serum,Beauty,1825.02,30,39,49823.05,S01,South
2023-08-16,P205,Formal Blazer,Fashion,617.81,40,28,10379.21,S09,East
2023-08-16,P306,Mixed Nuts 500g,Grocery,108.76,0,59,6416.84,S08,North
2023-08-16,P105,Tablet Z2,Electronics,67665.4,5,11,707103.43,S08,North
2023-08-16,P506,Perfume 100ml,Beauty,2147.65,15,31,56590.58,S09,South
2023-08-16,P503,Sunscreen SPF50,Beauty,479.21,0,21,10063.41,S07,North
2023-08-16,P106,Bluetooth Speaker,Electronics,6035.69,25,10,45267.67,S10,East
2023-08-16,P405,LED Desk Lamp,Home,4073.45,5,22,85135.1,S06,North
2023-08-16,P204,Sports Shoes,Fashion,4156.52,5,23,90819.96,S06,East
2023-08-16,P506,Perfume 100ml,Beauty,1392.76,10,26,32590.58,S09,South
2023-08-16,P102,Laptop Pro,Electronics,72362.26,0,8,578898.08,S06,East
2023-08-16,P104,Smart TV 43,Electronics,67801.61,10,7,427150.14,S03,East
2023-08-16,P206,Summer Dress,Fashion,487.07,0,19,9254.33,S09,East
2023-08-16,P403,Wall Clock,Home,10558.7,15,14,125648.53,S09,North
2023-08-17,P302,Sunflower Oil 1L,Grocery,661.51,0,65,42998.15,S04,South
2023-08-17,P503,Sunscreen SPF50,Beauty,1723.2,0,22,37910.4,S03,West
2023-08-17,P106,Bluetooth Speaker,Electronics,27604.43,0,8,220835.44,S04,West
2023-08-17,P105,Tablet Z2,Electronics,61954.43,25,15,696987.34,S04,North
2023-08-17,P306,Mixed Nuts 500g,Grocery,331.03,5,94,29560.98,S10,West
2023-08-17,P103,Wireless Earbuds,Electronics,59268.9,0,7,414882.3,S07,West
2023-08-17,P106,Bluetooth Speaker,Electronics,38483.4,0,7,269383.8,S05,East
2023-08-17,P502,Hair Serum,Beauty,1323.98,25,30,29789.55,S07,East
2023-08-17,P403,Wall Clock,Home,12287.7,30,18,154825.02,S05,North
2023-08-17,P401,Stainless Steel Cookware,Home,4688.85,0,14,65643.9,S01,East
2023-08-17,P106,Bluetooth Speaker,Electronics,30437.1,20,13,316545.84,S10,North
2023-08-17,P306,Mixed Nuts 500g,Grocery,157.36,20,65,8182.72,S10,East
2023-08-17,P306,Mixed Nuts 500g,Grocery,221.55,15,78,14688.77,S10,West
2023-08-17,P501,Face Moisturizer,Beauty,2701.99,10,37,89976.27,S01,South
2023-08-18,P306,Mixed Nuts 500g,Grocery,581.81,0,57,33163.17,S07,North
2023-08-18,P503,Sunscreen SPF50,Beauty,991.45,10,27,24092.24,S05,East
2023-08-18,P305,Green Tea Pack,Grocery,640.35,0,55,35219.25,S07,East
2023-08-18,P303,Whole Wheat Flour,Grocery,557.24,30,93,36276.32,S10,West
2023-08-18,P102,Laptop Pro,Electronics,63649.1,0,7,445543.7,S03,South
2023-08-18,P103,Wireless Earbuds,Electronics,50024.35,0,9,450219.15,S06,North
2023-08-18,P505,Body Lotion,Beauty,1193.33,40,38,27207.92,S02,East
2023-08-18,P105,Tablet Z2,Electronics,4888.87,5,6,27866.56,S10,North
2023-08-18,P101,Smartphone X1,Electronics,72733.89,15,10,618238.07,S09,South
2023-08-18,P102,Laptop Pro,Electronics,74344.22,0,8,594753.76,S03,West
2023-08-18,P502,Hair Serum,Beauty,2339.75,40,33,46327.05,S05,West
2023-08-18,P204,Sports Shoes,Fashion,2232.11,5,31,65735.64,S01,East
2023-08-18,P102,Laptop Pro,Electronics,55641.22,40,13,434001.52,S09,North
2023-08-18,P104,Smart TV 43,Electronics,15520.23,10,13,181586.69,S02,South
2023-08-18,P506,Perfume 100ml,Beauty,1417.15,25,54,57394.58,S01,West
2023-08-18,P205,Formal Blazer,Fashion,2253.99,0,24,54095.76,S06,West
2023-08-19,P204,Sports Shoes,Fashion,4946.16,5,24,112772.45,S02,East
2023-08-19,P201,Men Casual Shirt,Fashion,2982.0,20,43,102580.8,S08,North
2023-08-19,P301,Basmati Rice 5kg,Grocery,125.43,25,107,10065.76,S08,East
2023-08-19,P303,Whole Wheat Flour,Grocery,320.41,0,71,22749.11,S03,South
2023-08-19,P106,Bluetooth Speaker,Electronics,24019.38,25,16,288232.56,S02,West
2023-08-19,P104,Smart TV 43,Electronics,12434.64,30,16,139267.97,S04,South
2023-08-19,P304,Organic Honey,Grocery,381.22,0,97,36978.34,S10,West
2023-08-19,P406,Air Purifier,Home,9571.81,40,30,172292.58,S08,East
2023-08-19,P403,Wall Clock,Home,1430.82,10,20,25754.76,S09,North
2023-08-19,P305,Green Tea Pack,Grocery,237.95,30,126,20987.19,S05,North
2023-08-19,P306,Mixed Nuts 500g,Grocery,581.69,25,131,57151.04,S07,North
2023-08-20,P502,Hair Serum,Beauty,1767.23,5,43,72191.35,S08,West
2023-08-20,P405,LED Desk Lamp,Home,9213.12,30,38,245068.99,S10,North
2023-08-20,P504,Lipstick Set,Beauty,962.32,25,60,43304.4,S08,West
2023-08-20,P401,Stainless Steel Cookware,Home,2634.33,5,21,52554.88,S04,South
2023-08-20,P504,Lipstick Set,Beauty,647.48,0,34,22014.32,S05,West
2023-08-20,P405,LED Desk Lamp,Home,7775.88,0,34,264379.92,S01,North
2023-08-20,P104,Smart TV 43,Electronics,76584.43,25,29,1665711.35,S01,North
2023-08-20,P302,Sunflower Oil 1L,Grocery,448.23,20,100,35858.4,S02,North
2023-08-20,P506,Perfume 100ml,Beauty,1239.37,5,24,28257.64,S07,West
2023-08-20,P102,Laptop Pro,Electronics,65611.91,40,21,826710.07,S03,North
2023-08-20,P303,Whole Wheat Flour,Grocery,323.22,40,177,34325.96,S10,West
2023-08-20,P101,Smartphone X1,Electronics,56245.11,10,10,506205.99,S09,North
2023-08-20,P203,Denim Jeans,Fashion,3264.61,0,41,133849.01,S01,West
2023-08-20,P306,Mixed Nuts 500g,Grocery,120.13,10,105,11352.28,S02,North
2023-08-21,P404,Wooden Bookshelf,Home,7474.69,25,25,140150.44,S06,West
2023-08-21,P105,Tablet Z2,Electronics,18162.3,10,10,163460.7,S07,West
2023-08-21,P402,Cotton Bedsheet,Home,4190.69,10,17,64117.56,S10,East
2023-08-21,P203,Denim Jeans,Fashion,4316.32,40,33,85463.14,S02,West
2023-08-21,P305,Green Tea Pack,Grocery,374.94,10,71,23958.67,S05,North
2023-08-21,P201,Men Casual Shirt,Fashion,2904.67,0,22,63902.74,S03,North
2023-08-21,P402,Cotton Bedsheet,Home,14139.84,10,13,165436.13,S06,South
2023-08-21,P106,Bluetooth Speaker,Electronics,23262.93,5,11,243097.62,S08,West
2023-08-21,P404,Wooden Bookshelf,Home,9899.4,5,1,9404.43,S03,East
2023-08-21,P103,Wireless Earbuds,Electronics,55348.53,5,8,420648.83,S04,South
2023-08-21,P106,Bluetooth Speaker,Electronics,61662.32,0,5,308311.6,S09,West
2023-08-21,P406,Air Purifier,Home,4407.72,10,19,75372.01,S06,South
2023-08-21,P204,Sports Shoes,Fashion,3095.71,0,17,52627.07,S07,South
2023-08-22,P303,Whole Wheat Flour,Grocery,529.59,10,74,35270.69,S02,North
2023-08-22,P205,Formal Blazer,Fashion,950.01,5,17,15342.66,S05,East
2023-08-22,P204,Sports Shoes,Fashion,1733.36,0,14,24267.04,S03,South
2023-08-22,P505,Body Lotion,Beauty,2861.84,0,22,62960.48,S08,East
2023-08-22,P101,Smartphone X1,Electronics,43666.5,10,8,314398.8,S01,South
2023-08-22,P201,Men Casual Shirt,Fashion,1598.55,20,24,30692.16,S03,North
2023-08-22,P401,Stainless Steel Cookware,Home,8650.43,0,21,181659.03,S04,North
2023-08-22,P406,Air Purifier,Home,731.49,10,20,13166.82,S10,North
2023-08-22,P306,Mixed Nuts 500g,Grocery,398.96,25,59,17653.98,S09,South
2023-08-22,P204,Sports Shoes,Fashion,333.87,25,22,5508.86,S07,East
2023-08-22,P303,Whole Wheat Flour,Grocery,141.61,15,55,6620.27,S08,East
2023-08-22,P301,Basmati Rice 5kg,Grocery,537.22,30,90,33844.86,S08,South
2023-08-22,P301,Basmati Rice 5kg,Grocery,310.27,0,65,20167.55,S02,South
2023-08-23,P406,Air Purifier,Home,8239.63,25,24,148313.34,S01,North
2023-08-23,P504,Lipstick Set,Beauty,2378.26,25,48,85617.36,S01,West
2023-08-23,P103,Wireless Earbuds,Electronics,10774.45,10,9,87273.04,S02,West
2023-08-23,P204,Sports Shoes,Fashion,3314.94,0,24,79558.56,S06,North
2023-08-23,P302,Sunflower Oil 1L,Grocery,724.38,15,100,61572.3,S02,North
2023-08-23,P103,Wireless Earbuds,Electronics,7162.71,25,11,59092.36,S07,East
2023-08-23,P205,Formal Blazer,Fashion,2005.17,25,26,39100.82,S03,South
2023-08-23,P503,Sunscreen SPF50,Beauty,2795.2,15,36,85533.12,S05,North
2023-08-23,P202,Women Kurti,Fashion,826.56,10,22,16365.89,S06,North
2023-08-23,P305,Green Tea Pack,Grocery,390.46,0,74,28894.04,S10,South
2023-08-24,P206,Summer Dress,Fashion,908.68,0,22,19990.96,S06,West
2023-08-24,P305,Green Tea Pack,Grocery,252.81,0,51,12893.31,S05,West
2023-08-24,P503,Sunscreen SPF50,Beauty,998.71,5,32,30360.78,S04,North
2023-08-24,P104,Smart TV 43,Electronics,59214.53,10,11,586223.85,S04,South
2023-08-24,P401,Stainless Steel Cookware,Home,7572.75,10,17,115863.07,S01,West
2023-08-24,P501,Face Moisturizer,Beauty,2921.95,10,34,89411.67,S04,East
2023-08-24,P403,Wall Clock,Home,2410.32,0,14,33744.48,S05,East
2023-08-24,P404,Wooden Bookshelf,Home,5813.94,0,17,98836.98,S07,West
2023-08-24,P206,Summer Dress,Fashion,1574.15,0,25,39353.75,S10,West
2023-08-24,P205,Formal Blazer,Fashion,2149.67,30,28,42133.53,S05,North
2023-08-24,P502,Hair Serum,Beauty,134.67,30,43,4053.57,S01,North
2023-08-25,P201,Men Casual Shirt,Fashion,4202.47,15,34,121451.38,S02,North
2023-08-25,P405,LED Desk Lamp,Home,5968.01,0,17,101456.17,S04,West
2023-08-25,P105,Tablet Z2,Electronics,36152.23,10,7,227759.05,S03,South
2023-08-25,P201,Men Casual Shirt,Fashion,2617.01,10,32,75369.89,S01,South
2023-08-25,P405,LED Desk Lamp,Home,10360.08,25,29,225331.74,S08,North
2023-08-25,P403,Wall Clock,Home,6786.11,10,17,103827.48,S02,South
2023-08-25,P504,Lipstick Set,Beauty,2604.44,0,23,59902.12,S07,South
2023-08-25,P503,Sunscreen SPF50,Beauty,1694.86,0,20,33897.2,S04,East
2023-08-25,P203,Denim Jeans,Fashion,4349.99,30,31,94394.78,S09,North
2023-08-25,P503,Sunscreen SPF50,Beauty,1176.43,5,22,24587.39,S07,East
2023-08-25,P306,Mixed Nuts 500g,Grocery,753.22,10,93,63044.51,S04,North
2023-08-26,P406,Air Purifier,Home,7778.94,15,33,218199.27,S01,North
2023-08-26,P304,Organic Honey,Grocery,566.27,10,70,35675.01,S02,East
2023-08-26,P406,Air Purifier,Home,4001.98,25,28,84041.58,S07,East
2023-08-26,P202,Women Kurti,Fashion,4456.28,10,36,144383.47,S04,East
2023-08-26,P404,Wooden Bookshelf,Home,12142.93,5,17,196108.32,S02,East
2023-08-26,P104,Smart TV 43,Electronics,73962.2,0,14,1035470.8,S06,West
2023-08-26,P406,Air Purifier,Home,3978.84,0,22,87534.48,S05,West
2023-08-26,P503,Sunscreen SPF50,Beauty,2529.42,30,67,118629.8,S01,East
2023-08-26,P104,Smart TV 43,Electronics,57111.14,15,17,825255.97,S01,South
2023-08-26,P103,Wireless Earbuds,Electronics,5339.06,5,16,81153.71,S06,South
2023-08-27,P204,Sports Shoes,Fashion,2434.49,5,29,67070.2,S08,West
2023-08-27,P302,Sunflower Oil 1L,Grocery,332.68,20,98,26082.11,S02,North
2023-08-27,P404,Wooden Bookshelf,Home,1619.2,15,39,53676.48,S01,South
2023-08-27,P105,Tablet Z2,Electronics,75482.21,10,14,951075.85,S01,North
2023-08-27,P505,Body Lotion,Beauty,161.52,0,35,5653.2,S01,South
2023-08-27,P105,Tablet Z2,Electronics,41688.68,0,16,667018.88,S10,West
2023-08-27,P506,Perfume 100ml,Beauty,1414.89,15,50,60132.82,S10,North
2023-08-27,P503,Sunscreen SPF50,Beauty,2956.29,10,35,93123.13,S10,West
2023-08-27,P502,Hair Serum,Beauty,101.98,25,67,5124.49,S01,West
2023-08-27,P302,Sunflower Oil 1L,Grocery,424.11,25,99,31490.17,S09,South
2023-08-27,P106,Bluetooth Speaker,Electronics,5479.36,5,17,88491.66,S08,South
2023-08-27,P503,Sunscreen SPF50,Beauty,1290.8,30,45,40660.2,S09,West
2023-08-27,P201,Men Casual Shirt,Fashion,1805.9,20,37,53454.64,S02,West
2023-08-27,P104,Smart TV 43,Electronics,42887.66,40,22,566117.11,S01,West
2023-08-27,P206,Summer Dress,Fashion,1171.23,0,23,26938.29,S08,South
2023-08-27,P303,Whole Wheat Flour,Grocery,476.8,5,132,59790.72,S02,West
2023-08-27,P403,Wall Clock,Home,10208.26,5,15,145467.7,S03,North
2023-08-27,P202,Women Kurti,Fashion,4138.25,5,32,125802.8,S01,East
2023-08-27,P501,Face Moisturizer,Beauty,1845.23,20,32,47237.89,S07,East
2023-08-27,P306,Mixed Nuts 500g,Grocery,68.49,25,120,6164.1,S05,South
2023-08-28,P306,Mixed Nuts 500g,Grocery,117.69,40,99,6990.79,S01,East
2023-08-28,P103,Wireless Earbuds,Electronics,31481.7,40,19,358891.38,S06,East
2023-08-28,P304,Organic Honey,Grocery,794.98,0,50,39749.0,S09,North
2023-08-28,P306,Mixed Nuts 500g,Grocery,726.11,5,71,48976.12,S02,East
2023-08-28,P305,Green Tea Pack,Grocery,126.86,10,82,9362.27,S02,North
2023-08-29,P206,Summer Dress,Fashion,1792.94,15,35,53339.96,S02,North
2023-08-29,P202,Women Kurti,Fashion,3144.45,0,19,59744.55,S07,West
2023-08-29,P403,Wall Clock,Home,9722.94,10,20,175012.92,S02,West
2023-08-29,P406,Air Purifier,Home,10846.47,25,17,138292.49,S05,East
2023-08-29,P504,Lipstick Set,Beauty,1522.47,5,40,57853.86,S04,West
2023-08-29,P301,Basmati Rice 5kg,Grocery,790.43,10,71,50508.48,S02,North
2023-08-29,P305,Green Tea Pack,Grocery,554.29,40,101,33589.97,S05,South
2023-08-29,P202,Women Kurti,Fashion,2513.73,0,18,45247.14,S09,North
2023-08-29,P503,Sunscreen SPF50,Beauty,2592.01,25,37,71928.28,S10,West
2023-08-29,P505,Body Lotion,Beauty,2788.25,0,33,92012.25,S06,South
2023-08-29,P301,Basmati Rice 5kg,Grocery,599.81,5,53,30200.43,S09,South
2023-08-29,P102,Laptop Pro,Electronics,5640.0,20,9,40608.0,S05,South
2023-08-29,P404,Wooden Bookshelf,Home,8307.5,15,15,105920.62,S09,South
2023-08-29,P404,Wooden Bookshelf,Home,1825.4,40,0,0.0,S04,South
2023-08-29,P405,LED Desk Lamp,Home,4196.99,40,16,40291.1,S09,East
2023-08-29,P406,Air Purifier,Home,6131.81,30,21,90137.61,S10,South
2023-08-29,P106,Bluetooth Speaker,Electronics,6399.81,0,5,31999.05,S03,East
2023-08-30,P403,Wall Clock,Home,8820.42,25,20,132306.3,S06,East
2023-08-30,P502,Hair Serum,Beauty,1613.58,5,33,50585.73,S06,North
2023-08-30,P403,Wall Clock,Home,10851.6,0,10,108516.0,S01,North
2023-08-30,P304,Organic Honey,Grocery,247.71,25,80,14862.6,S10,East
2023-08-30,P401,Stainless Steel Cookware,Home,2313.82,15,21,41301.69,S08,West
2023-08-30,P505,Body Lotion,Beauty,1696.86,5,21,33852.36,S05,West
2023-08-30,P404,Wooden Bookshelf,Home,8862.54,5,24,202065.91,S01,West
2023-08-30,P406,Air Purifier,Home,1820.32,0,14,25484.48,S02,East
2023-08-30,P204,Sports Shoes,Fashion,3372.69,0,15,50590.35,S03,South
2023-08-30,P105,Tablet Z2,Electronics,72896.2,30,21,1071574.14,S08,North
2023-08-30,P401,Stainless Steel Cookware,Home,617.18,0,22,13577.96,S06,South
2023-08-30,P304,Organic Honey,Grocery,740.92,10,99,66015.97,S08,North
2023-08-30,P305,Green Tea Pack,Grocery,503.03,30,133,46832.09,S08,North
2023-08-30,P306,Mixed Nuts 500g,Grocery,655.51,40,94,36970.76,S09,West
2023-08-30,P102,Laptop Pro,Electronics,55619.35,30,12,467202.54,S03,East
2023-08-31,P306,Mixed Nuts 500g,Grocery,200.07,5,63,11974.19,S07,South
2023-08-31,P101,Smartphone X1,Electronics,59447.27,10,15,802538.14,S01,North
2023-08-31,P103,Wireless Earbuds,Electronics,77195.03,5,9,660017.51,S08,South
2023-08-31,P405,LED Desk Lamp,Home,316.94,0,16,5071.04,S10,West
2023-08-31,P406,Air Purifier,Home,2881.8,0,10,28818.0,S05,South
2023-08-31,P402,Cotton Bedsheet,Home,6095.72,20,20,97531.52,S05,North
2023-08-31,P406,Air Purifier,Home,2295.73,20,15,27548.76,S03,North
2023-08-31,P503,Sunscreen SPF50,Beauty,194.33,30,45,6121.39,S04,North
2023-08-31,P506,Perfume 100ml,Beauty,2190.7,10,26,51262.38,S03,South
2023-08-31,P303,Whole Wheat Flour,Grocery,575.54,40,106,36604.34,S06,West
2023-08-31,P105,Tablet Z2,Electronics,69129.39,15,10,587599.82,S07,South
2023-09-01,P301,Basmati Rice 5kg,Grocery,364.87,25,151,41321.53,S01,South
2023-09-01,P505,Body Lotion,Beauty,1913.47,0,25,47836.75,S07,East
2023-09-01,P405,LED Desk Lamp,Home,3663.24,5,17,59161.33,S05,West
2023-09-01,P506,Perfume 100ml,Beauty,1456.41,20,49,57091.27,S06,South
2023-09-01,P205,Formal Blazer,Fashion,2227.71,0,29,64603.59,S08,West
2023-09-01,P305,Green Tea Pack,Grocery,200.17,25,85,12760.84,S03,West
2023-09-01,P501,Face Moisturizer,Beauty,2513.77,40,52,78429.62,S06,East
2023-09-01,P101,Smartphone X1,Electronics,13980.01,10,8,100656.07,S07,West
2023-09-01,P201,Men Casual Shirt,Fashion,1367.49,40,40,32819.76,S10,North
2023-09-01,P103,Wireless Earbuds,Electronics,23305.12,30,18,293644.51,S01,South
2023-09-01,P303,Whole Wheat Flour,Grocery,666.25,30,89,41507.38,S03,North
2023-09-01,P204,Sports Shoes,Fashion,2988.81,15,34,86376.61,S06,North
2023-09-01,P506,Perfume 100ml,Beauty,2939.2,20,22,51729.92,S07,East
2023-09-01,P405,LED Desk Lamp,Home,14705.94,30,14,144118.21,S05,East
2023-09-01,P306,Mixed Nuts 500g,Grocery,678.84,0,86,58380.24,S05,North
2023-09-02,P203,Denim Jeans,Fashion,1180.52,15,39,39134.24,S02,South
2023-09-02,P506,Perfume 100ml,Beauty,2605.37,0,26,67739.62,S04,East
2023-09-02,P403,Wall Clock,Home,9812.35,15,18,150128.96,S02,East
2023-09-02,P304,Organic Honey,Grocery,692.66,25,77,40001.11,S09,East
2023-09-02,P501,Face Moisturizer,Beauty,974.83,0,50,48741.5,S01,West
2023-09-02,P203,Denim Jeans,Fashion,1232.04,0,21,25872.84,S09,South
2023-09-02,P405,LED Desk Lamp,Home,3580.14,10,23,74108.9,S03,North
2023-09-02,P204,Sports Shoes,Fashion,1271.63,15,32,34588.34,S03,South
2023-09-02,P304,Organic Honey,Grocery,152.17,5,81,11709.48,S10,East
2023-09-02,P501,Face Moisturizer,Beauty,2284.2,5,31,67269.69,S08,South
2023-09-02,P205,Formal Blazer,Fashion,668.75,10,30,18056.25,S10,East
2023-09-02,P305,Green Tea Pack,Grocery,661.46,40,154,61118.9,S10,West
2023-09-02,P305,Green Tea Pack,Grocery,540.95,5,97,49848.54,S10,East
2023-09-02,P404,Wooden Bookshelf,Home,4010.18,5,23,87622.43,S05,South
2023-09-02,P403,Wall Clock,Home,5256.2,10,22,104072.76,S07,North
2023-09-02,P204,Sports Shoes,Fashion,4667.8,0,36,168040.8,S01,North
2023-09-03,P103,Wireless Earbuds,Electronics,45636.1,0,11,501997.1,S10,East
2023-09-03,P406,Air Purifier,Home,11960.11,0,28,334883.08,S08,West
2023-09-03,P505,Body Lotion,Beauty,2731.19,40,61,99961.55,S08,East
2023-09-03,P102,Laptop Pro,Electronics,23932.91,5,17,386516.5,S04,North
2023-09-03,P102,Laptop Pro,Electronics,63575.92,25,22,1049002.68,S02,West
2023-09-03,P301,Basmati Rice 5kg,Grocery,229.53,5,105,22895.62,S02,North
2023-09-03,P502,Hair Serum,Beauty,656.35,10,41,24219.32,S06,East
2023-09-03,P302,Sunflower Oil 1L,Grocery,672.78,40,114,46018.15,S07,East
2023-09-03,P105,Tablet Z2,Electronics,58530.56,0,11,643836.16,S03,West
2023-09-03,P403,Wall Clock,Home,14868.7,5,27,381382.16,S10,West
2023-09-03,P204,Sports Shoes,Fashion,679.23,5,46,29682.35,S06,South
2023-09-03,P402,Cotton Bedsheet,Home,6758.03,5,26,166923.34,S10,North
2023-09-03,P306,Mixed Nuts 500g,Grocery,609.51,0,113,68874.63,S04,South
2023-09-03,P401,Stainless Steel Cookware,Home,2611.52,10,30,70511.04,S01,South
2023-09-03,P304,Organic Honey,Grocery,544.52,0,63,34304.76,S05,East
2023-09-03,P205,Formal Blazer,Fashion,312.58,15,29,7705.1,S02,South
2023-09-03,P102,Laptop Pro,Electronics,39357.1,0,11,432928.1,S03,West
2023-09-04,P306,Mixed Nuts 500g,Grocery,263.49,15,78,17469.39,S02,East
2023-09-04,P203,Denim Jeans,Fashion,4932.93,30,34,117403.73,S04,East
2023-09-04,P306,Mixed Nuts 500g,Grocery,362.14,0,69,24987.66,S05,West
2023-09-04,P102,Laptop Pro,Electronics,76085.99,10,11,753251.3,S10,East
2023-09-04,P104,Smart TV 43,Electronics,58026.55,0,9,522238.95,S01,South
2023-09-04,P405,LED Desk Lamp,Home,9347.75,0,18,168259.5,S10,West
2023-09-04,P505,Body Lotion,Beauty,2079.4,10,32,59886.72,S04,North
2023-09-04,P206,Summer Dress,Fashion,787.13,25,28,16529.73,S09,South
2023-09-04,P404,Wooden Bookshelf,Home,9861.4,10,15,133128.9,S05,South
2023-09-04,P301,Basmati Rice 5kg,Grocery,472.8,15,82,32954.16,S10,North
2023-09-04,P503,Sunscreen SPF50,Beauty,489.97,10,32,14111.14,S07,North
2023-09-05,P306,Mixed Nuts 500g,Grocery,554.69,0,66,36609.54,S07,North
2023-09-05,P302,Sunflower Oil 1L,Grocery,354.22,5,77,25911.19,S07,North
2023-09-05,P404,Wooden Bookshelf,Home,8475.54,5,18,144931.73,S03,North
2023-09-05,P203,Denim Jeans,Fashion,3189.61,5,18,54542.33,S07,North
2023-09-05,P305,Green Tea Pack,Grocery,645.84,30,121,54702.65,S06,North
2023-09-05,P302,Sunflower Oil 1L,Grocery,676.21,25,85,43108.39,S04,South
2023-09-05,P404,Wooden Bookshelf,Home,8829.67,10,18,143040.65,S07,West
2023-09-06,P303,Whole Wheat Flour,Grocery,143.24,20,70,8021.44,S03,East
2023-09-06,P105,Tablet Z2,Electronics,4523.73,0,9,40713.57,S10,West
2023-09-06,P303,Whole Wheat Flour,Grocery,571.15,0,65,37124.75,S06,East
2023-09-06,P301,Basmati Rice 5kg,Grocery,604.47,30,85,35965.97,S08,West
2023-09-06,P403,Wall Clock,Home,822.02,10,16,11837.09,S03,East
2023-09-06,P106,Bluetooth Speaker,Electronics,65530.32,20,10,524242.56,S04,South
2023-09-06,P203,Denim Jeans,Fashion,3556.81,30,37,92121.38,S08,North
2023-09-06,P506,Perfume 100ml,Beauty,2753.87,20,34,74905.26,S04,West
2023-09-06,P403,Wall Clock,Home,12913.51,0,24,309924.24,S06,North
2023-09-06,P404,Wooden Bookshelf,Home,924.21,0,18,16635.78,S05,West
2023-09-06,P201,Men Casual Shirt,Fashion,1460.42,5,26,36072.37,S03,East
2023-09-06,P105,Tablet Z2,Electronics,33857.16,10,6,182828.66,S03,East
2023-09-06,P502,Hair Serum,Beauty,412.48,10,32,11879.42,S06,East
2023-09-06,P402,Cotton Bedsheet,Home,12655.13,0,16,202482.08,S08,East
2023-09-06,P304,Organic Honey,Grocery,204.69,40,80,9825.12,S09,East
2023-09-06,P204,Sports Shoes,Fashion,4654.38,40,35,97741.98,S03,North
2023-09-06,P203,Denim Jeans,Fashion,539.33,0,19,10247.27,S10,West
2023-09-06,P504,Lipstick Set,Beauty,2068.46,5,13,25545.48,S07,East
2023-09-06,P406,Air Purifier,Home,11824.95,5,20,224674.05,S01,North
2023-09-07,P401,Stainless Steel Cookware,Home,1122.93,0,22,24704.46,S01,West
2023-09-07,P205,Formal Blazer,Fashion,4200.14,20,28,94083.14,S04,North
2023-09-07,P105,Tablet Z2,Electronics,63321.17,5,8,481240.89,S09,North
2023-09-07,P203,Denim Jeans,Fashion,3908.52,10,36,126636.05,S06,North
2023-09-07,P301,Basmati Rice 5kg,Grocery,192.06,0,58,11139.48,S04,South
2023-09-07,P104,Smart TV 43,Electronics,46589.21,10,12,503163.47,S01,West
2023-09-07,P503,Sunscreen SPF50,Beauty,2069.9,10,42,78242.22,S06,West
2023-09-07,P506,Perfume 100ml,Beauty,1373.11,15,280,326800.18,S08,South
2023-09-07,P306,Mixed Nuts 500g,Grocery,433.62,5,95,39134.21,S02,East
2023-09-07,P405,LED Desk Lamp,Home,5178.67,15,20,88037.39,S10,West
2023-09-08,P403,Wall Clock,Home,6534.74,40,30,117625.32,S04,North
2023-09-08,P205,Formal Blazer,Fashion,2675.72,40,45,72244.44,S04,South
2023-09-08,P202,Women Kurti,Fashion,4634.94,40,30,83428.92,S02,East
2023-09-08,P406,Air Purifier,Home,11279.41,30,28,221076.44,S02,North
2023-09-08,P402,Cotton Bedsheet,Home,4643.01,0,14,65002.14,S08,North
2023-09-08,P502,Hair Serum,Beauty,2812.42,20,27,60748.27,S09,North
2023-09-08,P203,Denim Jeans,Fashion,2719.07,0,23,62538.61,S07,West
2023-09-08,P304,Organic Honey,Grocery,318.24,10,75,21481.2,S10,West
2023-09-08,P402,Cotton Bedsheet,Home,9587.53,10,13,112174.1,S09,East
2023-09-08,P305,Green Tea Pack,Grocery,528.35,5,90,45173.92,S06,West
2023-09-08,P206,Summer Dress,Fashion,323.24,0,16,5171.84,S09,East
2023-09-08,P502,Hair Serum,Beauty,799.91,30,21,11758.68,S09,East
2023-09-08,P401,Stainless Steel Cookware,Home,14185.72,10,19,242575.81,S02,East
2023-09-08,P403,Wall Clock,Home,13130.78,40,34,267867.91,S04,South
2023-09-08,P306,Mixed Nuts 500g,Grocery,572.95,25,88,37814.7,S03,West
2023-09-08,P301,Basmati Rice 5kg,Grocery,403.54,5,75,28752.22,S06,East
2023-09-08,P105,Tablet Z2,Electronics,74529.75,25,13,726665.06,S07,West
2023-09-08,P403,Wall Clock,Home,4412.49,15,20,75012.33,S10,North
2023-09-08,P104,Smart TV 43,Electronics,73777.67,0,9,663999.03,S06,West
2023-09-08,P401,Stainless Steel Cookware,Home,4911.44,30,23,79074.18,S02,North
2023-09-08,P404,Wooden Bookshelf,Home,10509.98,20,16,134527.74,S09,East
2023-09-09,P303,Whole Wheat Flour,Grocery,431.08,25,182,58842.42,S01,West
2023-09-09,P201,Men Casual Shirt,Fashion,1395.09,10,33,41434.17,S07,North
2023-09-09,P305,Green Tea Pack,Grocery,303.82,10,102,27890.68,S05,West
2023-09-09,P504,Lipstick Set,Beauty,1593.78,15,41,55543.23,S07,West
2023-09-09,P206,Summer Dress,Fashion,4755.62,40,58,165495.58,S04,South
2023-09-09,P102,Laptop Pro,Electronics,57629.05,40,22,760703.46,S06,South
2023-09-09,P403,Wall Clock,Home,1461.46,10,20,26306.28,S05,South
2023-09-09,P404,Wooden Bookshelf,Home,8173.46,15,19,132001.38,S09,West
2023-09-09,P306,Mixed Nuts 500g,Grocery,589.28,0,91,53624.48,S05,North
2023-09-09,P101,Smartphone X1,Electronics,21962.16,10,16,316255.1,S10,North
2023-09-09,P304,Organic Honey,Grocery,582.76,30,140,57110.48,S05,North
2023-09-09,P303,Whole Wheat Flour,Grocery,707.93,5,105,70616.02,S08,South
2023-09-09,P403,Wall Clock,Home,1427.86,0,19,27129.34,S01,East
2023-09-09,P101,Smartphone X1,Electronics,58626.0,0,11,644886.0,S02,East
2023-09-09,P101,Smartphone X1,Electronics,49779.08,0,12,597348.96,S02,North
2023-09-09,P501,Face Moisturizer,Beauty,2087.76,0,49,102300.24,S10,North
2023-09-09,P202,Women Kurti,Fashion,578.55,15,42,20654.23,S04,West
2023-09-10,P406,Air Purifier,Home,2291.38,5,21,45713.03,S10,South
2023-09-10,P203,Denim Jeans,Fashion,3279.2,15,32,89194.24,S04,East
2023-09-10,P204,Sports Shoes,Fashion,1880.55,5,36,64314.81,S06,East
2023-09-10,P103,Wireless Earbuds,Electronics,17286.86,40,12,124465.39,S07,East
2023-09-10,P104,Smart TV 43,Electronics,64342.01,5,12,733498.91,S06,East
2023-09-10,P502,Hair Serum,Beauty,1860.93,0,42,78159.06,S10,South
2023-09-10,P206,Summer Dress,Fashion,4248.52,0,26,110461.52,S07,East
2023-09-10,P505,Body Lotion,Beauty,2944.93,20,35,82458.04,S03,North
2023-09-10,P403,Wall Clock,Home,9568.17,10,20,172227.06,S01,East
2023-09-10,P201,Men Casual Shirt,Fashion,2292.08,0,30,68762.4,S06,West
2023-09-10,P501,Face Moisturizer,Beauty,1240.56,20,30,29773.44,S07,North
2023-09-11,P105,Tablet Z2,Electronics,49322.51,10,8,355122.07,S03,West
2023-09-11,P403,Wall Clock,Home,2989.51,40,19,34080.41,S03,East
2023-09-11,P101,Smartphone X1,Electronics,26254.52,40,13,204785.26,S07,North
2023-09-11,P401,Stainless Steel Cookware,Home,4966.72,40,19,56620.61,S03,East
2023-09-11,P403,Wall Clock,Home,14965.77,0,13,194555.01,S07,North
2023-09-11,P101,Smartphone X1,Electronics,41341.01,30,12,347264.48,S09,North
2023-09-11,P103,Wireless Earbuds,Electronics,53111.52,0,9,478003.68,S02,West
2023-09-11,P501,Face Moisturizer,Beauty,1779.98,5,27,45656.49,S02,West
2023-09-11,P204,Sports Shoes,Fashion,330.61,15,31,8711.57,S04,South
2023-09-11,P402,Cotton Bedsheet,Home,10576.95,20,21,177692.76,S08,North
2023-09-12,P304,Organic Honey,Grocery,389.63,0,55,21429.65,S06,East
2023-09-12,P506,Perfume 100ml,Beauty,2335.48,10,33,69363.76,S05,West
2023-09-12,P304,Organic Honey,Grocery,557.89,5,58,30739.74,S09,North
2023-09-12,P404,Wooden Bookshelf,Home,332.93,40,27,5393.47,S09,West
2023-09-12,P203,Denim Jeans,Fashion,2866.97,15,27,65796.96,S06,South
2023-09-12,P301,Basmati Rice 5kg,Grocery,155.33,10,80,11183.76,S04,East
2023-09-12,P403,Wall Clock,Home,12617.69,20,16,161506.43,S07,South
2023-09-12,P504,Lipstick Set,Beauty,1697.88,0,27,45842.76,S05,North
2023-09-12,P306,Mixed Nuts 500g,Grocery,798.93,5,67,50851.89,S10,South
2023-09-12,P303,Whole Wheat Flour,Grocery,72.2,5,56,3841.04,S03,South
2023-09-12,P202,Women Kurti,Fashion,958.86,0,21,20136.06,S09,West
2023-09-12,P201,Men Casual Shirt,Fashion,2288.57,0,19,43482.83,S03,South
2023-09-12,P203,Denim Jeans,Fashion,1683.72,20,33,44450.21,S10,North
2023-09-12,P401,Stainless Steel Cookware,Home,8515.48,15,9,65143.42,S09,East
2023-09-12,P302,Sunflower Oil 1L,Grocery,704.13,15,80,47880.84,S02,West
2023-09-13,P104,Smart TV 43,Electronics,5422.22,0,10,54222.2,S03,West
2023-09-13,P102,Laptop Pro,Electronics,5038.33,10,10,45344.97,S04,East
2023-09-13,P101,Smartphone X1,Electronics,71707.46,10,8,516293.71,S02,East
2023-09-13,P403,Wall Clock,Home,7772.06,0,13,101036.78,S03,South
2023-09-13,P204,Sports Shoes,Fashion,2284.97,15,31,60208.96,S01,South
2023-09-13,P205,Formal Blazer,Fashion,1802.9,10,35,56791.35,S06,North
2023-09-13,P102,Laptop Pro,Electronics,18427.53,0,8,147420.24,S05,East
2023-09-13,P106,Bluetooth Speaker,Electronics,27243.18,20,14,305123.62,S01,North
2023-09-14,P201,Men Casual Shirt,Fashion,3511.01,0,27,94797.27,S08,West
2023-09-14,P401,Stainless Steel Cookware,Home,2392.88,0,16,38286.08,S08,East
2023-09-14,P203,Denim Jeans,Fashion,1670.48,5,28,44434.77,S04,West
2023-09-14,P201,Men Casual Shirt,Fashion,4993.61,30,26,90883.7,S05,West
2023-09-14,P104,Smart TV 43,Electronics,3108.05,15,10,26418.42,S03,West
2023-09-14,P505,Body Lotion,Beauty,387.03,0,46,17803.38,S01,West
2023-09-14,P102,Laptop Pro,Electronics,76220.11,10,13,891775.29,S10,West
2023-09-14,P306,Mixed Nuts 500g,Grocery,118.39,40,78,5540.65,S03,North
2023-09-14,P204,Sports Shoes,Fashion,616.7,0,26,16034.2,S04,North
2023-09-14,P505,Body Lotion,Beauty,2039.16,15,40,69331.44,S04,South
2023-09-14,P203,Denim Jeans,Fashion,4538.19,0,20,90763.8,S02,North
2023-09-15,P403,Wall Clock,Home,2768.24,15,17,40001.07,S03,West
2023-09-15,P201,Men Casual Shirt,Fashion,3943.14,0,19,74919.66,S08,South
2023-09-15,P303,Whole Wheat Flour,Grocery,433.09,15,69,25400.73,S04,South
2023-09-15,P201,Men Casual Shirt,Fashion,2819.87,10,21,53295.54,S03,West
2023-09-15,P101,Smartphone X1,Electronics,29810.49,20,9,214635.53,S04,East
2023-09-15,P505,Body Lotion,Beauty,2654.6,30,40,74328.8,S08,South
2023-09-15,P202,Women Kurti,Fashion,3628.52,5,27,93071.54,S02,South
2023-09-15,P302,Sunflower Oil 1L,Grocery,72.63,0,73,5301.99,S04,North
2023-09-15,P401,Stainless Steel Cookware,Home,7033.84,0,15,105507.6,S03,East
2023-09-15,P203,Denim Jeans,Fashion,1567.08,15,29,38628.52,S08,East
2023-09-15,P202,Women Kurti,Fashion,3064.73,5,22,64052.86,S10,West
2023-09-15,P402,Cotton Bedsheet,Home,12537.74,30,20,175528.36,S07,West
2023-09-15,P203,Denim Jeans,Fashion,1430.82,5,23,31263.42,S07,South
2023-09-15,P106,Bluetooth Speaker,Electronics,32723.45,25,11,269968.46,S09,South
2023-09-15,P305,Green Tea Pack,Grocery,552.38,25,87,36042.79,S04,West
2023-09-15,P104,Smart TV 43,Electronics,24746.77,30,19,329132.04,S01,West
2023-09-15,P204,Sports Shoes,Fashion,2143.79,5,20,40732.01,S05,South
2023-09-15,P303,Whole Wheat Flour,Grocery,199.48,15,85,14412.43,S02,South
2023-09-15,P506,Perfume 100ml,Beauty,2173.31,10,31,60635.35,S08,South
2023-09-15,P405,LED Desk Lamp,Home,3966.38,15,29,97771.27,S08,North
2023-09-15,P401,Stainless Steel Cookware,Home,10584.56,10,12,114313.25,S09,North
2023-09-15,P206,Summer Dress,Fashion,1371.49,10,24,29624.18,S08,East
2023-09-16,P206,Summer Dress,Fashion,647.64,25,48,23315.04,S07,West
2023-09-16,P205,Formal Blazer,Fashion,2601.16,0,35,91040.6,S05,North
2023-09-16,P304,Organic Honey,Grocery,660.8,0,124,81939.2,S01,West
2023-09-16,P106,Bluetooth Speaker,Electronics,4614.95,0,11,50764.45,S03,East
2023-09-16,P404,Wooden Bookshelf,Home,8591.92,15,26,189881.43,S06,East
2023-09-16,P206,Summer Dress,Fashion,3249.34,20,34,88382.05,S09,South
2023-09-16,P503,Sunscreen SPF50,Beauty,2005.47,0,42,84229.74,S04,South
2023-09-16,P305,Green Tea Pack,Grocery,377.32,15,175,56126.35,S01,West
2023-09-16,P105,Tablet Z2,Electronics,4246.07,20,16,54349.7,S01,South
2023-09-16,P302,Sunflower Oil 1L,Grocery,536.81,30,109,40958.6,S09,West
2023-09-17,P405,LED Desk Lamp,Home,2957.19,0,22,65058.18,S02,North
2023-09-17,P206,Summer Dress,Fashion,2526.59,15,25,53690.04,S09,South
2023-09-17,P103,Wireless Earbuds,Electronics,44435.91,40,21,559892.47,S08,South
2023-09-17,P301,Basmati Rice 5kg,Grocery,303.69,40,183,33345.16,S02,West
2023-09-17,P505,Body Lotion,Beauty,1641.95,10,41,60587.96,S06,East
2023-09-18,P104,Smart TV 43,Electronics,52094.65,0,10,520946.5,S02,North
2023-09-18,P404,Wooden Bookshelf,Home,1368.21,25,17,17444.68,S07,South
2023-09-18,P206,Summer Dress,Fashion,4731.09,0,30,141932.7,S01,South
2023-09-18,P305,Green Tea Pack,Grocery,580.02,25,68,29581.02,S09,North
2023-09-18,P204,Sports Shoes,Fashion,1433.83,20,32,36706.05,S02,North
2023-09-18,P105,Tablet Z2,Electronics,65330.96,0,9,587978.64,S07,East
2023-09-18,P402,Cotton Bedsheet,Home,10841.95,5,17,175097.49,S02,West
2023-09-18,P401,Stainless Steel Cookware,Home,10438.68,30,21,153448.6,S09,West
2023-09-18,P404,Wooden Bookshelf,Home,7764.55,10,10,69880.95,S09,East
2023-09-18,P502,Hair Serum,Beauty,2696.12,5,46,117820.44,S01,East
2023-09-18,P106,Bluetooth Speaker,Electronics,42553.79,20,13,442559.42,S07,North
2023-09-18,P401,Stainless Steel Cookware,Home,13325.54,10,24,287831.66,S04,West
2023-09-18,P304,Organic Honey,Grocery,50.15,0,82,4112.3,S08,West
2023-09-18,P304,Organic Honey,Grocery,439.36,0,62,27240.32,S06,East
2023-09-18,P404,Wooden Bookshelf,Home,301.36,10,19,5153.26,S05,North
2023-09-18,P505,Body Lotion,Beauty,1818.65,0,40,72746.0,S04,North
2023-09-18,P104,Smart TV 43,Electronics,21755.93,10,8,156642.7,S03,East
2023-09-18,P102,Laptop Pro,Electronics,43804.43,20,11,385478.98,S10,North
2023-09-18,P204,Sports Shoes,Fashion,1254.7,30,27,23713.83,S03,East
2023-09-19,P303,Whole Wheat Flour,Grocery,423.04,10,91,34646.98,S02,North
2023-09-19,P405,LED Desk Lamp,Home,11048.19,5,18,188924.05,S08,South
2023-09-19,P504,Lipstick Set,Beauty,614.62,0,31,19053.22,S04,South
2023-09-19,P505,Body Lotion,Beauty,2019.71,30,53,74931.24,S01,North
2023-09-19,P405,LED Desk Lamp,Home,11580.63,10,19,198028.77,S02,South
2023-09-19,P305,Green Tea Pack,Grocery,254.63,30,96,17111.14,S09,West
2023-09-19,P106,Bluetooth Speaker,Electronics,49653.78,20,15,595845.36,S03,West
2023-09-19,P504,Lipstick Set,Beauty,2795.73,5,33,87646.14,S01,South
2023-09-19,P104,Smart TV 43,Electronics,10633.26,5,9,90914.37,S07,North
2023-09-20,P401,Stainless Steel Cookware,Home,1290.02,0,23,29670.46,S06,South
2023-09-20,P302,Sunflower Oil 1L,Grocery,787.44,0,59,46458.96,S07,North
2023-09-20,P206,Summer Dress,Fashion,947.32,15,30,24156.66,S06,South
2023-09-20,P304,Organic Honey,Grocery,697.58,0,87,60689.46,S08,West
2023-09-20,P303,Whole Wheat Flour,Grocery,369.83,10,52,17308.04,S02,East
2023-09-20,P502,Hair Serum,Beauty,1615.5,0,28,45234.0,S02,South
2023-09-20,P105,Tablet Z2,Electronics,79322.62,30,14,777361.68,S07,North
2023-09-20,P506,Perfume 100ml,Beauty,399.24,0,29,11577.96,S06,East
2023-09-20,P402,Cotton Bedsheet,Home,13128.47,5,13,162136.6,S02,South
2023-09-20,P404,Wooden Bookshelf,Home,3884.69,0,25,97117.25,S06,North
2023-09-20,P204,Sports Shoes,Fashion,3964.65,0,21,83257.65,S08,South
2023-09-20,P403,Wall Clock,Home,4413.63,25,19,62894.23,S09,East
2023-09-20,P505,Body Lotion,Beauty,1724.35,40,47,48626.67,S06,South
2023-09-21,P104,Smart TV 43,Electronics,41233.28,40,16,395839.49,S05,North
2023-09-21,P103,Wireless Earbuds,Electronics,64568.92,0,11,710258.12,S02,North
2023-09-21,P301,Basmati Rice 5kg,Grocery,233.2,10,94,19728.72,S01,West
2023-09-21,P101,Smartphone X1,Electronics,37626.66,10,0,0.0,S08,North
2023-09-21,P302,Sunflower Oil 1L,Grocery,707.25,0,71,50214.75,S03,South
2023-09-21,P505,Body Lotion,Beauty,2744.71,10,22,54345.26,S10,West
2023-09-21,P104,Smart TV 43,Electronics,46529.82,5,11,486236.62,S02,South
2023-09-21,P104,Smart TV 43,Electronics,46990.63,10,15,634373.51,S01,North
2023-09-21,P406,Air Purifier,Home,11544.14,0,11,126985.54,S09,South
2023-09-21,P504,Lipstick Set,Beauty,2837.96,5,21,56617.3,S09,North
2023-09-22,P505,Body Lotion,Beauty,772.8,20,30,18547.2,S03,East
2023-09-22,P403,Wall Clock,Home,4309.0,0,17,73253.0,S02,South
2023-09-22,P506,Perfume 100ml,Beauty,1911.11,10,31,53319.97,S10,North
2023-09-22,P404,Wooden Bookshelf,Home,11602.29,10,16,167072.98,S03,South
2023-09-22,P504,Lipstick Set,Beauty,2115.71,30,42,62201.87,S10,South
2023-09-22,P502,Hair Serum,Beauty,495.42,40,38,11295.58,S02,South
2023-09-22,P106,Bluetooth Speaker,Electronics,28130.89,10,13,329131.41,S07,South
2023-09-22,P504,Lipstick Set,Beauty,2958.59,10,21,55917.35,S03,East
2023-09-22,P206,Summer Dress,Fashion,2253.21,10,14,28390.45,S05,East
2023-09-22,P404,Wooden Bookshelf,Home,6608.77,0,10,66087.7,S08,West
2023-09-22,P502,Hair Serum,Beauty,934.3,0,26,24291.8,S04,West
2023-09-22,P205,Formal Blazer,Fashion,3616.57,40,38,82457.8,S02,South
2023-09-22,P403,Wall Clock,Home,13206.27,30,23,212620.95,S07,North
2023-09-22,P506,Perfume 100ml,Beauty,2429.18,40,62,90365.5,S04,West
2023-09-22,P206,Summer Dress,Fashion,2084.94,5,19,37633.17,S07,South
2023-09-22,P101,Smartphone X1,Electronics,51778.6,10,9,419406.66,S10,South
2023-09-22,P204,Sports Shoes,Fashion,4633.02,20,27,100073.23,S05,North
2023-09-23,P205,Formal Blazer,Fashion,1566.22,25,32,37589.28,S05,South
2023-09-23,P401,Stainless Steel Cookware,Home,8852.08,10,22,175271.18,S10,North
2023-09-23,P501,Face Moisturizer,Beauty,1028.57,30,52,37439.95,S07,West
2023-09-23,P201,Men Casual Shirt,Fashion,1847.38,10,36,59855.11,S02,West
2023-09-23,P101,Smartphone X1,Electronics,53924.9,30,13,490716.59,S02,North
2023-09-23,P402,Cotton Bedsheet,Home,2374.15,25,435,774566.44,S04,South
2023-09-23,P301,Basmati Rice 5kg,Grocery,500.43,10,120,54046.44,S06,North
2023-09-23,P204,Sports Shoes,Fashion,4320.96,0,33,142591.68,S09,West
2023-09-23,P501,Face Moisturizer,Beauty,508.91,5,32,15470.86,S04,East
2023-09-23,P404,Wooden Bookshelf,Home,8828.75,25,36,238376.25,S07,North
2023-09-23,P203,Denim Jeans,Fashion,4628.24,20,43,159211.46,S10,South
2023-09-23,P202,Women Kurti,Fashion,4343.47,40,69,179819.66,S08,South
2023-09-23,P201,Men Casual Shirt,Fashion,820.5,0,25,20512.5,S10,South
2023-09-24,P102,Laptop Pro,Electronics,10480.61,25,21,165069.61,S06,East
2023-09-24,P501,Face Moisturizer,Beauty,1371.71,40,60,49381.56,S10,North
2023-09-24,P502,Hair Serum,Beauty,370.44,0,43,15928.92,S06,South
2023-09-24,P104,Smart TV 43,Electronics,17454.65,0,11,192001.15,S07,East
2023-09-24,P303,Whole Wheat Flour,Grocery,308.11,10,73,20242.83,S09,East
2023-09-24,P306,Mixed Nuts 500g,Grocery,704.52,20,162,91305.79,S01,North
2023-09-24,P204,Sports Shoes,Fashion,3239.15,10,42,122439.87,S04,West
2023-09-24,P203,Denim Jeans,Fashion,2802.29,10,39,98360.38,S05,West
2023-09-24,P404,Wooden Bookshelf,Home,14168.53,10,24,306040.25,S05,North
2023-09-24,P304,Organic Honey,Grocery,491.2,15,109,45509.68,S07,North
2023-09-24,P204,Sports Shoes,Fashion,3170.5,40,27,51362.1,S07,South
2023-09-24,P406,Air Purifier,Home,612.94,0,20,12258.8,S03,South
2023-09-24,P506,Perfume 100ml,Beauty,602.09,20,54,26010.29,S01,South
2023-09-25,P503,Sunscreen SPF50,Beauty,1185.18,30,35,29036.91,S02,South
2023-09-25,P204,Sports Shoes,Fashion,526.41,0,32,16845.12,S02,West
2023-09-25,P306,Mixed Nuts 500g,Grocery,670.96,20,77,41331.14,S03,South
2023-09-25,P301,Basmati Rice 5kg,Grocery,783.42,30,82,44968.31,S09,South
2023-09-25,P303,Whole Wheat Flour,Grocery,414.84,20,91,30200.35,S04,West
2023-09-25,P502,Hair Serum,Beauty,1038.57,0,25,25964.25,S04,South
2023-09-25,P304,Organic Honey,Grocery,233.79,0,75,17534.25,S01,East
2023-09-25,P401,Stainless Steel Cookware,Home,14707.33,0,11,161780.63,S09,North
2023-09-25,P203,Denim Jeans,Fashion,4334.08,5,27,111169.15,S10,South
2023-09-25,P304,Organic Honey,Grocery,368.9,5,77,26985.03,S07,West
2023-09-25,P502,Hair Serum,Beauty,1352.78,25,39,39568.82,S08,East
2023-09-25,P406,Air Purifier,Home,3048.43,20,24,58529.86,S10,North
2023-09-25,P205,Formal Blazer,Fashion,1883.35,20,25,37667.0,S09,North
2023-09-25,P502,Hair Serum,Beauty,873.35,15,37,27466.86,S08,East
2023-09-25,P504,Lipstick Set,Beauty,176.32,5,31,5192.62,S02,North
2023-09-25,P101,Smartphone X1,Electronics,76116.31,20,10,608930.48,S07,South
2023-09-26,P102,Laptop Pro,Electronics,20590.22,40,13,160603.72,S07,South
2023-09-26,P303,Whole Wheat Flour,Grocery,583.44,10,63,33081.05,S10,East
2023-09-26,P306,Mixed Nuts 500g,Grocery,581.78,0,51,29670.78,S04,East
2023-09-26,P406,Air Purifier,Home,8690.41,5,18,148606.01,S02,East
2023-09-26,P505,Body Lotion,Beauty,1804.1,30,42,53040.54,S04,East
2023-09-26,P502,Hair Serum,Beauty,2479.59,25,31,57650.47,S09,North
2023-09-26,P504,Lipstick Set,Beauty,2057.03,15,44,76932.92,S06,North
2023-09-26,P401,Stainless Steel Cookware,Home,4835.27,20,0,0.0,S05,West
2023-09-26,P101,Smartphone X1,Electronics,53079.8,0,10,530798.0,S03,West
2023-09-26,P101,Smartphone X1,Electronics,4543.04,0,11,49973.44,S10,North
2023-09-27,P302,Sunflower Oil 1L,Grocery,245.22,30,86,14762.24,S01,East
2023-09-27,P502,Hair Serum,Beauty,2624.5,5,31,77291.52,S09,North
2023-09-27,P104,Smart TV 43,Electronics,24204.79,40,14,203320.24,S04,East
2023-09-27,P202,Women Kurti,Fashion,3781.31,10,17,57854.04,S09,East
2023-09-27,P404,Wooden Bookshelf,Home,12588.77,25,24,226597.86,S05,South
2023-09-27,P403,Wall Clock,Home,1619.15,0,14,22668.1,S10,East
2023-09-27,P506,Perfume 100ml,Beauty,1420.07,10,23,29395.45,S02,West
2023-09-27,P405,LED Desk Lamp,Home,3151.24,0,14,44117.36,S07,West
2023-09-27,P502,Hair Serum,Beauty,2567.73,20,23,47246.23,S03,East
2023-09-27,P504,Lipstick Set,Beauty,1149.79,0,25,28744.75,S10,West
2023-09-27,P501,Face Moisturizer,Beauty,1952.59,25,28,41004.39,S04,East
2023-09-28,P106,Bluetooth Speaker,Electronics,77903.03,10,14,981578.18,S08,North
2023-09-28,P401,Stainless Steel Cookware,Home,13137.28,5,21,262088.74,S02,South
2023-09-28,P106,Bluetooth Speaker,Electronics,46212.09,0,11,508332.99,S01,North
2023-09-28,P303,Whole Wheat Flour,Grocery,667.48,10,51,30637.33,S03,North
2023-09-28,P306,Mixed Nuts 500g,Grocery,231.58,20,94,17414.82,S01,North
2023-09-28,P205,Formal Blazer,Fashion,2516.66,40,23,34729.91,S07,North
2023-09-28,P501,Face Moisturizer,Beauty,2051.2,30,36,51690.24,S08,East
2023-09-28,P301,Basmati Rice 5kg,Grocery,457.13,20,111,40593.14,S01,East
2023-09-28,P505,Body Lotion,Beauty,1178.58,15,29,29052.0,S05,South
2023-09-28,P303,Whole Wheat Flour,Grocery,482.31,25,78,28215.14,S02,South
2023-09-28,P102,Laptop Pro,Electronics,77624.24,25,16,931490.88,S01,East
2023-09-29,P204,Sports Shoes,Fashion,1084.7,30,32,24297.28,S08,North
2023-09-29,P402,Cotton Bedsheet,Home,4658.62,30,28,91308.95,S02,North
2023-09-29,P204,Sports Shoes,Fashion,4903.28,5,23,107136.67,S02,West
2023-09-29,P203,Denim Jeans,Fashion,3414.68,0,17,58049.56,S10,West
2023-09-29,P305,Green Tea Pack,Grocery,531.16,0,64,33994.24,S06,West
2023-09-29,P203,Denim Jeans,Fashion,484.6,10,24,10467.36,S02,East
2023-09-29,P405,LED Desk Lamp,Home,7937.99,0,19,150821.81,S03,North
2023-09-29,P405,LED Desk Lamp,Home,1549.78,10,12,16737.62,S03,East
2023-09-29,P504,Lipstick Set,Beauty,1413.87,5,33,44324.82,S01,East
2023-09-29,P106,Bluetooth Speaker,Electronics,59089.99,10,8,425447.93,S07,East
2023-09-30,P104,Smart TV 43,Electronics,64385.97,40,21,811263.22,S08,West
2023-09-30,P201,Men Casual Shirt,Fashion,1875.2,10,38,64131.84,S01,North
2023-09-30,P503,Sunscreen SPF50,Beauty,2226.68,0,35,77933.8,S02,South
2023-09-30,P203,Denim Jeans,Fashion,2125.26,5,24,48455.93,S05,East
2023-09-30,P305,Green Tea Pack,Grocery,65.01,0,55,3575.55,S10,East
2023-09-30,P404,Wooden Bookshelf,Home,3432.48,0,30,102974.4,S01,South
2023-09-30,P404,Wooden Bookshelf,Home,4796.9,10,20,86344.2,S07,North
2023-09-30,P106,Bluetooth Speaker,Electronics,32465.85,5,14,431795.8,S08,West
2023-10-01,P405,LED Desk Lamp,Home,10798.95,30,20,151185.3,S09,West
2023-10-01,P102,Laptop Pro,Electronics,55720.03,0,13,724360.39,S09,North
2023-10-01,P104,Smart TV 43,Electronics,22956.12,10,13,268586.6,S03,South
2023-10-01,P106,Bluetooth Speaker,Electronics,54900.79,10,21,1037624.93,S06,South
2023-10-01,P206,Summer Dress,Fashion,2980.3,5,40,113251.4,S04,South
2023-10-01,P101,Smartphone X1,Electronics,25949.21,5,14,345124.49,S09,South
2023-10-01,P206,Summer Dress,Fashion,465.59,0,38,17692.42,S10,South
2023-10-01,P304,Organic Honey,Grocery,424.53,15,112,40415.26,S07,East
2023-10-01,P105,Tablet Z2,Electronics,60395.29,5,20,1147510.51,S01,East
2023-10-01,P506,Perfume 100ml,Beauty,2610.65,15,39,86543.05,S10,West
2023-10-01,P401,Stainless Steel Cookware,Home,11109.3,15,36,339944.58,S08,West
2023-10-01,P405,LED Desk Lamp,Home,7814.01,20,31,193787.45,S10,East
2023-10-01,P301,Basmati Rice 5kg,Grocery,168.62,0,73,12309.26,S05,West
2023-10-02,P101,Smartphone X1,Electronics,51287.43,30,18,646221.62,S03,South
2023-10-02,P106,Bluetooth Speaker,Electronics,71651.57,30,16,802497.58,S03,North
2023-10-02,P202,Women Kurti,Fashion,3084.25,0,25,77106.25,S09,South
2023-10-02,P505,Body Lotion,Beauty,683.64,15,39,22662.67,S04,North
2023-10-02,P206,Summer Dress,Fashion,4179.78,15,32,113690.02,S10,East
2023-10-02,P102,Laptop Pro,Electronics,49490.7,5,15,705242.47,S10,North
2023-10-02,P501,Face Moisturizer,Beauty,1381.67,10,32,39792.1,S07,North
2023-10-02,P503,Sunscreen SPF50,Beauty,1900.79,15,33,53317.16,S09,North
2023-10-02,P502,Hair Serum,Beauty,1392.27,25,31,32370.28,S09,North
2023-10-02,P404,Wooden Bookshelf,Home,12106.61,30,36,305086.57,S10,North
2023-10-02,P101,Smartphone X1,Electronics,25829.24,10,11,255709.48,S07,East
2023-10-02,P104,Smart TV 43,Electronics,45383.28,30,21,667134.22,S01,South
2023-10-03,P405,LED Desk Lamp,Home,6737.41,10,22,133400.72,S02,South
2023-10-03,P404,Wooden Bookshelf,Home,956.82,5,21,19088.56,S03,North
2023-10-03,P306,Mixed Nuts 500g,Grocery,143.23,25,106,11386.78,S10,North
2023-10-03,P303,Whole Wheat Flour,Grocery,313.56,10,101,28502.6,S01,South
2023-10-03,P202,Women Kurti,Fashion,2180.74,0,33,71964.42,S01,North
2023-10-03,P201,Men Casual Shirt,Fashion,3757.59,0,32,120242.88,S04,West
2023-10-03,P103,Wireless Earbuds,Electronics,36736.58,30,16,411449.7,S02,North
2023-10-03,P505,Body Lotion,Beauty,2312.64,30,38,61516.22,S02,South
2023-10-03,P302,Sunflower Oil 1L,Grocery,193.29,40,111,12873.11,S05,North
2023-10-03,P501,Face Moisturizer,Beauty,682.24,30,30,14327.04,S09,East
2023-10-03,P101,Smartphone X1,Electronics,23214.49,0,12,278573.88,S06,West
2023-10-03,P205,Formal Blazer,Fashion,1498.5,25,30,33716.25,S02,West
2023-10-03,P101,Smartphone X1,Electronics,54682.18,10,11,541353.58,S02,West
2023-10-03,P502,Hair Serum,Beauty,837.49,10,33,24873.45,S01,South
2023-10-04,P205,Formal Blazer,Fashion,2477.79,10,28,62440.31,S07,South
2023-10-04,P102,Laptop Pro,Electronics,36657.82,10,16,527872.61,S10,North
2023-10-04,P202,Women Kurti,Fashion,1886.78,40,40,45282.72,S08,South
2023-10-04,P101,Smartphone X1,Electronics,3572.03,40,19,40721.14,S02,West
2023-10-04,P101,Smartphone X1,Electronics,51192.61,10,11,506806.84,S09,South
2023-10-04,P102,Laptop Pro,Electronics,25797.09,15,16,350840.42,S01,East
2023-10-04,P305,Green Tea Pack,Grocery,71.46,5,77,5227.3,S05,South
2023-10-04,P503,Sunscreen SPF50,Beauty,1771.32,0,30,53139.6,S01,North
2023-10-04,P204,Sports Shoes,Fashion,4552.59,0,26,118367.34,S04,West
2023-10-04,P204,Sports Shoes,Fashion,2278.39,0,24,54681.36,S07,South
2023-10-04,P205,Formal Blazer,Fashion,2195.14,5,26,54219.96,S03,West
2023-10-04,P506,Perfume 100ml,Beauty,463.55,15,40,15760.7,S01,East
2023-10-04,P403,Wall Clock,Home,2362.34,0,23,54333.82,S01,South
2023-10-04,P101,Smartphone X1,Electronics,49048.83,10,10,441439.47,S02,East
2023-10-04,P501,Face Moisturizer,Beauty,924.31,0,26,24032.06,S05,North
2023-10-05,P206,Summer Dress,Fashion,1344.41,10,16,19359.5,S09,South
2023-10-05,P503,Sunscreen SPF50,Beauty,2333.5,0,41,95673.5,S06,North
2023-10-05,P105,Tablet Z2,Electronics,3748.92,5,12,42737.69,S06,South
2023-10-05,P404,Wooden Bookshelf,Home,5203.35,20,33,137368.44,S06,South
2023-10-05,P404,Wooden Bookshelf,Home,3226.69,0,11,35493.59,S09,East
2023-10-05,P506,Perfume 100ml,Beauty,416.76,40,55,13753.08,S05,South
2023-10-05,P206,Summer Dress,Fashion,3050.56,0,25,76264.0,S04,West
2023-10-05,P406,Air Purifier,Home,11417.31,5,21,227775.33,S02,North
2023-10-05,P203,Denim Jeans,Fashion,454.19,0,19,8629.61,S03,South
2023-10-05,P504,Lipstick Set,Beauty,524.39,25,32,12585.36,S09,East
2023-10-05,P405,LED Desk Lamp,Home,364.61,25,36,9844.47,S02,North
2023-10-05,P305,Green Tea Pack,Grocery,284.79,10,54,13840.79,S09,South
2023-10-06,P302,Sunflower Oil 1L,Grocery,351.65,0,75,26373.75,S04,East
2023-10-06,P304,Organic Honey,Grocery,393.29,30,74,20372.42,S03,South
2023-10-06,P504,Lipstick Set,Beauty,2892.37,15,32,78672.46,S10,South
2023-10-06,P303,Whole Wheat Flour,Grocery,153.78,5,62,9057.64,S09,North
2023-10-06,P302,Sunflower Oil 1L,Grocery,124.07,0,66,8188.62,S03,South
2023-10-06,P404,Wooden Bookshelf,Home,5812.68,10,18,94165.42,S07,East
2023-10-06,P204,Sports Shoes,Fashion,488.01,30,44,15030.71,S02,West
2023-10-06,P105,Tablet Z2,Electronics,29550.29,5,14,393018.86,S04,West
2023-10-06,P505,Body Lotion,Beauty,1121.61,40,40,26918.64,S03,North
2023-10-06,P205,Formal Blazer,Fashion,2064.3,0,35,72250.5,S08,North
2023-10-06,P201,Men Casual Shirt,Fashion,4580.65,5,27,117493.67,S10,West
2023-10-06,P102,Laptop Pro,Electronics,11804.62,10,13,138114.05,S10,West
2023-10-06,P506,Perfume 100ml,Beauty,824.24,20,34,22419.33,S07,East
2023-10-06,P305,Green Tea Pack,Grocery,262.9,40,79,12461.46,S03,East
2023-10-07,P305,Green Tea Pack,Grocery,459.28,0,79,36283.12,S02,North
2023-10-07,P202,Women Kurti,Fashion,4365.1,0,37,161508.7,S05,West
2023-10-07,P304,Organic Honey,Grocery,349.3,0,110,38423.0,S01,North
2023-10-07,P503,Sunscreen SPF50,Beauty,2908.12,10,37,96840.4,S10,East
2023-10-07,P202,Women Kurti,Fashion,347.32,0,38,13198.16,S06,North
2023-10-07,P402,Cotton Bedsheet,Home,12820.58,30,28,251283.37,S07,East
2023-10-07,P202,Women Kurti,Fashion,3578.52,5,35,118985.79,S05,East
2023-10-07,P406,Air Purifier,Home,12388.61,10,32,356791.97,S01,West
2023-10-07,P505,Body Lotion,Beauty,1225.69,15,31,32296.93,S03,East
2023-10-07,P402,Cotton Bedsheet,Home,10711.66,0,15,160674.9,S09,West
2023-10-07,P106,Bluetooth Speaker,Electronics,26723.33,5,22,558517.6,S10,North
2023-10-07,P206,Summer Dress,Fashion,1705.19,40,55,56271.27,S01,South
2023-10-07,P204,Sports Shoes,Fashion,1712.91,15,35,50959.07,S03,East
2023-10-08,P106,Bluetooth Speaker,Electronics,40654.83,20,15,487857.96,S09,West
2023-10-08,P502,Hair Serum,Beauty,1033.02,20,39,32230.22,S07,South
2023-10-08,P302,Sunflower Oil 1L,Grocery,310.5,5,68,20058.3,S03,West
2023-10-08,P502,Hair Serum,Beauty,2760.49,10,39,96893.2,S02,West
2023-10-08,P505,Body Lotion,Beauty,1542.76,0,33,50911.08,S07,West
2023-10-08,P303,Whole Wheat Flour,Grocery,167.28,0,120,20073.6,S01,North
2023-10-08,P202,Women Kurti,Fashion,1168.31,25,54,47316.56,S02,South
2023-10-08,P406,Air Purifier,Home,4504.21,5,27,115532.99,S05,North
2023-10-08,P102,Laptop Pro,Electronics,57206.88,0,21,1201344.48,S06,South
2023-10-08,P504,Lipstick Set,Beauty,1212.12,0,37,44848.44,S08,East
2023-10-08,P403,Wall Clock,Home,4414.49,25,44,145678.17,S04,West
2023-10-08,P301,Basmati Rice 5kg,Grocery,721.82,10,109,70810.54,S10,West
2023-10-08,P102,Laptop Pro,Electronics,62961.08,30,15,661091.34,S03,South
2023-10-08,P206,Summer Dress,Fashion,3499.2,15,43,127895.76,S01,East
2023-10-08,P103,Wireless Earbuds,Electronics,71485.02,10,17,1093720.81,S06,West
2023-10-08,P105,Tablet Z2,Electronics,21472.48,5,17,346780.55,S07,South
2023-10-08,P101,Smartphone X1,Electronics,31533.32,0,17,536066.44,S07,South
2023-10-08,P202,Women Kurti,Fashion,1174.66,0,33,38763.78,S09,North
2023-10-08,P305,Green Tea Pack,Grocery,628.16,0,82,51509.12,S07,East
2023-10-08,P503,Sunscreen SPF50,Beauty,2735.34,10,50,123090.3,S02,South
2023-10-08,P505,Body Lotion,Beauty,1555.08,40,64,59715.07,S07,North
2023-10-09,P301,Basmati Rice 5kg,Grocery,183.02,0,49,8967.98,S03,South
2023-10-09,P301,Basmati Rice 5kg,Grocery,485.36,5,108,49797.94,S06,West
2023-10-09,P305,Green Tea Pack,Grocery,603.42,25,113,51139.84,S01,North
2023-10-09,P404,Wooden Bookshelf,Home,7457.31,10,21,140943.16,S05,North
2023-10-09,P106,Bluetooth Speaker,Electronics,42100.77,0,13,547310.01,S08,North
2023-10-09,P404,Wooden Bookshelf,Home,12314.67,0,14,172405.38,S07,South
2023-10-09,P301,Basmati Rice 5kg,Grocery,732.6,40,109,47912.04,S02,South
2023-10-09,P302,Sunflower Oil 1L,Grocery,449.18,0,64,28747.52,S10,North
2023-10-09,P505,Body Lotion,Beauty,1557.35,25,25,29200.31,S03,North
2023-10-09,P102,Laptop Pro,Electronics,41721.03,10,18,675880.69,S01,West
2023-10-09,P504,Lipstick Set,Beauty,2127.38,30,36,53609.98,S02,West
2023-10-10,P406,Air Purifier,Home,12577.47,40,46,347138.17,S06,West
2023-10-10,P402,Cotton Bedsheet,Home,2845.05,20,21,47796.84,S07,West
2023-10-10,P306,Mixed Nuts 500g,Grocery,364.73,5,67,23215.06,S09,East
2023-10-10,P401,Stainless Steel Cookware,Home,5397.69,0,18,97158.42,S08,North
2023-10-10,P301,Basmati Rice 5kg,Grocery,443.18,30,96,29781.7,S02,East
2023-10-10,P302,Sunflower Oil 1L,Grocery,422.59,20,100,33807.2,S04,North
2023-10-10,P204,Sports Shoes,Fashion,1386.18,10,26,32436.61,S07,South
2023-10-10,P304,Organic Honey,Grocery,287.31,40,128,22065.41,S01,West
2023-10-10,P503,Sunscreen SPF50,Beauty,2442.12,15,30,62274.06,S02,East
2023-10-10,P505,Body Lotion,Beauty,373.43,15,25,7935.39,S09,South
2023-10-10,P106,Bluetooth Speaker,Electronics,54194.83,0,5,270974.15,S08,North
2023-10-11,P103,Wireless Earbuds,Electronics,14184.33,30,13,129077.4,S09,East
2023-10-11,P401,Stainless Steel Cookware,Home,10546.75,30,28,206716.3,S06,West
2023-10-11,P301,Basmati Rice 5kg,Grocery,502.17,30,118,41479.24,S03,South
2023-10-11,P304,Organic Honey,Grocery,215.33,25,115,18572.21,S04,South
2023-10-11,P204,Sports Shoes,Fashion,4701.09,10,20,84619.62,S10,West
2023-10-11,P305,Green Tea Pack,Grocery,182.59,0,76,13876.84,S05,North
2023-10-11,P404,Wooden Bookshelf,Home,11006.46,15,24,224531.78,S02,East
2023-10-11,P504,Lipstick Set,Beauty,2541.8,15,29,62655.37,S03,West
2023-10-11,P502,Hair Serum,Beauty,2469.49,5,40,93840.62,S01,West
2023-10-11,P204,Sports Shoes,Fashion,478.92,15,32,13026.62,S08,East
2023-10-11,P104,Smart TV 43,Electronics,79684.77,5,11,832705.85,S07,East
2023-10-11,P302,Sunflower Oil 1L,Grocery,64.54,30,90,4066.02,S08,North
2023-10-12,P303,Whole Wheat Flour,Grocery,748.53,10,66,44462.68,S03,West
2023-10-12,P206,Summer Dress,Fashion,1863.53,30,34,44352.01,S10,North
2023-10-12,P206,Summer Dress,Fashion,1591.63,0,19,30240.97,S07,East
2023-10-12,P102,Laptop Pro,Electronics,47542.78,10,11,470673.52,S05,North
2023-10-12,P201,Men Casual Shirt,Fashion,2489.77,20,30,59754.48,S03,North
2023-10-12,P203,Denim Jeans,Fashion,4160.42,0,25,104010.5,S08,East
2023-10-12,P106,Bluetooth Speaker,Electronics,32813.23,10,8,236255.26,S07,East
2023-10-12,P502,Hair Serum,Beauty,2368.48,0,28,66317.44,S01,West
2023-10-12,P204,Sports Shoes,Fashion,3244.72,10,30,87607.44,S05,North
2023-10-12,P404,Wooden Bookshelf,Home,4221.04,10,18,68380.85,S08,North
2023-10-12,P505,Body Lotion,Beauty,2626.39,10,32,75640.03,S08,East
2023-10-12,P503,Sunscreen SPF50,Beauty,2579.9,40,52,80492.88,S06,South
2023-10-12,P406,Air Purifier,Home,1616.63,5,23,35323.37,S04,North
2023-10-12,P506,Perfume 100ml,Beauty,1133.85,15,37,35659.58,S02,South
2023-10-12,P401,Stainless Steel Cookware,Home,12903.55,0,16,206456.8,S08,East
2023-10-12,P105,Tablet Z2,Electronics,31289.76,0,13,406766.88,S02,North
2023-10-12,P102,Laptop Pro,Electronics,19059.2,30,15,200121.6,S08,East
2023-10-12,P301,Basmati Rice 5kg,Grocery,289.44,0,72,20839.68,S10,East
2023-10-12,P102,Laptop Pro,Electronics,36562.94,40,25,548444.1,S10,North
2023-10-13,P405,LED Desk Lamp,Home,1164.6,5,17,18808.29,S07,North
2023-10-13,P502,Hair Serum,Beauty,561.24,15,47,22421.54,S06,West
2023-10-13,P204,Sports Shoes,Fashion,1478.24,15,35,43977.64,S02,North
2023-10-13,P304,Organic Honey,Grocery,413.69,25,88,27303.54,S08,South
2023-10-13,P402,Cotton Bedsheet,Home,12158.73,20,19,184812.7,S02,West
2023-10-13,P106,Bluetooth Speaker,Electronics,65592.71,15,15,836307.05,S01,East
2023-10-13,P403,Wall Clock,Home,13883.41,20,26,288774.93,S04,South
2023-10-13,P103,Wireless Earbuds,Electronics,58734.2,10,12,634329.36,S02,South
2023-10-13,P306,Mixed Nuts 500g,Grocery,559.64,20,59,26415.01,S09,West
2023-10-13,P303,Whole Wheat Flour,Grocery,426.73,20,68,23214.11,S02,East
2023-10-13,P304,Organic Honey,Grocery,332.39,15,120,33903.78,S02,West
2023-10-13,P505,Body Lotion,Beauty,2091.87,30,40,58572.36,S08,North
2023-10-13,P503,Sunscreen SPF50,Beauty,2336.41,40,46,64484.92,S04,East
2023-10-14,P501,Face Moisturizer,Beauty,1186.33,20,47,44606.01,S08,North
2023-10-14,P406,Air Purifier,Home,8426.0,10,23,174418.2,S07,West
2023-10-14,P405,LED Desk Lamp,Home,3829.42,30,35,93820.79,S02,North
2023-10-14,P304,Organic Honey,Grocery,326.12,20,106,27654.98,S09,North
2023-10-14,P401,Stainless Steel Cookware,Home,14563.36,5,24,332044.61,S03,West
2023-10-14,P402,Cotton Bedsheet,Home,1001.39,10,24,21630.02,S10,South
2023-10-14,P301,Basmati Rice 5kg,Grocery,647.97,40,196,76201.27,S02,North
2023-10-14,P501,Face Moisturizer,Beauty,1327.79,20,39,41427.05,S03,South
2023-10-14,P203,Denim Jeans,Fashion,1417.45,5,41,55209.68,S01,South
2023-10-14,P405,LED Desk Lamp,Home,12311.43,25,32,295474.32,S02,North
2023-10-14,P203,Denim Jeans,Fashion,3696.23,40,84,186289.99,S01,North
2023-10-14,P506,Perfume 100ml,Beauty,1643.43,5,50,78062.93,S06,East
2023-10-14,P206,Summer Dress,Fashion,2455.1,25,69,127051.42,S01,South
2023-10-14,P506,Perfume 100ml,Beauty,2897.15,10,45,117334.57,S06,West
2023-10-14,P301,Basmati Rice 5kg,Grocery,786.39,20,108,67944.1,S05,East
2023-10-14,P506,Perfume 100ml,Beauty,1598.22,5,55,83506.99,S05,North
2023-10-14,P102,Laptop Pro,Electronics,36608.74,30,22,563774.6,S01,North
2023-10-14,P206,Summer Dress,Fashion,3661.33,30,53,135835.34,S05,North
2023-10-14,P506,Perfume 100ml,Beauty,2264.22,0,35,79247.7,S01,East
2023-10-14,P403,Wall Clock,Home,4307.38,15,27,98854.37,S10,North
2023-10-14,P204,Sports Shoes,Fashion,1520.88,30,41,43649.26,S09,West
2023-10-14,P205,Formal Blazer,Fashion,3643.23,40,69,150829.72,S05,West
2023-10-15,P205,Formal Blazer,Fashion,3575.63,15,51,155003.56,S04,North
2023-10-15,P205,Formal Blazer,Fashion,1750.31,10,32,50408.93,S09,North
2023-10-15,P401,Stainless Steel Cookware,Home,4224.8,40,32,81116.16,S06,North
2023-10-15,P404,Wooden Bookshelf,Home,10608.35,0,21,222775.35,S10,East
2023-10-15,P401,Stainless Steel Cookware,Home,11011.73,25,34,280799.11,S02,South
2023-10-15,P503,Sunscreen SPF50,Beauty,1070.7,0,31,33191.7,S10,West
2023-10-15,P401,Stainless Steel Cookware,Home,2651.67,5,23,57938.99,S10,East
2023-10-15,P102,Laptop Pro,Electronics,65970.17,20,15,791642.04,S10,East
2023-10-15,P503,Sunscreen SPF50,Beauty,2125.16,0,36,76505.76,S10,East
2023-10-15,P306,Mixed Nuts 500g,Grocery,182.36,0,87,15865.32,S10,East
2023-10-15,P304,Organic Honey,Grocery,106.33,5,88,8889.19,S02,East
2023-10-15,P103,Wireless Earbuds,Electronics,46536.57,10,14,586360.78,S07,South
2023-10-16,P305,Green Tea Pack,Grocery,414.1,30,72,20870.64,S03,South
2023-10-16,P505,Body Lotion,Beauty,2593.06,10,37,86348.9,S10,South
2023-10-16,P206,Summer Dress,Fashion,2193.94,25,25,41136.38,S10,East
2023-10-16,P106,Bluetooth Speaker,Electronics,19191.33,30,21,282112.55,S06,West
2023-10-16,P206,Summer Dress,Fashion,348.52,25,21,5489.19,S09,East
2023-10-16,P406,Air Purifier,Home,12309.46,0,22,270808.12,S02,South
2023-10-16,P405,LED Desk Lamp,Home,6636.01,30,35,162582.24,S08,North
2023-10-16,P503,Sunscreen SPF50,Beauty,425.42,15,32,11571.42,S04,East
2023-10-16,P406,Air Purifier,Home,12669.69,20,25,253393.8,S06,North
2023-10-16,P201,Men Casual Shirt,Fashion,3321.94,10,27,80723.14,S04,East
2023-10-16,P101,Smartphone X1,Electronics,30634.12,25,21,482487.39,S08,West
2023-10-16,P103,Wireless Earbuds,Electronics,25845.35,20,13,268791.64,S02,East
2023-10-16,P405,LED Desk Lamp,Home,1532.7,25,28,32186.7,S10,North
2023-10-16,P303,Whole Wheat Flour,Grocery,158.56,5,76,11448.03,S03,North
2023-10-16,P406,Air Purifier,Home,4618.35,10,16,66504.24,S07,South
2023-10-16,P306,Mixed Nuts 500g,Grocery,723.52,10,50,32558.4,S07,South
2023-10-16,P401,Stainless Steel Cookware,Home,9340.67,40,33,184945.27,S07,South
2023-10-17,P201,Men Casual Shirt,Fashion,3423.99,10,39,120182.05,S06,North
2023-10-17,P301,Basmati Rice 5kg,Grocery,127.41,30,109,9721.38,S04,East
2023-10-17,P202,Women Kurti,Fashion,3079.92,25,48,110877.12,S06,South
2023-10-17,P401,Stainless Steel Cookware,Home,11859.85,30,34,282264.43,S04,East
2023-10-17,P405,LED Desk Lamp,Home,11327.27,40,26,176705.41,S04,East
2023-10-17,P305,Green Tea Pack,Grocery,376.83,0,52,19595.16,S05,East
2023-10-17,P201,Men Casual Shirt,Fashion,1874.43,10,32,53983.58,S06,East
2023-10-17,P104,Smart TV 43,Electronics,18756.73,5,8,142551.15,S07,East
2023-10-17,P501,Face Moisturizer,Beauty,446.92,40,30,8044.56,S09,East
2023-10-17,P306,Mixed Nuts 500g,Grocery,122.99,10,80,8855.28,S04,West
2023-10-17,P103,Wireless Earbuds,Electronics,12099.34,30,14,118573.53,S08,West
2023-10-17,P406,Air Purifier,Home,13030.88,40,20,156370.56,S10,South
2023-10-18,P202,Women Kurti,Fashion,2436.92,10,35,76762.98,S05,North
2023-10-18,P106,Bluetooth Speaker,Electronics,21928.36,10,16,315768.38,S06,West
2023-10-18,P206,Summer Dress,Fashion,549.5,30,36,13847.4,S10,East
2023-10-18,P401,Stainless Steel Cookware,Home,2276.15,20,27,49164.84,S01,North
2023-10-18,P406,Air Purifier,Home,9166.25,10,22,181491.75,S07,North
2023-10-18,P506,Perfume 100ml,Beauty,2865.69,40,27,46424.18,S09,South
2023-10-18,P504,Lipstick Set,Beauty,231.71,10,24,5004.94,S09,East
2023-10-18,P504,Lipstick Set,Beauty,2472.79,10,27,60088.8,S08,North
2023-10-18,P402,Cotton Bedsheet,Home,2906.13,10,19,49694.82,S06,East
2023-10-19,P202,Women Kurti,Fashion,3740.44,25,28,78549.24,S07,East
2023-10-19,P501,Face Moisturizer,Beauty,2980.89,5,24,67964.29,S09,South
2023-10-19,P105,Tablet Z2,Electronics,73910.46,0,11,813015.06,S07,South
2023-10-19,P201,Men Casual Shirt,Fashion,4065.17,40,35,85368.57,S05,West
2023-10-19,P503,Sunscreen SPF50,Beauty,1439.35,5,1,1367.38,S10,West
2023-10-19,P301,Basmati Rice 5kg,Grocery,712.65,15,84,50883.21,S09,North
2023-10-19,P405,LED Desk Lamp,Home,9442.61,10,17,144471.93,S05,East
2023-10-19,P206,Summer Dress,Fashion,2103.48,25,34,53638.74,S09,South
2023-10-19,P505,Body Lotion,Beauty,2367.32,10,26,55395.29,S10,East
2023-10-19,P103,Wireless Earbuds,Electronics,59318.06,10,12,640635.05,S05,West
2023-10-19,P101,Smartphone X1,Electronics,17389.08,10,16,250402.75,S04,North
2023-10-19,P204,Sports Shoes,Fashion,4494.78,5,29,123831.19,S10,North
2023-10-19,P102,Laptop Pro,Electronics,34375.33,0,8,275002.64,S08,North
2023-10-19,P101,Smartphone X1,Electronics,5892.38,0,10,58923.8,S04,North
2023-10-19,P504,Lipstick Set,Beauty,1835.33,0,27,49553.91,S05,South
2023-10-20,P406,Air Purifier,Home,2490.99,5,17,40229.49,S09,West
2023-10-20,P403,Wall Clock,Home,12713.55,0,17,216130.35,S03,South
2023-10-20,P206,Summer Dress,Fashion,1811.1,0,31,56144.1,S06,West
2023-10-20,P504,Lipstick Set,Beauty,2601.03,15,32,70748.02,S04,East
2023-10-20,P406,Air Purifier,Home,2204.21,10,30,59513.67,S01,North
2023-10-20,P305,Green Tea Pack,Grocery,645.74,5,68,41714.8,S07,East
2023-10-20,P403,Wall Clock,Home,3136.12,15,16,42651.23,S07,East
2023-10-20,P402,Cotton Bedsheet,Home,11788.36,15,20,200402.12,S10,East
2023-10-20,P403,Wall Clock,Home,2272.87,20,19,34547.62,S03,South
2023-10-20,P302,Sunflower Oil 1L,Grocery,535.17,5,59,29996.28,S02,South
2023-10-20,P206,Summer Dress,Fashion,566.17,15,37,17806.05,S06,North
2023-10-20,P106,Bluetooth Speaker,Electronics,79896.13,10,13,934784.72,S03,South
2023-10-21,P403,Wall Clock,Home,11466.5,5,37,403047.47,S06,South
2023-10-21,P304,Organic Honey,Grocery,366.45,30,149,38220.73,S10,South
2023-10-21,P106,Bluetooth Speaker,Electronics,39515.12,10,25,889090.2,S10,North
2023-10-21,P302,Sunflower Oil 1L,Grocery,513.97,10,84,38856.13,S07,East
2023-10-21,P501,Face Moisturizer,Beauty,1373.02,5,37,48261.65,S03,West
2023-10-21,P201,Men Casual Shirt,Fashion,2449.84,0,41,100443.44,S01,West
2023-10-21,P205,Formal Blazer,Fashion,2109.06,15,36,64537.24,S09,East
2023-10-21,P305,Green Tea Pack,Grocery,137.55,20,87,9573.48,S07,West
2023-10-21,P404,Wooden Bookshelf,Home,1092.21,10,26,25557.71,S01,East
2023-10-21,P304,Organic Honey,Grocery,278.89,0,65,18127.85,S09,South
2023-10-21,P501,Face Moisturizer,Beauty,2109.77,0,31,65402.87,S10,East
2023-10-21,P401,Stainless Steel Cookware,Home,7076.79,0,26,183996.54,S01,North
2023-10-21,P502,Hair Serum,Beauty,2937.03,0,48,140977.44,S04,North
2023-10-21,P305,Green Tea Pack,Grocery,553.34,5,128,67286.14,S06,West
2023-10-21,P203,Denim Jeans,Fashion,2245.72,5,30,64003.02,S03,East
2023-10-22,P306,Mixed Nuts 500g,Grocery,126.22,40,231,17494.09,S06,South
2023-10-22,P106,Bluetooth Speaker,Electronics,36862.52,0,17,626662.84,S04,North
2023-10-22,P206,Summer Dress,Fashion,4898.19,30,56,192009.05,S02,West
2023-10-22,P501,Face Moisturizer,Beauty,1229.81,30,52,44765.08,S10,North
2023-10-22,P106,Bluetooth Speaker,Electronics,15936.81,15,24,325110.92,S04,West
2023-10-22,P306,Mixed Nuts 500g,Grocery,124.89,40,195,14612.13,S06,North
2023-10-22,P303,Whole Wheat Flour,Grocery,539.22,5,151,77351.11,S01,North
2023-10-22,P106,Bluetooth Speaker,Electronics,76735.95,5,14,1020588.14,S07,West
2023-10-22,P201,Men Casual Shirt,Fashion,1345.75,0,34,45755.5,S09,North
2023-10-22,P404,Wooden Bookshelf,Home,12873.8,25,24,231728.4,S03,West
2023-10-22,P404,Wooden Bookshelf,Home,10003.79,0,26,260098.54,S06,South
2023-10-22,P504,Lipstick Set,Beauty,1813.27,0,36,65277.72,S04,South
2023-10-22,P304,Organic Honey,Grocery,714.01,5,136,92250.09,S08,South
2023-10-22,P405,LED Desk Lamp,Home,4459.99,30,37,115513.74,S07,West
2023-10-23,P106,Bluetooth Speaker,Electronics,74427.38,30,13,677289.16,S04,East
2023-10-23,P102,Laptop Pro,Electronics,27230.24,0,17,462914.08,S04,North
2023-10-23,P206,Summer Dress,Fashion,4767.69,10,31,133018.55,S08,West
2023-10-23,P101,Smartphone X1,Electronics,10737.92,0,7,75165.44,S03,East
2023-10-23,P303,Whole Wheat Flour,Grocery,737.8,10,76,50465.52,S08,North
2023-10-23,P101,Smartphone X1,Electronics,24666.26,20,16,315728.13,S05,West
2023-10-23,P401,Stainless Steel Cookware,Home,10556.06,5,19,190536.88,S08,East
2023-10-23,P102,Laptop Pro,Electronics,26990.04,40,12,194328.29,S09,East
2023-10-23,P201,Men Casual Shirt,Fashion,316.6,5,25,7519.25,S03,South
2023-10-24,P303,Whole Wheat Flour,Grocery,244.84,0,88,21545.92,S10,North
2023-10-24,P102,Laptop Pro,Electronics,74414.13,25,16,892969.56,S04,East
2023-10-24,P204,Sports Shoes,Fashion,961.28,5,26,23743.62,S02,East
2023-10-24,P304,Organic Honey,Grocery,273.08,0,74,20207.92,S04,West
2023-10-24,P104,Smart TV 43,Electronics,15406.11,25,16,184873.32,S01,East
2023-10-24,P204,Sports Shoes,Fashion,2901.96,30,36,73129.39,S07,South
2023-10-24,P505,Body Lotion,Beauty,2535.62,0,30,76068.6,S01,North
2023-10-24,P105,Tablet Z2,Electronics,52943.26,15,12,540021.25,S08,South
2023-10-24,P201,Men Casual Shirt,Fashion,1584.52,5,41,61717.05,S01,West
2023-10-24,P205,Formal Blazer,Fashion,3718.15,0,27,100390.05,S05,North
2023-10-24,P502,Hair Serum,Beauty,2162.48,5,20,41087.12,S09,West
2023-10-24,P206,Summer Dress,Fashion,4641.76,0,18,83551.68,S07,West
2023-10-24,P303,Whole Wheat Flour,Grocery,715.8,10,70,45095.4,S10,East
2023-10-24,P301,Basmati Rice 5kg,Grocery,160.1,25,109,13088.17,S08,West
2023-10-24,P105,Tablet Z2,Electronics,54080.57,10,14,681415.18,S08,East
2023-10-24,P101,Smartphone X1,Electronics,30829.2,25,17,393072.3,S10,South
2023-10-24,P203,Denim Jeans,Fashion,2652.12,5,26,65507.36,S07,West
2023-10-24,P104,Smart TV 43,Electronics,48295.17,15,10,410508.94,S09,South
2023-10-24,P402,Cotton Bedsheet,Home,9393.05,30,27,177528.64,S01,East
2023-10-25,P306,Mixed Nuts 500g,Grocery,793.91,25,108,64306.71,S06,East
2023-10-25,P503,Sunscreen SPF50,Beauty,992.97,5,31,29242.97,S06,East
2023-10-25,P302,Sunflower Oil 1L,Grocery,166.48,30,88,10255.17,S05,East
2023-10-25,P305,Green Tea Pack,Grocery,116.76,40,117,8196.55,S05,South
2023-10-25,P102,Laptop Pro,Electronics,78992.67,5,195,14633392.12,S06,South
2023-10-25,P306,Mixed Nuts 500g,Grocery,427.92,40,117,30039.98,S03,South
2023-10-25,P102,Laptop Pro,Electronics,42171.59,0,9,379544.31,S02,East
2023-10-25,P506,Perfume 100ml,Beauty,508.95,30,35,12469.27,S05,South
2023-10-25,P305,Green Tea Pack,Grocery,95.6,10,84,7227.36,S04,West
2023-10-25,P205,Formal Blazer,Fashion,3162.48,10,46,130926.67,S01,North
2023-10-25,P101,Smartphone X1,Electronics,56693.88,10,15,765367.38,S10,North
2023-10-25,P103,Wireless Earbuds,Electronics,20655.86,5,17,333592.14,S01,North
2023-10-25,P402,Cotton Bedsheet,Home,849.79,0,13,11047.27,S10,East
2023-10-25,P201,Men Casual Shirt,Fashion,1469.02,30,30,30849.42,S08,East
2023-10-25,P205,Formal Blazer,Fashion,4485.53,15,29,110568.31,S04,South
2023-10-25,P406,Air Purifier,Home,6618.25,30,17,78757.17,S09,East
2023-10-26,P502,Hair Serum,Beauty,1298.48,15,38,41940.9,S04,South
2023-10-26,P305,Green Tea Pack,Grocery,188.53,0,52,9803.56,S03,West
2023-10-26,P505,Body Lotion,Beauty,501.99,15,31,13227.44,S02,East
2023-10-26,P301,Basmati Rice 5kg,Grocery,237.35,30,78,12959.31,S09,East
2023-10-26,P202,Women Kurti,Fashion,4043.47,20,39,126156.26,S04,North
2023-10-26,P106,Bluetooth Speaker,Electronics,29496.7,25,15,331837.88,S04,South
2023-10-26,P305,Green Tea Pack,Grocery,644.86,20,126,65001.89,S06,South
2023-10-26,P306,Mixed Nuts 500g,Grocery,80.32,5,88,6714.75,S06,North
2023-10-26,P203,Denim Jeans,Fashion,2459.02,10,20,44262.36,S03,East
2023-10-26,P106,Bluetooth Speaker,Electronics,6980.03,5,11,72941.31,S09,North
2023-10-26,P404,Wooden Bookshelf,Home,14872.49,30,42,437251.21,S01,North
2023-10-26,P104,Smart TV 43,Electronics,18025.94,0,10,180259.4,S05,South
2023-10-26,P404,Wooden Bookshelf,Home,8665.01,0,18,155970.18,S02,South
2023-10-26,P102,Laptop Pro,Electronics,25713.58,15,11,240421.97,S09,North
2023-10-26,P206,Summer Dress,Fashion,4000.83,10,18,64813.45,S02,West
2023-10-26,P201,Men Casual Shirt,Fashion,2382.46,15,32,64802.91,S09,West
2023-10-26,P501,Face Moisturizer,Beauty,1918.92,10,31,53537.87,S04,South
2023-10-26,P505,Body Lotion,Beauty,232.76,0,26,6051.76,S06,North
2023-10-26,P103,Wireless Earbuds,Electronics,31843.93,5,11,332769.07,S02,West
2023-10-27,P402,Cotton Bedsheet,Home,9514.46,25,33,235482.89,S10,North
2023-10-27,P103,Wireless Earbuds,Electronics,15120.3,15,14,179931.57,S04,East
2023-10-27,P302,Sunflower Oil 1L,Grocery,588.02,30,97,39926.56,S06,South
2023-10-27,P404,Wooden Bookshelf,Home,13843.33,0,18,249179.94,S07,South
2023-10-27,P403,Wall Clock,Home,12056.68,0,13,156736.84,S03,West
2023-10-27,P502,Hair Serum,Beauty,646.86,20,33,17077.1,S01,East
2023-10-27,P305,Green Tea Pack,Grocery,263.06,5,70,17493.49,S03,South
2023-10-27,P402,Cotton Bedsheet,Home,13577.31,15,24,276977.12,S07,North
2023-10-27,P304,Organic Honey,Grocery,262.66,10,61,14420.03,S09,East
2023-10-27,P206,Summer Dress,Fashion,1993.55,10,30,53825.85,S08,West
2023-10-27,P203,Denim Jeans,Fashion,3366.62,10,32,96958.66,S03,West
2023-10-27,P102,Laptop Pro,Electronics,21588.5,5,13,266617.97,S08,South
2023-10-27,P302,Sunflower Oil 1L,Grocery,733.06,5,94,65462.26,S07,West
2023-10-27,P306,Mixed Nuts 500g,Grocery,60.86,10,74,4053.28,S09,North
2023-10-27,P405,LED Desk Lamp,Home,2483.58,10,26,58115.77,S08,North
2023-10-28,P404,Wooden Bookshelf,Home,8228.08,20,18,118484.35,S09,East
2023-10-28,P306,Mixed Nuts 500g,Grocery,517.29,30,145,52504.93,S09,South
2023-10-28,P302,Sunflower Oil 1L,Grocery,756.05,20,100,60484.0,S09,West
2023-10-28,P201,Men Casual Shirt,Fashion,4270.28,0,35,149459.8,S08,East
2023-10-28,P206,Summer Dress,Fashion,2508.21,5,53,126288.37,S01,North
2023-10-28,P401,Stainless Steel Cookware,Home,12363.22,0,14,173085.08,S09,East
2023-10-28,P203,Denim Jeans,Fashion,4487.36,0,34,152570.24,S05,West
2023-10-28,P401,Stainless Steel Cookware,Home,13979.12,25,37,387920.58,S10,North
2023-10-28,P504,Lipstick Set,Beauty,2115.79,20,39,66012.65,S03,West
2023-10-28,P506,Perfume 100ml,Beauty,1159.51,25,47,40872.73,S07,South
2023-10-28,P302,Sunflower Oil 1L,Grocery,213.1,5,115,23281.17,S01,West
2023-10-28,P505,Body Lotion,Beauty,2998.37,15,40,101944.58,S02,East
2023-10-28,P106,Bluetooth Speaker,Electronics,51032.84,20,27,1102309.34,S04,South
2023-10-28,P201,Men Casual Shirt,Fashion,932.64,10,33,27699.41,S08,South
2023-10-28,P401,Stainless Steel Cookware,Home,11574.78,0,34,393542.52,S06,West
2023-10-29,P405,LED Desk Lamp,Home,8332.84,10,27,202488.01,S02,South
2023-10-29,P301,Basmati Rice 5kg,Grocery,340.73,0,116,39524.68,S07,West
2023-10-29,P402,Cotton Bedsheet,Home,14444.63,40,45,390005.01,S02,South
2023-10-29,P206,Summer Dress,Fashion,3512.57,40,66,139097.77,S04,South
2023-10-29,P204,Sports Shoes,Fashion,3420.61,10,38,116984.86,S04,East
2023-10-29,P103,Wireless Earbuds,Electronics,7787.63,0,15,116814.45,S05,North
2023-10-29,P405,LED Desk Lamp,Home,1667.84,40,33,33023.23,S10,West
2023-10-29,P305,Green Tea Pack,Grocery,793.39,20,123,78069.58,S04,East
2023-10-29,P304,Organic Honey,Grocery,426.65,20,106,36179.92,S01,East
2023-10-29,P101,Smartphone X1,Electronics,34052.02,0,19,646988.38,S04,West
2023-10-30,P201,Men Casual Shirt,Fashion,2017.26,40,616,745579.3,S04,South
2023-10-30,P403,Wall Clock,Home,3662.76,15,28,87173.69,S04,South
2023-10-30,P301,Basmati Rice 5kg,Grocery,732.04,30,148,75839.34,S06,West
2023-10-30,P401,Stainless Steel Cookware,Home,10178.78,15,25,216299.08,S09,North
2023-10-30,P106,Bluetooth Speaker,Electronics,11525.3,0,11,126778.3,S05,South
2023-10-30,P306,Mixed Nuts 500g,Grocery,200.6,20,75,12036.0,S07,South
2023-10-30,P305,Green Tea Pack,Grocery,321.2,15,91,24844.82,S04,West
2023-10-30,P301,Basmati Rice 5kg,Grocery,155.57,5,76,11232.15,S08,North
2023-10-30,P205,Formal Blazer,Fashion,4199.14,0,23,96580.22,S08,East
2023-10-30,P305,Green Tea Pack,Grocery,511.66,10,85,39141.99,S07,North
2023-10-30,P205,Formal Blazer,Fashion,3292.85,25,41,101255.14,S06,West
2023-10-30,P103,Wireless Earbuds,Electronics,58361.42,40,17,595286.48,S05,South
2023-10-30,P405,LED Desk Lamp,Home,8842.64,15,30,225487.32,S06,South
2023-10-30,P305,Green Tea Pack,Grocery,768.02,15,87,56795.08,S04,South
2023-10-30,P504,Lipstick Set,Beauty,1147.72,0,39,44761.08,S06,South
2023-10-30,P203,Denim Jeans,Fashion,1310.26,25,30,29480.85,S03,East
2023-10-30,P303,Whole Wheat Flour,Grocery,82.88,5,61,4802.9,S05,South
2023-10-30,P104,Smart TV 43,Electronics,27758.7,30,16,310897.44,S03,West
2023-10-30,P504,Lipstick Set,Beauty,1067.88,0,34,36307.92,S06,North
2023-10-30,P403,Wall Clock,Home,8609.82,25,30,193720.95,S08,East
2023-10-30,P304,Organic Honey,Grocery,300.84,0,66,19855.44,S05,North
2023-10-30,P102,Laptop Pro,Electronics,66105.07,15,11,618082.4,S02,East
2023-10-31,P405,LED Desk Lamp,Home,6744.52,25,40,202335.6,S01,North
2023-10-31,P203,Denim Jeans,Fashion,2186.47,5,21,43620.08,S05,West
2023-10-31,P305,Green Tea Pack,Grocery,545.39,0,104,56720.56,S06,North
2023-10-31,P405,LED Desk Lamp,Home,7126.46,0,17,121149.82,S07,West
2023-10-31,P401,Stainless Steel Cookware,Home,1544.83,40,40,37075.92,S10,North
2023-10-31,P406,Air Purifier,Home,13794.3,5,20,262091.7,S01,South
2023-10-31,P202,Women Kurti,Fashion,4684.1,40,29,81503.34,S07,South
2023-10-31,P104,Smart TV 43,Electronics,58336.91,10,13,682541.85,S03,North
2023-10-31,P201,Men Casual Shirt,Fashion,3659.84,10,26,85640.26,S10,South
2023-10-31,P504,Lipstick Set,Beauty,2184.72,40,33,43257.46,S07,East
2023-10-31,P506,Perfume 100ml,Beauty,360.0,20,39,11232.0,S10,West
2023-10-31,P203,Denim Jeans,Fashion,366.5,20,24,7036.8,S03,East
2023-10-31,P105,Tablet Z2,Electronics,42873.18,5,14,570213.29,S10,West
2023-11-01,P104,Smart TV 43,Electronics,73669.39,10,12,795629.41,S01,East
2023-11-01,P204,Sports Shoes,Fashion,1181.24,10,28,29767.25,S03,North
2023-11-01,P105,Tablet Z2,Electronics,47558.67,40,18,513633.64,S04,East
2023-11-01,P103,Wireless Earbuds,Electronics,14219.03,15,16,193378.81,S08,North
2023-11-01,P404,Wooden Bookshelf,Home,13088.32,25,28,274854.72,S08,North
2023-11-01,P201,Men Casual Shirt,Fashion,4237.49,10,35,133480.93,S04,North
2023-11-01,P505,Body Lotion,Beauty,1008.24,5,32,30650.5,S02,South
2023-11-01,P503,Sunscreen SPF50,Beauty,2754.14,10,43,106585.22,S08,South
2023-11-01,P201,Men Casual Shirt,Fashion,1856.76,40,51,56816.86,S05,West
2023-11-01,P404,Wooden Bookshelf,Home,6479.09,40,23,89411.44,S03,West
2023-11-01,P202,Women Kurti,Fashion,4433.5,30,33,102413.85,S08,East
2023-11-02,P203,Denim Jeans,Fashion,2123.07,0,45,95538.15,S06,West
2023-11-02,P101,Smartphone X1,Electronics,75135.27,25,15,845271.79,S07,South
2023-11-02,P201,Men Casual Shirt,Fashion,4480.9,15,30,114262.95,S07,East
2023-11-02,P101,Smartphone X1,Electronics,6015.36,20,12,57747.46,S08,South
2023-11-02,P302,Sunflower Oil 1L,Grocery,95.57,0,74,7072.18,S04,West
2023-11-02,P404,Wooden Bookshelf,Home,14078.02,0,18,253404.36,S02,East
2023-11-02,P402,Cotton Bedsheet,Home,8220.7,0,21,172634.7,S09,North
2023-11-02,P404,Wooden Bookshelf,Home,7425.8,5,18,126981.18,S09,South
2023-11-02,P204,Sports Shoes,Fashion,3126.52,10,34,95671.51,S05,East
2023-11-02,P203,Denim Jeans,Fashion,4874.39,5,39,180596.15,S01,South
2023-11-02,P404,Wooden Bookshelf,Home,7635.25,25,31,177519.56,S07,West
2023-11-02,P403,Wall Clock,Home,6528.39,5,27,167453.2,S04,West
2023-11-02,P201,Men Casual Shirt,Fashion,1599.47,25,40,47984.1,S02,South
2023-11-03,P206,Summer Dress,Fashion,2182.17,10,33,64810.45,S08,South
2023-11-03,P503,Sunscreen SPF50,Beauty,2155.35,5,30,61427.47,S09,West
2023-11-03,P201,Men Casual Shirt,Fashion,4124.13,20,24,79183.3,S09,East
2023-11-03,P304,Organic Honey,Grocery,690.58,20,68,37567.55,S04,South
2023-11-03,P102,Laptop Pro,Electronics,71397.59,40,21,899609.63,S05,North
2023-11-03,P105,Tablet Z2,Electronics,5487.86,30,9,34573.52,S07,South
2023-11-03,P506,Perfume 100ml,Beauty,2181.59,10,22,43195.48,S05,West
2023-11-03,P104,Smart TV 43,Electronics,54959.45,0,14,769432.3,S06,East
2023-11-03,P506,Perfume 100ml,Beauty,2610.31,10,28,65779.81,S10,North
2023-11-03,P202,Women Kurti,Fashion,3862.1,5,24,88055.88,S07,South
2023-11-03,P306,Mixed Nuts 500g,Grocery,721.14,15,105,64361.74,S04,East
2023-11-03,P304,Organic Honey,Grocery,131.52,15,53,5924.98,S03,East
2023-11-03,P305,Green Tea Pack,Grocery,256.47,20,82,16824.43,S04,East
2023-11-03,P301,Basmati Rice 5kg,Grocery,249.76,5,76,18032.67,S05,South
2023-11-03,P206,Summer Dress,Fashion,2580.04,25,67,129647.01,S01,West
2023-11-03,P201,Men Casual Shirt,Fashion,1537.55,0,29,44588.95,S05,North
2023-11-03,P203,Denim Jeans,Fashion,4722.74,20,50,188909.6,S06,West
2023-11-03,P306,Mixed Nuts 500g,Grocery,477.44,30,113,37765.5,S10,West
2023-11-03,P505,Body Lotion,Beauty,1137.37,30,51,40604.11,S01,South
2023-11-03,P404,Wooden Bookshelf,Home,1791.04,15,26,39581.98,S02,North
2023-11-04,P504,Lipstick Set,Beauty,2303.2,30,60,96734.4,S08,South
2023-11-04,P403,Wall Clock,Home,10450.33,25,41,321347.65,S08,West
2023-11-04,P101,Smartphone X1,Electronics,18282.87,40,24,263273.33,S05,East
2023-11-04,P403,Wall Clock,Home,6982.63,25,39,204241.93,S02,North
2023-11-04,P405,LED Desk Lamp,Home,5085.45,0,26,132221.7,S04,West
2023-11-04,P103,Wireless Earbuds,Electronics,74140.12,10,18,1201069.94,S08,West
2023-11-04,P306,Mixed Nuts 500g,Grocery,787.32,10,76,53852.69,S09,South
2023-11-04,P401,Stainless Steel Cookware,Home,5050.76,40,52,157583.71,S01,East
2023-11-04,P105,Tablet Z2,Electronics,2833.45,10,12,30601.26,S07,West
2023-11-04,P401,Stainless Steel Cookware,Home,12096.12,15,1,10281.7,S04,North
2023-11-04,P402,Cotton Bedsheet,Home,6613.44,10,29,172610.78,S01,South
2023-11-04,P105,Tablet Z2,Electronics,20921.61,0,16,334745.76,S05,East
2023-11-04,P304,Organic Honey,Grocery,454.67,20,170,61835.12,S04,South
2023-11-04,P105,Tablet Z2,Electronics,53622.86,5,20,1018834.34,S05,South
2023-11-04,P206,Summer Dress,Fashion,2047.74,20,41,67165.87,S07,North
2023-11-04,P203,Denim Jeans,Fashion,4044.71,10,54,196572.91,S08,West
2023-11-04,P501,Face Moisturizer,Beauty,2653.45,25,36,71643.15,S04,East
2023-11-04,P402,Cotton Bedsheet,Home,10972.5,30,28,215061.0,S02,South
2023-11-04,P504,Lipstick Set,Beauty,729.82,20,57,33279.79,S01,South
2023-11-04,P303,Whole Wheat Flour,Grocery,470.54,0,75,35290.5,S03,West
2023-11-04,P505,Body Lotion,Beauty,2861.59,5,39,106021.91,S10,South
2023-11-04,P206,Summer Dress,Fashion,4416.93,0,43,189927.99,S02,West
2023-11-05,P504,Lipstick Set,Beauty,2869.65,15,41,100007.3,S03,West
2023-11-05,P501,Face Moisturizer,Beauty,610.8,0,35,21378.0,S03,East
2023-11-05,P303,Whole Wheat Flour,Grocery,131.94,0,100,13194.0,S10,South
2023-11-05,P404,Wooden Bookshelf,Home,1400.02,20,36,40320.58,S02,West
2023-11-05,P201,Men Casual Shirt,Fashion,1752.93,25,33,43385.02,S05,East
2023-11-05,P205,Formal Blazer,Fashion,4027.54,20,47,151435.5,S08,East
2023-11-05,P202,Women Kurti,Fashion,3702.34,5,40,140688.92,S07,South
2023-11-05,P503,Sunscreen SPF50,Beauty,1629.73,40,80,78227.04,S02,West
2023-11-05,P303,Whole Wheat Flour,Grocery,413.74,20,84,27803.33,S07,East
2023-11-05,P503,Sunscreen SPF50,Beauty,886.17,15,49,36908.98,S06,North
2023-11-05,P405,LED Desk Lamp,Home,6220.19,5,29,171366.23,S03,East
2023-11-05,P501,Face Moisturizer,Beauty,1206.1,30,40,33770.8,S05,West
2023-11-05,P404,Wooden Bookshelf,Home,6468.08,0,26,168170.08,S01,South
2023-11-05,P302,Sunflower Oil 1L,Grocery,645.38,0,149,96161.62,S06,North
2023-11-06,P503,Sunscreen SPF50,Beauty,2376.97,10,17,36367.64,S09,East
2023-11-06,P401,Stainless Steel Cookware,Home,14331.22,0,20,286624.4,S02,North
2023-11-06,P203,Denim Jeans,Fashion,1373.39,10,39,48205.99,S01,South
2023-11-06,P102,Laptop Pro,Electronics,25992.08,25,16,311904.96,S04,East
2023-11-06,P505,Body Lotion,Beauty,2187.99,40,53,69578.08,S07,West
2023-11-06,P105,Tablet Z2,Electronics,69334.13,0,16,1109346.08,S08,West
2023-11-06,P402,Cotton Bedsheet,Home,9320.94,10,23,192943.46,S05,North
2023-11-06,P106,Bluetooth Speaker,Electronics,12953.29,25,17,165154.45,S07,West
2023-11-06,P104,Smart TV 43,Electronics,72603.46,10,16,1045489.82,S08,South
2023-11-07,P204,Sports Shoes,Fashion,566.44,5,21,11300.48,S05,South
2023-11-07,P305,Green Tea Pack,Grocery,339.37,25,78,19853.15,S09,West
2023-11-07,P102,Laptop Pro,Electronics,60256.58,15,18,921925.67,S04,North
2023-11-07,P204,Sports Shoes,Fashion,4700.62,5,19,84846.19,S05,South
2023-11-07,P404,Wooden Bookshelf,Home,9191.98,40,26,143394.89,S07,West
2023-11-07,P203,Denim Jeans,Fashion,4340.73,40,31,80737.58,S07,South
2023-11-07,P102,Laptop Pro,Electronics,46405.0,10,17,709996.5,S04,West
2023-11-07,P104,Smart TV 43,Electronics,7159.17,15,19,115620.6,S06,North
2023-11-07,P204,Sports Shoes,Fashion,4245.5,10,32,122270.4,S04,East
2023-11-07,P303,Whole Wheat Flour,Grocery,606.07,40,89,32364.14,S08,West
2023-11-07,P301,Basmati Rice 5kg,Grocery,181.98,5,74,12793.19,S05,West
2023-11-07,P201,Men Casual Shirt,Fashion,4605.69,30,23,74151.61,S09,North
2023-11-07,P302,Sunflower Oil 1L,Grocery,595.03,40,79,28204.42,S05,East
2023-11-07,P406,Air Purifier,Home,7697.19,40,23,106221.22,S03,East
2023-11-07,P204,Sports Shoes,Fashion,1768.56,10,27,42976.01,S07,South
2023-11-07,P305,Green Tea Pack,Grocery,529.24,10,104,49536.86,S06,South
2023-11-07,P303,Whole Wheat Flour,Grocery,639.12,15,86,46719.67,S10,North
2023-11-07,P202,Women Kurti,Fashion,4996.53,10,28,125912.56,S09,North
2023-11-07,P401,Stainless Steel Cookware,Home,13005.49,0,17,221093.33,S08,South
2023-11-07,P301,Basmati Rice 5kg,Grocery,734.65,25,101,55649.74,S03,North
2023-11-08,P302,Sunflower Oil 1L,Grocery,398.74,15,66,22369.31,S07,East
2023-11-08,P303,Whole Wheat Flour,Grocery,504.13,0,67,33776.71,S06,West
2023-11-08,P302,Sunflower Oil 1L,Grocery,158.17,20,89,11261.7,S10,West
2023-11-08,P303,Whole Wheat Flour,Grocery,552.22,15,111,52101.96,S04,South
2023-11-08,P401,Stainless Steel Cookware,Home,13331.44,0,20,266628.8,S02,South
2023-11-08,P405,LED Desk Lamp,Home,7084.9,30,476,2360688.68,S02,North
2023-11-08,P102,Laptop Pro,Electronics,49292.78,25,20,739391.7,S02,West
2023-11-08,P502,Hair Serum,Beauty,2714.1,30,51,96893.37,S08,South
2023-11-08,P304,Organic Honey,Grocery,270.81,0,65,17602.65,S03,West
2023-11-08,P301,Basmati Rice 5kg,Grocery,159.55,10,75,10769.62,S07,North
2023-11-08,P303,Whole Wheat Flour,Grocery,419.19,10,76,28672.6,S04,South
2023-11-08,P503,Sunscreen SPF50,Beauty,1776.61,25,58,77282.53,S01,West
2023-11-08,P405,LED Desk Lamp,Home,12110.25,10,27,294279.08,S01,East
2023-11-08,P501,Face Moisturizer,Beauty,530.14,40,52,16540.37,S04,East
2023-11-09,P101,Smartphone X1,Electronics,57782.12,10,14,728054.71,S02,North
2023-11-09,P102,Laptop Pro,Electronics,41844.34,10,17,640218.4,S06,South
2023-11-09,P203,Denim Jeans,Fashion,2696.78,40,45,72813.06,S03,West
2023-11-09,P501,Face Moisturizer,Beauty,1712.57,30,42,50349.56,S03,North
2023-11-09,P503,Sunscreen SPF50,Beauty,2382.48,10,29,62182.73,S08,South
2023-11-09,P301,Basmati Rice 5kg,Grocery,496.91,20,90,35777.52,S06,North
2023-11-09,P403,Wall Clock,Home,1335.06,5,24,30439.37,S02,North
2023-11-09,P501,Face Moisturizer,Beauty,355.76,15,37,11188.65,S05,South
2023-11-09,P406,Air Purifier,Home,14247.5,5,22,297772.75,S08,South
2023-11-09,P501,Face Moisturizer,Beauty,2283.65,5,27,58575.62,S07,South
2023-11-09,P206,Summer Dress,Fashion,3650.17,10,38,124835.81,S06,South
2023-11-09,P101,Smartphone X1,Electronics,14094.1,20,13,146578.64,S02,South
2023-11-10,P204,Sports Shoes,Fashion,2847.24,0,28,79722.72,S05,South
2023-11-10,P306,Mixed Nuts 500g,Grocery,687.25,25,130,67006.88,S05,North
2023-11-10,P206,Summer Dress,Fashion,3226.39,15,34,93242.67,S06,East
2023-11-10,P403,Wall Clock,Home,9511.82,5,23,207833.27,S08,East
2023-11-10,P501,Face Moisturizer,Beauty,2305.21,25,56,96818.82,S06,South
2023-11-10,P502,Hair Serum,Beauty,1399.37,30,44,43100.6,S04,South
2023-11-10,P304,Organic Honey,Grocery,679.26,40,71,28936.48,S09,South
2023-11-10,P502,Hair Serum,Beauty,1233.14,15,50,52408.45,S01,West
2023-11-10,P503,Sunscreen SPF50,Beauty,1425.05,20,49,55861.96,S04,North
2023-11-10,P405,LED Desk Lamp,Home,10408.52,10,15,140515.02,S07,South
2023-11-11,P503,Sunscreen SPF50,Beauty,398.46,5,47,17791.24,S06,West
2023-11-11,P105,Tablet Z2,Electronics,71371.4,0,16,1141942.4,S01,East
2023-11-11,P203,Denim Jeans,Fashion,4073.03,5,53,205077.06,S01,West
2023-11-11,P102,Laptop Pro,Electronics,34745.64,0,16,555930.24,S09,South
2023-11-11,P506,Perfume 100ml,Beauty,1436.77,0,47,67528.19,S02,South
2023-11-11,P403,Wall Clock,Home,3090.53,15,46,120839.72,S01,West
2023-11-11,P305,Green Tea Pack,Grocery,191.79,25,137,19706.42,S01,East
2023-11-11,P206,Summer Dress,Fashion,869.93,40,58,30273.56,S06,East
2023-11-11,P506,Perfume 100ml,Beauty,1958.7,40,0,0.0,S10,South
2023-11-11,P102,Laptop Pro,Electronics,36050.81,40,33,713806.04,S04,South
2023-11-11,P304,Organic Honey,Grocery,528.97,10,109,51891.96,S04,East
2023-11-11,P406,Air Purifier,Home,14631.35,40,34,298479.54,S09,South
2023-11-11,P404,Wooden Bookshelf,Home,10822.44,10,25,243504.9,S03,East
2023-11-11,P503,Sunscreen SPF50,Beauty,720.79,15,32,19605.49,S07,South
2023-11-11,P406,Air Purifier,Home,9294.24,10,26,217485.22,S03,North
2023-11-11,P205,Formal Blazer,Fashion,3574.75,10,37,119039.18,S04,South
2023-11-11,P104,Smart TV 43,Electronics,67157.47,0,11,738732.17,S10,South
2023-11-11,P506,Perfume 100ml,Beauty,159.48,10,53,7607.2,S06,South
2023-11-12,P305,Green Tea Pack,Grocery,625.27,0,70,43768.9,S09,East
2023-11-12,P505,Body Lotion,Beauty,263.56,0,42,11069.52,S06,West
2023-11-12,P105,Tablet Z2,Electronics,77431.51,25,21,1219546.28,S08,East
2023-11-12,P403,Wall Clock,Home,2449.08,25,42,77146.02,S04,West
2023-11-12,P206,Summer Dress,Fashion,2357.5,0,33,77797.5,S05,South
2023-11-12,P404,Wooden Bookshelf,Home,8132.99,30,663,3774520.66,S04,South
2023-11-12,P104,Smart TV 43,Electronics,60172.75,25,19,857461.69,S05,North
2023-11-12,P505,Body Lotion,Beauty,2442.95,10,33,72555.61,S03,East
2023-11-12,P204,Sports Shoes,Fashion,3065.59,10,51,140710.58,S08,West
2023-11-12,P106,Bluetooth Speaker,Electronics,21234.84,10,18,344004.41,S06,East
2023-11-12,P404,Wooden Bookshelf,Home,1548.83,20,20,24781.28,S08,East
2023-11-12,P401,Stainless Steel Cookware,Home,4581.07,20,32,117275.39,S09,South
2023-11-13,P301,Basmati Rice 5kg,Grocery,222.03,10,92,18384.08,S04,West
2023-11-13,P104,Smart TV 43,Electronics,26289.45,0,6,157736.7,S07,East
2023-11-13,P101,Smartphone X1,Electronics,67371.48,40,25,1010572.2,S05,North
2023-11-13,P203,Denim Jeans,Fashion,4252.74,40,65,165856.86,S01,West
2023-11-13,P202,Women Kurti,Fashion,3244.46,0,25,81111.5,S05,West
2023-11-13,P506,Perfume 100ml,Beauty,1044.76,30,50,36566.6,S04,South
2023-11-13,P306,Mixed Nuts 500g,Grocery,693.24,10,57,35563.21,S02,South
2023-11-13,P302,Sunflower Oil 1L,Grocery,714.43,15,86,52224.83,S09,West
2023-11-13,P206,Summer Dress,Fashion,3212.9,0,30,96387.0,S07,South
2023-11-13,P503,Sunscreen SPF50,Beauty,290.14,0,31,8994.34,S05,South
2023-11-13,P103,Wireless Earbuds,Electronics,51656.27,15,19,834248.76,S03,West
2023-11-13,P402,Cotton Bedsheet,Home,7032.86,5,28,187074.08,S06,West
2023-11-14,P502,Hair Serum,Beauty,2512.95,20,48,96497.28,S06,North
2023-11-14,P503,Sunscreen SPF50,Beauty,1771.2,0,30,53136.0,S07,South
2023-11-14,P202,Women Kurti,Fashion,1404.6,30,58,57026.76,S01,North
2023-11-14,P304,Organic Honey,Grocery,634.8,15,69,37231.02,S05,North
2023-11-14,P203,Denim Jeans,Fashion,866.43,0,18,15595.74,S08,East
2023-11-14,P504,Lipstick Set,Beauty,2043.34,40,60,73560.24,S06,South
2023-11-14,P104,Smart TV 43,Electronics,66635.13,15,16,906237.77,S08,North
2023-11-14,P204,Sports Shoes,Fashion,1017.71,10,22,20150.66,S07,South
2023-11-14,P503,Sunscreen SPF50,Beauty,1062.9,30,42,31249.26,S10,South
2023-11-14,P404,Wooden Bookshelf,Home,5657.32,5,33,177356.98,S01,North
2023-11-14,P301,Basmati Rice 5kg,Grocery,537.88,10,97,46956.92,S06,North
2023-11-14,P501,Face Moisturizer,Beauty,1299.55,40,59,46004.07,S08,South
2023-11-14,P304,Organic Honey,Grocery,759.36,5,70,50497.44,S06,West
2023-11-14,P502,Hair Serum,Beauty,898.78,0,24,21570.72,S09,West
2023-11-14,P505,Body Lotion,Beauty,2682.57,0,34,91207.38,S04,South
2023-11-14,P401,Stainless Steel Cookware,Home,3770.14,5,26,93122.46,S02,North
2023-11-15,P302,Sunflower Oil 1L,Grocery,470.66,5,75,33534.53,S02,North
2023-11-15,P502,Hair Serum,Beauty,2939.2,30,38,78182.72,S08,South
2023-11-15,P106,Bluetooth Speaker,Electronics,22566.24,5,10,214379.28,S10,West
2023-11-15,P205,Formal Blazer,Fashion,3154.57,10,30,85173.39,S03,South
2023-11-15,P501,Face Moisturizer,Beauty,203.01,10,51,9318.16,S04,North
2023-11-15,P404,Wooden Bookshelf,Home,8728.18,40,36,188528.69,S01,West
2023-11-15,P105,Tablet Z2,Electronics,68075.25,10,11,673944.97,S09,South
2023-11-15,P206,Summer Dress,Fashion,4070.09,0,31,126172.79,S05,North
2023-11-15,P303,Whole Wheat Flour,Grocery,788.53,5,51,38204.28,S02,East
2023-11-15,P105,Tablet Z2,Electronics,46912.14,10,15,633313.89,S01,East
2023-11-15,P103,Wireless Earbuds,Electronics,26332.88,20,14,294928.26,S07,South
2023-11-15,P403,Wall Clock,Home,11992.01,10,18,194270.56,S05,North
2023-11-16,P301,Basmati Rice 5kg,Grocery,492.58,0,71,34973.18,S06,South
2023-11-16,P105,Tablet Z2,Electronics,27028.67,5,12,308126.84,S05,South
2023-11-16,P504,Lipstick Set,Beauty,433.59,20,25,8671.8,S09,East
2023-11-16,P304,Organic Honey,Grocery,276.62,15,64,15048.13,S09,North
2023-11-16,P503,Sunscreen SPF50,Beauty,248.75,0,22,5472.5,S03,West
2023-11-16,P503,Sunscreen SPF50,Beauty,180.88,20,32,4630.53,S03,North
2023-11-16,P302,Sunflower Oil 1L,Grocery,239.98,30,95,15958.67,S01,North
2023-11-16,P104,Smart TV 43,Electronics,14394.74,10,12,155463.19,S10,West
2023-11-16,P405,LED Desk Lamp,Home,14016.75,0,12,168201.0,S09,North
2023-11-16,P101,Smartphone X1,Electronics,10112.14,30,17,120334.47,S03,East
2023-11-16,P502,Hair Serum,Beauty,2342.13,20,30,56211.12,S09,South
2023-11-16,P201,Men Casual Shirt,Fashion,4310.11,0,23,99132.53,S03,West
2023-11-16,P206,Summer Dress,Fashion,641.65,20,39,20019.48,S07,North
2023-11-16,P505,Body Lotion,Beauty,2945.6,15,26,65097.76,S02,East
2023-11-16,P206,Summer Dress,Fashion,4697.35,0,27,126828.45,S04,East
2023-11-16,P503,Sunscreen SPF50,Beauty,1507.51,0,31,46732.81,S07,North
2023-11-16,P205,Formal Blazer,Fashion,2904.41,0,37,107463.17,S06,South
2023-11-16,P302,Sunflower Oil 1L,Grocery,237.06,40,144,20481.98,S08,West
2023-11-17,P506,Perfume 100ml,Beauty,1802.96,0,24,43271.04,S04,South
2023-11-17,P504,Lipstick Set,Beauty,2157.55,10,39,75730.01,S10,West
2023-11-17,P301,Basmati Rice 5kg,Grocery,536.61,5,71,36194.34,S02,North
2023-11-17,P201,Men Casual Shirt,Fashion,2910.59,25,47,102598.3,S04,West
2023-11-17,P305,Green Tea Pack,Grocery,413.28,40,133,32979.74,S06,South
2023-11-17,P506,Perfume 100ml,Beauty,2211.63,30,50,77407.05,S10,North
2023-11-17,P102,Laptop Pro,Electronics,60330.22,10,12,651566.38,S08,East
2023-11-17,P302,Sunflower Oil 1L,Grocery,264.4,15,81,18203.94,S07,South
2023-11-17,P505,Body Lotion,Beauty,2050.43,0,39,79966.77,S05,North
2023-11-17,P504,Lipstick Set,Beauty,202.67,5,32,6161.17,S05,West
2023-11-17,P202,Women Kurti,Fashion,2644.17,5,36,90430.61,S08,West
2023-11-18,P301,Basmati Rice 5kg,Grocery,378.72,5,120,43174.08,S04,South
2023-11-18,P503,Sunscreen SPF50,Beauty,1874.0,10,27,45538.2,S09,East
2023-11-18,P401,Stainless Steel Cookware,Home,14476.59,5,27,371324.53,S09,East
2023-11-18,P203,Denim Jeans,Fashion,1074.24,30,49,36846.43,S08,South
2023-11-18,P506,Perfume 100ml,Beauty,708.17,40,68,28893.34,S04,South
2023-11-18,P301,Basmati Rice 5kg,Grocery,247.12,30,114,19720.18,S07,West
2023-11-18,P101,Smartphone X1,Electronics,52905.96,0,15,793589.4,S03,South
2023-11-18,P304,Organic Honey,Grocery,374.18,5,104,36968.98,S02,West
2023-11-18,P304,Organic Honey,Grocery,656.79,0,114,74874.06,S10,North
2023-11-18,P101,Smartphone X1,Electronics,72671.97,30,23,1170018.72,S08,East
2023-11-18,P106,Bluetooth Speaker,Electronics,69362.25,0,12,832347.0,S07,North
2023-11-18,P402,Cotton Bedsheet,Home,350.08,0,18,6301.44,S03,East
2023-11-18,P101,Smartphone X1,Electronics,72466.79,30,336,17044189.01,S01,East
2023-11-19,P504,Lipstick Set,Beauty,1733.27,0,40,69330.8,S10,South
2023-11-19,P406,Air Purifier,Home,9467.71,40,45,255628.17,S05,West
2023-11-19,P405,LED Desk Lamp,Home,14287.26,15,44,534343.52,S01,East
2023-11-19,P402,Cotton Bedsheet,Home,1913.81,25,32,45931.44,S09,East
2023-11-19,P206,Summer Dress,Fashion,4458.01,30,43,134186.1,S08,West
2023-11-19,P502,Hair Serum,Beauty,611.22,30,45,19253.43,S04,East
2023-11-19,P403,Wall Clock,Home,11487.89,0,23,264221.47,S07,West
2023-11-19,P403,Wall Clock,Home,5230.77,0,27,141230.79,S08,West
2023-11-19,P504,Lipstick Set,Beauty,403.01,5,48,18377.26,S10,South
2023-11-19,P105,Tablet Z2,Electronics,48038.77,0,16,768620.32,S07,West
2023-11-19,P101,Smartphone X1,Electronics,27065.52,25,28,568375.92,S08,West
2023-11-19,P205,Formal Blazer,Fashion,3370.05,10,43,130420.93,S05,North
2023-11-19,P103,Wireless Earbuds,Electronics,29066.78,10,13,340081.33,S07,West
2023-11-19,P106,Bluetooth Speaker,Electronics,67373.26,0,17,1145345.42,S05,West
2023-11-19,P406,Air Purifier,Home,12070.21,0,24,289685.04,S02,East
2023-11-19,P301,Basmati Rice 5kg,Grocery,154.25,0,69,10643.25,S05,South
2023-11-19,P203,Denim Jeans,Fashion,1467.92,5,44,61359.06,S09,North
2023-11-19,P103,Wireless Earbuds,Electronics,51538.67,0,23,1185389.41,S06,West
2023-11-19,P303,Whole Wheat Flour,Grocery,234.95,30,158,25985.47,S08,West
2023-11-20,P305,Green Tea Pack,Grocery,418.25,20,58,19406.8,S09,East
2023-11-20,P402,Cotton Bedsheet,Home,1065.15,0,17,18107.55,S05,East
2023-11-20,P503,Sunscreen SPF50,Beauty,609.25,20,29,14134.6,S07,East
2023-11-20,P104,Smart TV 43,Electronics,33468.29,0,15,502024.35,S01,North
2023-11-20,P301,Basmati Rice 5kg,Grocery,241.14,15,90,18447.21,S10,South
2023-11-20,P501,Face Moisturizer,Beauty,2044.73,20,48,78517.63,S10,West
2023-11-20,P103,Wireless Earbuds,Electronics,10540.18,15,17,152305.6,S01,West
2023-11-20,P104,Smart TV 43,Electronics,47700.93,30,16,534250.42,S09,North
2023-11-20,P504,Lipstick Set,Beauty,1263.03,40,45,34101.81,S09,North
2023-11-20,P202,Women Kurti,Fashion,416.58,25,34,10622.79,S05,South
2023-11-20,P404,Wooden Bookshelf,Home,1347.36,0,32,43115.52,S01,South
2023-11-20,P302,Sunflower Oil 1L,Grocery,762.64,10,96,65892.1,S04,West
2023-11-20,P402,Cotton Bedsheet,Home,987.69,0,16,15803.04,S09,West
2023-11-20,P204,Sports Shoes,Fashion,1970.59,40,54,63847.12,S06,South
2023-11-20,P306,Mixed Nuts 500g,Grocery,91.72,20,46,3375.3,S09,West
2023-11-20,P306,Mixed Nuts 500g,Grocery,799.1,0,53,42352.3,S07,North
2023-11-20,P405,LED Desk Lamp,Home,8735.61,0,20,174712.2,S10,South
2023-11-21,P205,Formal Blazer,Fashion,4720.56,10,42,178437.17,S06,North
2023-11-21,P305,Green Tea Pack,Grocery,573.95,0,100,57395.0,S01,West
2023-11-21,P501,Face Moisturizer,Beauty,1373.34,5,45,58710.28,S10,North
2023-11-21,P102,Laptop Pro,Electronics,64279.74,0,12,771356.88,S07,East
2023-11-21,P205,Formal Blazer,Fashion,4109.59,30,35,100684.95,S03,North
2023-11-21,P103,Wireless Earbuds,Electronics,54250.37,0,13,705254.81,S09,South
2023-11-21,P502,Hair Serum,Beauty,1601.59,15,47,63983.52,S01,West
2023-11-21,P403,Wall Clock,Home,14700.83,20,29,341059.26,S02,North
2023-11-21,P402,Cotton Bedsheet,Home,4501.01,15,0,0.0,S09,East
2023-11-21,P502,Hair Serum,Beauty,2187.53,25,38,62344.61,S07,South
2023-11-21,P505,Body Lotion,Beauty,918.71,15,56,43730.6,S01,North
2023-11-21,P302,Sunflower Oil 1L,Grocery,582.21,15,65,32167.1,S07,North
2023-11-21,P203,Denim Jeans,Fashion,1581.13,0,30,47433.9,S02,North
2023-11-22,P102,Laptop Pro,Electronics,4203.89,25,10,31529.18,S05,East
2023-11-22,P304,Organic Honey,Grocery,500.78,0,89,44569.42,S08,South
2023-11-22,P502,Hair Serum,Beauty,734.07,5,48,33473.59,S01,West
2023-11-22,P101,Smartphone X1,Electronics,30862.46,0,10,308624.6,S10,South
2023-11-22,P104,Smart TV 43,Electronics,60773.86,10,12,656357.69,S04,East
2023-11-22,P201,Men Casual Shirt,Fashion,3574.03,25,39,104540.38,S02,North
2023-11-22,P201,Men Casual Shirt,Fashion,3404.24,10,36,110297.38,S04,West
2023-11-22,P502,Hair Serum,Beauty,2380.15,0,28,66644.2,S03,North
2023-11-22,P105,Tablet Z2,Electronics,28625.1,5,21,571070.74,S01,South
2023-11-22,P204,Sports Shoes,Fashion,4600.52,20,32,117773.31,S05,West
2023-11-22,P202,Women Kurti,Fashion,765.93,0,25,19148.25,S07,North
2023-11-23,P505,Body Lotion,Beauty,1736.91,0,19,33001.29,S03,South
2023-11-23,P501,Face Moisturizer,Beauty,2552.57,10,40,91892.52,S01,East
2023-11-23,P402,Cotton Bedsheet,Home,13055.34,10,24,281995.34,S08,South
2023-11-23,P103,Wireless Earbuds,Electronics,3761.64,10,20,67709.52,S01,North
2023-11-23,P403,Wall Clock,Home,7595.48,15,25,161403.95,S08,East
2023-11-23,P301,Basmati Rice 5kg,Grocery,176.58,0,77,13596.66,S10,West
2023-11-23,P105,Tablet Z2,Electronics,15392.6,0,11,169318.6,S07,West
2023-11-23,P202,Women Kurti,Fashion,2323.53,5,39,86086.79,S01,South
2023-11-24,P306,Mixed Nuts 500g,Grocery,129.94,0,41,5327.54,S03,South
2023-11-24,P101,Smartphone X1,Electronics,21075.13,10,20,379352.34,S04,North
2023-11-24,P503,Sunscreen SPF50,Beauty,1032.82,40,59,36561.83,S02,South
2023-11-24,P206,Summer Dress,Fashion,1610.17,5,37,56597.48,S04,South
2023-11-24,P101,Smartphone X1,Electronics,33648.79,30,18,423974.75,S06,South
2023-11-24,P106,Bluetooth Speaker,Electronics,3834.4,10,10,34509.6,S03,East
2023-11-24,P303,Whole Wheat Flour,Grocery,654.54,10,99,58319.51,S06,North
2023-11-24,P303,Whole Wheat Flour,Grocery,619.13,20,105,52006.92,S01,West
2023-11-24,P301,Basmati Rice 5kg,Grocery,139.55,30,72,7033.32,S10,East
2023-11-24,P205,Formal Blazer,Fashion,1073.58,30,33,24799.7,S09,West
2023-11-24,P402,Cotton Bedsheet,Home,4950.08,0,10,49500.8,S09,East
2023-11-24,P204,Sports Shoes,Fashion,3420.97,15,33,95958.21,S04,South
2023-11-24,P305,Green Tea Pack,Grocery,208.42,15,90,15944.13,S08,South
2023-11-24,P305,Green Tea Pack,Grocery,81.55,30,111,6336.43,S01,South
2023-11-24,P403,Wall Clock,Home,12397.22,30,27,234307.46,S10,South
2023-11-24,P501,Face Moisturizer,Beauty,2406.68,5,41,93740.19,S01,North
2023-11-25,P402,Cotton Bedsheet,Home,1837.76,30,36,46311.55,S03,West
2023-11-25,P205,Formal Blazer,Fashion,3465.81,15,69,203269.76,S04,North
2023-11-25,P501,Face Moisturizer,Beauty,113.05,25,55,4663.31,S03,West
2023-11-25,P204,Sports Shoes,Fashion,3798.14,30,69,183450.16,S01,North
2023-11-25,P104,Smart TV 43,Electronics,43513.22,10,17,665752.27,S04,East
2023-11-25,P101,Smartphone X1,Electronics,73413.44,10,18,1189297.73,S10,East
2023-11-25,P105,Tablet Z2,Electronics,53081.92,25,35,1393400.4,S01,North
2023-11-25,P303,Whole Wheat Flour,Grocery,394.72,5,103,38623.35,S07,West
2023-11-25,P203,Denim Jeans,Fashion,2243.73,5,31,66077.85,S03,South
2023-11-25,P303,Whole Wheat Flour,Grocery,257.86,0,79,20370.94,S09,West
2023-11-25,P404,Wooden Bookshelf,Home,6329.7,40,38,144317.16,S07,North
2023-11-25,P403,Wall Clock,Home,10102.34,5,19,182347.24,S05,West
2023-11-25,P505,Body Lotion,Beauty,1786.5,5,61,103527.67,S01,North
2023-11-25,P305,Green Tea Pack,Grocery,401.11,0,88,35297.68,S02,East
2023-11-26,P106,Bluetooth Speaker,Electronics,77628.61,40,39,1816509.47,S06,North
2023-11-26,P402,Cotton Bedsheet,Home,11539.79,40,32,221563.97,S02,East
2023-11-26,P304,Organic Honey,Grocery,281.32,10,93,23546.48,S08,East
2023-11-26,P303,Whole Wheat Flour,Grocery,116.38,10,121,12673.78,S02,West
2023-11-26,P502,Hair Serum,Beauty,2458.63,5,47,109777.83,S10,South
2023-11-26,P203,Denim Jeans,Fashion,4769.41,40,49,140220.65,S03,North
2023-11-26,P401,Stainless Steel Cookware,Home,3266.55,0,17,55531.35,S10,East
2023-11-26,P403,Wall Clock,Home,1793.67,25,32,43048.08,S10,East
2023-11-26,P403,Wall Clock,Home,4919.39,5,29,135529.19,S03,North
2023-11-26,P404,Wooden Bookshelf,Home,12002.62,25,45,405088.43,S06,South
2023-11-26,P106,Bluetooth Speaker,Electronics,66212.92,10,15,893874.42,S09,South
2023-11-26,P401,Stainless Steel Cookware,Home,6865.37,5,38,247839.86,S06,East
2023-11-26,P102,Laptop Pro,Electronics,77794.78,15,15,991883.44,S09,West
2023-11-26,P102,Laptop Pro,Electronics,2220.0,5,12,25308.0,S09,South
2023-11-26,P204,Sports Shoes,Fashion,4841.01,20,360,1394210.88,S06,West
2023-11-26,P105,Tablet Z2,Electronics,75402.87,0,15,1131043.05,S07,East
2023-11-26,P302,Sunflower Oil 1L,Grocery,61.91,40,112,4160.35,S08,East
2023-11-26,P101,Smartphone X1,Electronics,5414.63,0,13,70390.19,S09,North
2023-11-26,P402,Cotton Bedsheet,Home,11714.61,0,27,316294.47,S08,West
2023-11-27,P503,Sunscreen SPF50,Beauty,763.88,30,44,23527.5,S01,North
2023-11-27,P304,Organic Honey,Grocery,602.41,20,120,57831.36,S04,North
2023-11-27,P305,Green Tea Pack,Grocery,500.46,30,58,20318.68,S09,East
2023-11-27,P206,Summer Dress,Fashion,1231.63,25,40,36948.9,S03,West
2023-11-27,P101,Smartphone X1,Electronics,45114.99,30,17,536868.38,S08,South
2023-11-27,P101,Smartphone X1,Electronics,3084.39,40,14,25908.88,S08,West
2023-11-27,P101,Smartphone X1,Electronics,72888.77,40,20,874665.24,S04,East
2023-11-27,P205,Formal Blazer,Fashion,941.74,10,40,33902.64,S05,North
2023-11-27,P304,Organic Honey,Grocery,573.4,0,70,40138.0,S06,East
2023-11-27,P303,Whole Wheat Flour,Grocery,593.3,0,59,35004.7,S03,East
2023-11-27,P205,Formal Blazer,Fashion,3343.53,25,22,55168.25,S03,East
2023-11-28,P106,Bluetooth Speaker,Electronics,43111.54,5,14,573383.48,S01,South
2023-11-28,P301,Basmati Rice 5kg,Grocery,406.85,30,68,19366.06,S02,South
2023-11-28,P104,Smart TV 43,Electronics,53297.51,20,12,511656.1,S09,North
2023-11-28,P206,Summer Dress,Fashion,4529.03,0,34,153987.02,S04,North
2023-11-28,P401,Stainless Steel Cookware,Home,6701.89,30,33,154813.66,S10,East
2023-11-28,P106,Bluetooth Speaker,Electronics,33865.22,40,16,325106.11,S06,West
2023-11-28,P101,Smartphone X1,Electronics,35181.65,15,12,358852.83,S03,West
2023-11-28,P102,Laptop Pro,Electronics,6956.58,40,16,66783.17,S06,East
2023-11-28,P405,LED Desk Lamp,Home,10925.82,10,24,235997.71,S06,North
2023-11-28,P405,LED Desk Lamp,Home,3185.74,5,22,66581.97,S10,North
2023-11-28,P102,Laptop Pro,Electronics,14175.88,20,13,147429.15,S07,South
2023-11-28,P303,Whole Wheat Flour,Grocery,764.3,20,78,47692.32,S10,East
2023-11-29,P302,Sunflower Oil 1L,Grocery,197.29,25,125,18495.94,S08,South
2023-11-29,P303,Whole Wheat Flour,Grocery,371.81,20,82,24390.74,S09,West
2023-11-29,P506,Perfume 100ml,Beauty,2261.49,10,29,59024.89,S03,South
2023-11-29,P505,Body Lotion,Beauty,551.18,25,52,21496.02,S02,North
2023-11-29,P504,Lipstick Set,Beauty,1745.37,10,35,54979.15,S08,East
2023-11-29,P103,Wireless Earbuds,Electronics,35593.57,5,17,574836.16,S06,East
2023-11-29,P406,Air Purifier,Home,937.2,25,25,17572.5,S03,West
2023-11-29,P204,Sports Shoes,Fashion,4049.81,10,32,116634.53,S04,East
2023-11-29,P102,Laptop Pro,Electronics,69202.84,5,10,657426.98,S03,East
2023-11-29,P302,Sunflower Oil 1L,Grocery,166.73,5,93,14730.6,S10,West
2023-11-29,P306,Mixed Nuts 500g,Grocery,317.93,0,92,29249.56,S01,North
2023-11-29,P106,Bluetooth Speaker,Electronics,58322.21,10,9,472409.9,S09,East
2023-11-30,P403,Wall Clock,Home,7438.95,0,30,223168.5,S04,West
2023-11-30,P401,Stainless Steel Cookware,Home,13110.4,0,17,222876.8,S05,East
2023-11-30,P201,Men Casual Shirt,Fashion,4388.47,10,43,169833.79,S04,West
2023-11-30,P201,Men Casual Shirt,Fashion,2745.41,5,27,70419.77,S07,North
2023-11-30,P202,Women Kurti,Fashion,3782.67,0,21,79436.07,S03,South
2023-11-30,P301,Basmati Rice 5kg,Grocery,292.98,15,92,22911.04,S04,North
2023-11-30,P402,Cotton Bedsheet,Home,6122.44,25,30,137754.9,S10,West
2023-11-30,P204,Sports Shoes,Fashion,1575.47,0,22,34660.34,S03,South
2023-11-30,P403,Wall Clock,Home,10447.27,0,19,198498.13,S02,East
2023-11-30,P104,Smart TV 43,Electronics,26549.23,0,7,185844.61,S03,East
2023-11-30,P106,Bluetooth Speaker,Electronics,29543.87,25,12,265894.83,S05,East
2023-11-30,P202,Women Kurti,Fashion,1549.96,0,34,52698.64,S04,North
2023-11-30,P503,Sunscreen SPF50,Beauty,1767.11,0,28,49479.08,S03,South
2023-11-30,P102,Laptop Pro,Electronics,8058.96,15,16,109601.86,S04,North
2023-11-30,P506,Perfume 100ml,Beauty,1644.96,10,35,51816.24,S02,East
2023-11-30,P502,Hair Serum,Beauty,1051.67,40,73,46063.15,S01,West
2023-11-30,P503,Sunscreen SPF50,Beauty,1702.09,40,54,55147.72,S02,East
2023-12-01,P404,Wooden Bookshelf,Home,13874.02,5,26,342688.29,S06,North
2023-12-01,P304,Organic Honey,Grocery,106.02,5,60,6043.14,S05,South
2023-12-01,P405,LED Desk Lamp,Home,13937.99,10,34,426502.49,S04,North
2023-12-01,P406,Air Purifier,Home,12400.7,15,24,252974.28,S09,North
2023-12-01,P404,Wooden Bookshelf,Home,1421.72,30,40,39808.16,S08,North
2023-12-01,P302,Sunflower Oil 1L,Grocery,596.7,10,77,41351.31,S02,South
2023-12-01,P501,Face Moisturizer,Beauty,1147.99,0,38,43623.62,S04,South
2023-12-01,P306,Mixed Nuts 500g,Grocery,134.72,10,88,10669.82,S10,North
2023-12-01,P301,Basmati Rice 5kg,Grocery,257.96,30,136,24557.79,S04,East
2023-12-01,P406,Air Purifier,Home,4715.12,30,33,108919.27,S02,East
2023-12-01,P503,Sunscreen SPF50,Beauty,1706.97,20,38,51891.89,S06,South
2023-12-01,P504,Lipstick Set,Beauty,338.08,40,64,12982.27,S02,North
2023-12-01,P405,LED Desk Lamp,Home,5821.27,0,19,110604.13,S05,West
2023-12-01,P301,Basmati Rice 5kg,Grocery,757.58,30,117,62045.8,S01,East
2023-12-01,P403,Wall Clock,Home,12338.83,5,23,269603.44,S03,North
2023-12-01,P301,Basmati Rice 5kg,Grocery,210.95,0,50,10547.5,S03,West
2023-12-01,P205,Formal Blazer,Fashion,914.14,0,21,19196.94,S09,South
2023-12-01,P305,Green Tea Pack,Grocery,750.75,10,77,52026.97,S04,South
2023-12-01,P405,LED Desk Lamp,Home,1134.04,0,15,17010.6,S09,South
2023-12-01,P101,Smartphone X1,Electronics,39482.35,10,10,355341.15,S09,West
2023-12-01,P305,Green Tea Pack,Grocery,470.11,10,70,29616.93,S02,South
2023-12-01,P501,Face Moisturizer,Beauty,1112.76,30,55,42841.26,S08,North
2023-12-02,P303,Whole Wheat Flour,Grocery,63.74,10,111,6367.63,S02,North
2023-12-02,P406,Air Purifier,Home,3826.7,5,25,90884.12,S03,West
2023-12-02,P402,Cotton Bedsheet,Home,10067.1,0,26,261744.6,S06,South
2023-12-02,P202,Women Kurti,Fashion,2632.85,30,50,92149.75,S10,West
2023-12-02,P403,Wall Clock,Home,11269.45,10,28,283990.14,S03,North
2023-12-02,P506,Perfume 100ml,Beauty,2508.53,0,38,95324.14,S07,North
2023-12-02,P301,Basmati Rice 5kg,Grocery,494.49,30,115,39806.44,S02,East
2023-12-02,P501,Face Moisturizer,Beauty,379.18,10,39,13309.22,S06,East
2023-12-02,P204,Sports Shoes,Fashion,3474.91,30,48,116756.98,S08,East
2023-12-02,P306,Mixed Nuts 500g,Grocery,717.03,0,126,90345.78,S10,North
2023-12-02,P504,Lipstick Set,Beauty,2021.52,30,57,80658.65,S06,West
2023-12-02,P202,Women Kurti,Fashion,1557.68,15,46,60905.29,S02,South
2023-12-02,P501,Face Moisturizer,Beauty,1386.52,5,33,43467.4,S09,West
2023-12-02,P305,Green Tea Pack,Grocery,652.68,0,87,56783.16,S05,East
2023-12-02,P205,Formal Blazer,Fashion,1136.12,10,47,48057.88,S06,West
2023-12-02,P502,Hair Serum,Beauty,2880.97,15,55,134685.35,S08,North
2023-12-02,P501,Face Moisturizer,Beauty,2562.32,15,39,84940.91,S05,East
2023-12-02,P205,Formal Blazer,Fashion,4040.5,30,37,104648.95,S07,North
2023-12-03,P105,Tablet Z2,Electronics,53833.42,0,11,592167.62,S09,North
2023-12-03,P102,Laptop Pro,Electronics,77534.49,30,23,1248305.29,S05,South
2023-12-03,P103,Wireless Earbuds,Electronics,64107.26,10,16,923144.54,S05,East
2023-12-03,P406,Air Purifier,Home,11446.43,0,22,251821.46,S10,East
2023-12-03,P103,Wireless Earbuds,Electronics,40714.5,0,16,651432.0,S04,West
2023-12-03,P401,Stainless Steel Cookware,Home,7908.89,15,31,208399.25,S04,South
2023-12-03,P201,Men Casual Shirt,Fashion,2630.87,0,38,99973.06,S08,North
2023-12-03,P304,Organic Honey,Grocery,163.74,0,92,15064.08,S04,East
2023-12-03,P103,Wireless Earbuds,Electronics,49328.4,0,15,739926.0,S05,North
2023-12-03,P102,Laptop Pro,Electronics,56221.12,5,13,694330.83,S07,East
2023-12-04,P505,Body Lotion,Beauty,2025.26,5,33,63491.9,S04,East
2023-12-04,P403,Wall Clock,Home,9359.04,40,21,117923.9,S09,South
2023-12-04,P506,Perfume 100ml,Beauty,2455.89,40,61,89885.57,S01,West
2023-12-04,P301,Basmati Rice 5kg,Grocery,337.91,40,119,24126.77,S04,South
2023-12-04,P503,Sunscreen SPF50,Beauty,761.14,0,25,19028.5,S09,East
2023-12-04,P303,Whole Wheat Flour,Grocery,579.23,0,616,356805.68,S05,South
2023-12-04,P203,Denim Jeans,Fashion,4038.77,25,30,90872.33,S10,East
2023-12-04,P502,Hair Serum,Beauty,226.67,5,34,7321.44,S05,North
2023-12-04,P504,Lipstick Set,Beauty,1061.08,40,63,40108.82,S08,North
2023-12-04,P305,Green Tea Pack,Grocery,282.85,25,152,32244.9,S01,North
2023-12-04,P102,Laptop Pro,Electronics,64841.64,25,17,826730.91,S08,North
2023-12-04,P204,Sports Shoes,Fashion,2646.72,30,46,85224.38,S10,South
2023-12-04,P501,Face Moisturizer,Beauty,2279.15,25,41,70083.86,S07,West
2023-12-04,P401,Stainless Steel Cookware,Home,13564.41,15,19,219065.22,S07,West
2023-12-04,P206,Summer Dress,Fashion,1099.86,25,33,27221.53,S05,South
2023-12-04,P205,Formal Blazer,Fashion,3396.61,10,25,76423.73,S03,West
2023-12-04,P302,Sunflower Oil 1L,Grocery,382.64,25,97,27837.06,S03,West
2023-12-05,P503,Sunscreen SPF50,Beauty,2400.02,30,40,67200.56,S07,West
2023-12-05,P404,Wooden Bookshelf,Home,9037.35,30,24,151827.48,S03,South
2023-12-05,P306,Mixed Nuts 500g,Grocery,279.97,5,75,19947.86,S08,East
2023-12-05,P205,Formal Blazer,Fashion,3907.34,0,22,85961.48,S02,West
2023-12-05,P504,Lipstick Set,Beauty,2871.08,25,45,96898.95,S07,North
2023-12-05,P404,Wooden Bookshelf,Home,6197.17,30,35,151830.67,S02,West
2023-12-05,P304,Organic Honey,Grocery,426.58,15,119,43148.57,S01,North
2023-12-05,P101,Smartphone X1,Electronics,79078.4,25,19,1126867.2,S10,North
2023-12-05,P105,Tablet Z2,Electronics,58218.04,5,12,663685.66,S01,South
2023-12-05,P306,Mixed Nuts 500g,Grocery,647.94,30,118,53519.84,S08,West
2023-12-05,P305,Green Tea Pack,Grocery,474.7,0,68,32279.6,S10,West
2023-12-05,P202,Women Kurti,Fashion,4369.2,10,18,70781.04,S09,South
2023-12-05,P102,Laptop Pro,Electronics,62500.93,0,13,812512.09,S01,East
2023-12-05,P206,Summer Dress,Fashion,3677.41,0,23,84580.43,S08,East
2023-12-05,P303,Whole Wheat Flour,Grocery,477.63,5,87,39476.12,S02,West
2023-12-05,P401,Stainless Steel Cookware,Home,2313.26,10,23,47884.48,S07,North
2023-12-05,P401,Stainless Steel Cookware,Home,2987.51,0,16,47800.16,S08,East
2023-12-05,P106,Bluetooth Speaker,Electronics,12351.76,20,10,98814.08,S07,South
2023-12-05,P102,Laptop Pro,Electronics,32453.26,10,10,292079.34,S05,East
2023-12-05,P503,Sunscreen SPF50,Beauty,2452.77,25,35,64385.21,S02,East
2023-12-05,P404,Wooden Bookshelf,Home,3100.57,5,20,58910.83,S05,South
2023-12-05,P201,Men Casual Shirt,Fashion,968.51,30,32,21694.62,S02,North
2023-12-05,P304,Organic Honey,Grocery,99.02,0,70,6931.4,S08,North
2023-12-06,P402,Cotton Bedsheet,Home,8244.19,5,19,148807.63,S04,North
2023-12-06,P502,Hair Serum,Beauty,2984.83,5,37,104916.77,S08,North
2023-12-06,P101,Smartphone X1,Electronics,47286.0,5,12,539060.4,S05,South
2023-12-06,P402,Cotton Bedsheet,Home,14112.2,0,17,239907.4,S09,South
2023-12-06,P204,Sports Shoes,Fashion,3466.29,10,30,93589.83,S10,North
2023-12-06,P505,Body Lotion,Beauty,2178.31,10,33,64695.81,S10,West
2023-12-06,P406,Air Purifier,Home,7611.73,10,15,102758.35,S03,North
2023-12-06,P101,Smartphone X1,Electronics,56722.67,20,9,408403.22,S10,North
2023-12-06,P405,LED Desk Lamp,Home,4777.98,0,16,76447.68,S07,East
2023-12-06,P202,Women Kurti,Fashion,3404.81,5,24,77629.67,S07,East
2023-12-06,P201,Men Casual Shirt,Fashion,1870.68,10,25,42090.3,S07,North
2023-12-06,P104,Smart TV 43,Electronics,73259.0,0,14,1025626.0,S01,South
2023-12-06,P405,LED Desk Lamp,Home,4794.02,0,18,86292.36,S08,North
2023-12-06,P206,Summer Dress,Fashion,1257.87,20,24,24151.1,S09,South
2023-12-06,P302,Sunflower Oil 1L,Grocery,755.13,0,76,57389.88,S07,West
2023-12-06,P503,Sunscreen SPF50,Beauty,2988.2,5,31,88002.49,S05,South
2023-12-06,P104,Smart TV 43,Electronics,3197.11,0,11,35168.21,S02,West
2023-12-07,P303,Whole Wheat Flour,Grocery,508.41,40,113,34470.2,S10,West
2023-12-07,P405,LED Desk Lamp,Home,12866.47,0,180,2315964.6,S05,North
2023-12-07,P504,Lipstick Set,Beauty,857.37,5,33,26878.55,S09,North
2023-12-07,P305,Green Tea Pack,Grocery,376.5,0,67,25225.5,S04,West
2023-12-07,P401,Stainless Steel Cookware,Home,7693.75,10,11,76168.12,S03,East
2023-12-07,P305,Green Tea Pack,Grocery,779.3,10,92,64526.04,S08,West
2023-12-07,P301,Basmati Rice 5kg,Grocery,580.99,40,119,41482.69,S04,South
2023-12-07,P201,Men Casual Shirt,Fashion,1889.07,5,32,57427.73,S02,South
2023-12-07,P505,Body Lotion,Beauty,1750.03,15,396,589060.1,S02,East
2023-12-07,P404,Wooden Bookshelf,Home,14563.76,0,20,291275.2,S05,West
2023-12-08,P305,Green Tea Pack,Grocery,552.36,5,59,30959.78,S03,West
2023-12-08,P206,Summer Dress,Fashion,3137.0,0,23,72151.0,S05,East
2023-12-08,P406,Air Purifier,Home,10993.07,25,23,189630.46,S08,East
2023-12-08,P405,LED Desk Lamp,Home,900.41,15,21,16072.32,S05,South
2023-12-08,P402,Cotton Bedsheet,Home,10361.39,10,27,251781.78,S06,North
2023-12-08,P406,Air Purifier,Home,3499.88,0,14,48998.32,S05,East
2023-12-08,P106,Bluetooth Speaker,Electronics,8785.87,0,9,79072.83,S03,South
2023-12-08,P102,Laptop Pro,Electronics,33375.62,40,15,300380.58,S04,East
2023-12-08,P405,LED Desk Lamp,Home,3045.76,10,26,71270.78,S06,South
2023-12-08,P406,Air Purifier,Home,1256.7,40,26,19604.52,S07,South
2023-12-08,P304,Organic Honey,Grocery,226.2,40,116,15743.52,S09,North
2023-12-08,P502,Hair Serum,Beauty,349.43,10,41,12893.97,S05,North
2023-12-08,P205,Formal Blazer,Fashion,3959.9,0,23,91077.7,S05,North
2023-12-08,P403,Wall Clock,Home,14316.7,5,18,244815.57,S04,East
2023-12-08,P203,Denim Jeans,Fashion,4870.56,10,25,109587.6,S05,West
2023-12-08,P201,Men Casual Shirt,Fashion,2793.84,5,24,63699.55,S09,North
2023-12-09,P102,Laptop Pro,Electronics,44946.91,0,17,764097.47,S02,North
2023-12-09,P101,Smartphone X1,Electronics,13055.66,30,21,191918.2,S07,South
2023-12-09,P303,Whole Wheat Flour,Grocery,52.43,0,50,2621.5,S07,South
2023-12-09,P404,Wooden Bookshelf,Home,1219.13,40,30,21944.34,S03,West
2023-12-09,P103,Wireless Earbuds,Electronics,24163.46,40,24,347953.82,S02,West
2023-12-09,P403,Wall Clock,Home,13738.16,5,28,365435.06,S02,East
2023-12-09,P502,Hair Serum,Beauty,2690.04,30,50,94151.4,S07,South
2023-12-09,P302,Sunflower Oil 1L,Grocery,96.28,5,114,10427.12,S08,South
2023-12-09,P506,Perfume 100ml,Beauty,1910.8,15,58,94202.44,S01,North
2023-12-09,P101,Smartphone X1,Electronics,77800.43,10,21,1470428.13,S06,South
2023-12-09,P206,Summer Dress,Fashion,3558.01,15,61,184482.82,S06,West
2023-12-09,P406,Air Purifier,Home,1422.72,10,32,40974.34,S10,North
2023-12-09,P201,Men Casual Shirt,Fashion,4857.29,0,50,242864.5,S04,West
2023-12-10,P105,Tablet Z2,Electronics,2516.27,30,24,42273.34,S07,North
2023-12-10,P503,Sunscreen SPF50,Beauty,211.51,0,35,7402.85,S02,East
2023-12-10,P506,Perfume 100ml,Beauty,2619.57,0,42,110021.94,S03,South
2023-12-10,P403,Wall Clock,Home,8382.8,20,26,174362.24,S09,North
2023-12-10,P302,Sunflower Oil 1L,Grocery,240.95,0,84,20239.8,S02,South
2023-12-10,P306,Mixed Nuts 500g,Grocery,554.87,25,128,53267.52,S03,East
2023-12-10,P106,Bluetooth Speaker,Electronics,15119.57,40,19,172363.1,S06,South
2023-12-10,P503,Sunscreen SPF50,Beauty,477.36,15,51,20693.56,S01,South
2023-12-10,P104,Smart TV 43,Electronics,16915.97,40,28,284188.3,S10,North
2023-12-10,P205,Formal Blazer,Fashion,2408.59,0,26,62623.34,S07,East
2023-12-10,P503,Sunscreen SPF50,Beauty,2944.13,20,50,117765.2,S02,South
2023-12-10,P101,Smartphone X1,Electronics,79684.37,30,17,948244.0,S05,East
2023-12-10,P405,LED Desk Lamp,Home,1779.01,10,33,52836.6,S02,South
2023-12-11,P105,Tablet Z2,Electronics,31110.38,10,12,335992.1,S05,North
2023-12-11,P405,LED Desk Lamp,Home,12862.03,0,26,334412.78,S06,North
2023-12-11,P106,Bluetooth Speaker,Electronics,55248.81,0,9,497239.29,S10,West
2023-12-11,P505,Body Lotion,Beauty,2000.89,10,32,57625.63,S10,North
2023-12-11,P305,Green Tea Pack,Grocery,410.02,5,73,28434.89,S02,West
2023-12-11,P304,Organic Honey,Grocery,658.81,10,59,34982.81,S07,South
2023-12-11,P503,Sunscreen SPF50,Beauty,343.55,25,62,15975.08,S04,North
2023-12-11,P205,Formal Blazer,Fashion,1366.69,10,43,52890.9,S04,North
2023-12-12,P303,Whole Wheat Flour,Grocery,208.68,0,84,17529.12,S06,North
2023-12-12,P103,Wireless Earbuds,Electronics,27967.67,0,7,195773.69,S08,North
2023-12-12,P305,Green Tea Pack,Grocery,508.22,30,103,36642.66,S04,South
2023-12-12,P201,Men Casual Shirt,Fashion,4395.71,5,30,125277.73,S06,West
2023-12-12,P306,Mixed Nuts 500g,Grocery,729.26,0,67,48860.42,S07,West
2023-12-12,P406,Air Purifier,Home,1846.75,0,22,40628.5,S01,East
2023-12-12,P301,Basmati Rice 5kg,Grocery,172.28,5,122,19967.25,S06,West
2023-12-12,P202,Women Kurti,Fashion,4359.59,25,23,75202.93,S03,West
2023-12-12,P303,Whole Wheat Flour,Grocery,693.68,30,109,52927.78,S05,West
2023-12-12,P503,Sunscreen SPF50,Beauty,1022.32,10,28,25762.46,S10,North
2023-12-12,P505,Body Lotion,Beauty,2386.08,30,34,56788.7,S03,West
2023-12-12,P205,Formal Blazer,Fashion,4687.54,10,32,135001.15,S10,West
2023-12-12,P401,Stainless Steel Cookware,Home,14568.61,0,15,218529.15,S09,West
2023-12-12,P401,Stainless Steel Cookware,Home,4703.97,10,24,101605.75,S02,West
2023-12-12,P206,Summer Dress,Fashion,4806.1,0,30,144183.0,S02,South
2023-12-12,P203,Denim Jeans,Fashion,3776.09,0,24,90626.16,S03,West
2023-12-12,P206,Summer Dress,Fashion,1454.48,15,23,28435.08,S08,East
2023-12-12,P406,Air Purifier,Home,13436.04,30,26,244535.93,S05,South
2023-12-12,P105,Tablet Z2,Electronics,41840.81,15,16,569035.02,S09,West
2023-12-12,P101,Smartphone X1,Electronics,62473.73,40,20,749684.76,S01,North
2023-12-12,P201,Men Casual Shirt,Fashion,3779.0,0,29,109591.0,S05,North
2023-12-12,P406,Air Purifier,Home,793.91,5,14,10559.0,S07,East
2023-12-13,P102,Laptop Pro,Electronics,55126.24,40,24,793817.86,S01,South
2023-12-13,P205,Formal Blazer,Fashion,1394.49,10,30,37651.23,S07,North
2023-12-13,P504,Lipstick Set,Beauty,184.08,30,52,6700.51,S01,South
2023-12-13,P203,Denim Jeans,Fashion,4813.82,15,27,110477.17,S03,South
2023-12-13,P103,Wireless Earbuds,Electronics,72767.03,10,16,1047845.23,S01,West
2023-12-13,P104,Smart TV 43,Electronics,62227.32,15,16,846291.55,S01,North
2023-12-13,P105,Tablet Z2,Electronics,47898.33,0,8,383186.64,S09,South
2023-12-13,P202,Women Kurti,Fashion,2338.31,20,23,43024.9,S10,East
2023-12-13,P505,Body Lotion,Beauty,1355.26,40,52,42284.11,S10,North
2023-12-13,P501,Face Moisturizer,Beauty,2420.99,5,32,73598.1,S06,South
2023-12-13,P206,Summer Dress,Fashion,4743.49,0,29,137561.21,S01,East
2023-12-13,P405,LED Desk Lamp,Home,12359.45,10,24,266964.12,S06,West
2023-12-13,P202,Women Kurti,Fashion,750.81,40,32,14415.55,S03,South
2023-12-13,P503,Sunscreen SPF50,Beauty,1760.88,5,33,55203.59,S06,East
2023-12-13,P506,Perfume 100ml,Beauty,1078.56,5,40,40985.28,S07,West
2023-12-13,P504,Lipstick Set,Beauty,810.5,0,30,24315.0,S03,West
2023-12-13,P203,Denim Jeans,Fashion,2037.31,10,27,49506.63,S08,South
2023-12-13,P106,Bluetooth Speaker,Electronics,47645.88,0,6,285875.28,S05,East
2023-12-13,P104,Smart TV 43,Electronics,40411.54,20,17,549596.94,S06,North
2023-12-13,P403,Wall Clock,Home,13496.19,0,20,269923.8,S04,North
2023-12-14,P104,Smart TV 43,Electronics,76557.21,15,16,1041178.06,S05,North
2023-12-14,P406,Air Purifier,Home,10560.41,5,19,190615.4,S01,South
2023-12-14,P505,Body Lotion,Beauty,2248.23,5,33,70482.01,S05,West
2023-12-14,P103,Wireless Earbuds,Electronics,41735.85,10,14,525871.71,S01,West
2023-12-14,P206,Summer Dress,Fashion,2381.1,5,35,79171.57,S08,East
2023-12-14,P301,Basmati Rice 5kg,Grocery,474.74,10,53,22645.1,S03,South
2023-12-14,P205,Formal Blazer,Fashion,4856.31,5,25,115337.36,S05,East
2023-12-14,P303,Whole Wheat Flour,Grocery,80.01,40,116,5568.7,S10,West
2023-12-14,P403,Wall Clock,Home,12544.56,15,31,330549.16,S01,South
2023-12-14,P501,Face Moisturizer,Beauty,826.59,10,26,19342.21,S07,South
2023-12-14,P206,Summer Dress,Fashion,4612.97,25,39,134929.37,S02,West
2023-12-15,P201,Men Casual Shirt,Fashion,836.21,0,20,16724.2,S05,West
2023-12-15,P205,Formal Blazer,Fashion,4788.74,40,46,132169.22,S06,East
2023-12-15,P503,Sunscreen SPF50,Beauty,2771.65,0,24,66519.6,S07,South
2023-12-15,P502,Hair Serum,Beauty,2229.18,10,37,74231.69,S06,East
2023-12-15,P502,Hair Serum,Beauty,1096.65,30,43,33009.17,S10,North
2023-12-15,P102,Laptop Pro,Electronics,18162.1,5,16,276063.92,S01,North
2023-12-15,P105,Tablet Z2,Electronics,77978.33,20,17,1060505.29,S06,South
2023-12-15,P205,Formal Blazer,Fashion,2099.84,40,41,51656.06,S02,North
2023-12-15,P305,Green Tea Pack,Grocery,735.64,10,83,54952.31,S03,North
2023-12-15,P203,Denim Jeans,Fashion,3618.99,0,19,68760.81,S09,South
2023-12-15,P102,Laptop Pro,Electronics,49309.9,40,14,414203.16,S08,East
2023-12-15,P403,Wall Clock,Home,3281.22,0,22,72186.84,S10,South
2023-12-15,P403,Wall Clock,Home,4991.44,10,18,80861.33,S09,South
2023-12-15,P305,Green Tea Pack,Grocery,645.36,5,98,60083.02,S02,West
2023-12-16,P203,Denim Jeans,Fashion,1954.27,15,40,66445.18,S03,North
2023-12-16,P301,Basmati Rice 5kg,Grocery,365.77,0,104,38040.08,S02,West
2023-12-16,P301,Basmati Rice 5kg,Grocery,488.11,20,151,58963.69,S04,East
2023-12-16,P201,Men Casual Shirt,Fashion,2510.98,40,58,87382.1,S08,South
2023-12-16,P402,Cotton Bedsheet,Home,9676.89,0,28,270952.92,S06,West
2023-12-16,P401,Stainless Steel Cookware,Home,2926.25,10,27,71107.88,S07,South
2023-12-16,P401,Stainless Steel Cookware,Home,14880.79,10,24,321425.06,S07,East
2023-12-16,P401,Stainless Steel Cookware,Home,390.43,5,27,10014.53,S02,South
2023-12-16,P101,Smartphone X1,Electronics,43000.82,0,10,430008.2,S09,East
2023-12-16,P304,Organic Honey,Grocery,609.7,5,111,64292.87,S09,West
2023-12-16,P202,Women Kurti,Fashion,2551.25,10,37,84956.62,S08,South
2023-12-16,P106,Bluetooth Speaker,Electronics,22059.7,0,16,352955.2,S10,North
2023-12-16,P505,Body Lotion,Beauty,501.93,5,39,18596.51,S07,South
2023-12-16,P305,Green Tea Pack,Grocery,739.5,15,93,58457.47,S10,East
2023-12-16,P202,Women Kurti,Fashion,1809.72,20,41,59358.82,S01,East
2023-12-17,P202,Women Kurti,Fashion,3704.89,30,55,142638.26,S05,West
2023-12-17,P404,Wooden Bookshelf,Home,5359.19,10,21,101288.69,S05,East
2023-12-17,P506,Perfume 100ml,Beauty,2175.47,15,48,88759.18,S04,South
2023-12-17,P105,Tablet Z2,Electronics,57609.67,20,22,1013930.19,S01,South
2023-12-17,P401,Stainless Steel Cookware,Home,5963.0,15,35,177399.25,S03,East
2023-12-17,P203,Denim Jeans,Fashion,2429.33,15,37,76402.43,S08,South
2023-12-17,P405,LED Desk Lamp,Home,3601.24,10,21,68063.44,S10,North
2023-12-17,P504,Lipstick Set,Beauty,2943.36,10,33,87417.79,S08,West
2023-12-17,P104,Smart TV 43,Electronics,41652.32,10,21,787228.85,S02,South
2023-12-17,P301,Basmati Rice 5kg,Grocery,353.65,15,150,45090.38,S08,West
2023-12-17,P305,Green Tea Pack,Grocery,284.05,10,73,18662.09,S09,South
2023-12-17,P306,Mixed Nuts 500g,Grocery,121.42,20,105,10199.28,S08,East
2023-12-17,P506,Perfume 100ml,Beauty,2871.44,5,50,136393.4,S06,West
2023-12-17,P501,Face Moisturizer,Beauty,624.35,15,38,20166.5,S10,South
2023-12-17,P203,Denim Jeans,Fashion,3035.24,30,34,72238.71,S08,East
2023-12-17,P305,Green Tea Pack,Grocery,549.36,25,139,57270.78,S01,North
2023-12-17,P105,Tablet Z2,Electronics,26482.08,5,16,402527.62,S03,West
2023-12-17,P502,Hair Serum,Beauty,2312.27,5,58,127406.08,S04,North
2023-12-18,P206,Summer Dress,Fashion,919.06,10,22,18197.39,S07,North
2023-12-18,P502,Hair Serum,Beauty,2667.8,5,34,86169.94,S02,West
2023-12-18,P306,Mixed Nuts 500g,Grocery,540.56,15,91,41812.32,S08,East
2023-12-18,P206,Summer Dress,Fashion,2248.39,0,28,62954.92,S08,East
2023-12-18,P303,Whole Wheat Flour,Grocery,305.43,5,64,18570.14,S07,East
2023-12-18,P306,Mixed Nuts 500g,Grocery,626.44,10,93,52433.03,S04,East
2023-12-18,P302,Sunflower Oil 1L,Grocery,683.06,40,115,47131.14,S02,North
2023-12-18,P405,LED Desk Lamp,Home,2639.55,0,16,42232.8,S07,East
2023-12-18,P104,Smart TV 43,Electronics,7524.61,10,10,67721.49,S03,West
2023-12-18,P302,Sunflower Oil 1L,Grocery,207.9,40,109,13596.66,S08,West
2023-12-18,P102,Laptop Pro,Electronics,36846.62,25,15,414524.48,S08,West
2023-12-18,P303,Whole Wheat Flour,Grocery,163.83,40,154,15137.89,S06,West
2023-12-18,P504,Lipstick Set,Beauty,2783.9,40,64,106901.76,S04,South
2023-12-19,P406,Air Purifier,Home,10221.95,20,26,212616.56,S03,East
2023-12-19,P304,Organic Honey,Grocery,614.07,40,117,43107.71,S09,West
2023-12-19,P104,Smart TV 43,Electronics,56504.82,15,11,528320.07,S09,West
2023-12-19,P102,Laptop Pro,Electronics,53377.95,0,10,533779.5,S08,East
2023-12-19,P205,Formal Blazer,Fashion,2759.69,10,18,44706.98,S09,East
2023-12-19,P405,LED Desk Lamp,Home,12199.37,30,31,264726.33,S10,West
2023-12-19,P405,LED Desk Lamp,Home,6242.24,5,31,183833.97,S06,West
2023-12-19,P205,Formal Blazer,Fashion,2396.27,10,28,60386.0,S03,West
2023-12-19,P502,Hair Serum,Beauty,1432.84,10,36,46424.02,S08,West
2023-12-19,P404,Wooden Bookshelf,Home,10380.42,30,19,138059.59,S02,South
2023-12-19,P204,Sports Shoes,Fashion,1056.49,5,18,18065.98,S09,South
2023-12-19,P206,Summer Dress,Fashion,2424.89,5,28,64502.07,S10,West
2023-12-19,P101,Smartphone X1,Electronics,79166.23,5,9,676871.27,S10,South
2023-12-19,P305,Green Tea Pack,Grocery,255.9,40,102,15661.08,S03,West
2023-12-19,P401,Stainless Steel Cookware,Home,1490.41,25,30,33534.23,S01,East
2023-12-19,P502,Hair Serum,Beauty,839.34,30,43,25264.13,S05,North
2023-12-19,P505,Body Lotion,Beauty,1458.38,5,41,56803.9,S10,West
2023-12-20,P303,Whole Wheat Flour,Grocery,148.42,15,86,10849.5,S05,West
2023-12-20,P203,Denim Jeans,Fashion,4789.97,0,28,134119.16,S01,East
2023-12-20,P505,Body Lotion,Beauty,2768.49,30,38,73641.83,S02,West
2023-12-20,P305,Green Tea Pack,Grocery,391.51,10,54,19027.39,S09,West
2023-12-20,P206,Summer Dress,Fashion,2015.71,20,28,45151.9,S10,South
2023-12-20,P405,LED Desk Lamp,Home,10459.78,40,34,213379.51,S07,West
2023-12-20,P205,Formal Blazer,Fashion,1622.81,0,22,35701.82,S01,East
2023-12-20,P505,Body Lotion,Beauty,2095.41,30,35,51337.54,S05,East
2023-12-20,P506,Perfume 100ml,Beauty,728.54,20,47,27393.1,S01,North
2023-12-20,P206,Summer Dress,Fashion,927.03,10,25,20858.17,S02,East
2023-12-20,P401,Stainless Steel Cookware,Home,13471.1,0,20,269422.0,S02,West
2023-12-20,P103,Wireless Earbuds,Electronics,49676.75,5,9,424736.21,S04,East
2023-12-21,P505,Body Lotion,Beauty,2018.43,0,23,46423.89,S06,East
2023-12-21,P402,Cotton Bedsheet,Home,5860.37,0,21,123067.77,S10,South
2023-12-21,P306,Mixed Nuts 500g,Grocery,616.82,30,98,42313.85,S06,East
2023-12-21,P201,Men Casual Shirt,Fashion,3137.35,0,17,53334.95,S02,East
2023-12-21,P105,Tablet Z2,Electronics,33307.27,5,14,442986.69,S04,North
2023-12-21,P305,Green Tea Pack,Grocery,358.74,0,64,22959.36,S09,South
2023-12-21,P405,LED Desk Lamp,Home,544.92,0,20,10898.4,S06,East
2023-12-21,P406,Air Purifier,Home,3367.0,20,21,56565.6,S05,West
2023-12-21,P303,Whole Wheat Flour,Grocery,108.56,0,43,4668.08,S07,East
2023-12-21,P501,Face Moisturizer,Beauty,2109.99,0,25,52749.75,S09,South
2023-12-21,P402,Cotton Bedsheet,Home,7668.58,40,25,115028.7,S07,West
2023-12-22,P405,LED Desk Lamp,Home,2544.15,40,33,50374.17,S10,North
2023-12-22,P406,Air Purifier,Home,14443.96,0,19,274435.24,S09,West
2023-12-22,P505,Body Lotion,Beauty,2354.24,0,33,77689.92,S04,West
2023-12-22,P103,Wireless Earbuds,Electronics,5759.42,5,13,71128.84,S02,West
2023-12-22,P202,Women Kurti,Fashion,407.35,0,22,8961.7,S10,North
2023-12-22,P302,Sunflower Oil 1L,Grocery,118.07,5,90,10094.98,S06,East
2023-12-22,P402,Cotton Bedsheet,Home,5707.23,10,24,123276.17,S10,West
2023-12-22,P505,Body Lotion,Beauty,1192.46,10,47,50441.06,S06,West
2023-12-22,P406,Air Purifier,Home,2587.73,40,35,54342.33,S07,North
2023-12-22,P402,Cotton Bedsheet,Home,5266.4,10,20,94795.2,S09,North
2023-12-22,P405,LED Desk Lamp,Home,13410.05,0,16,214560.8,S04,West
2023-12-22,P101,Smartphone X1,Electronics,9106.43,10,13,106545.23,S01,South
2023-12-23,P506,Perfume 100ml,Beauty,2119.72,30,65,96447.26,S08,East
2023-12-23,P501,Face Moisturizer,Beauty,712.38,5,41,27747.2,S04,West
2023-12-23,P305,Green Tea Pack,Grocery,564.56,30,147,58093.22,S08,South
2023-12-23,P103,Wireless Earbuds,Electronics,6640.98,10,17,101606.99,S10,West
2023-12-23,P102,Laptop Pro,Electronics,3217.58,5,13,39737.11,S05,East
2023-12-23,P302,Sunflower Oil 1L,Grocery,530.26,5,105,52893.43,S02,West
2023-12-23,P201,Men Casual Shirt,Fashion,1240.32,0,36,44651.52,S01,West
2023-12-23,P206,Summer Dress,Fashion,1863.32,15,29,45930.84,S03,South
2023-12-23,P106,Bluetooth Speaker,Electronics,20569.14,40,30,370244.52,S06,South
2023-12-23,P103,Wireless Earbuds,Electronics,53337.03,5,14,709382.5,S06,South
2023-12-23,P205,Formal Blazer,Fashion,4189.42,10,22,82950.52,S06,South
2023-12-23,P504,Lipstick Set,Beauty,1659.89,10,38,56768.24,S09,West
2023-12-23,P206,Summer Dress,Fashion,4799.05,25,47,169166.51,S07,North
2023-12-23,P203,Denim Jeans,Fashion,1882.39,25,34,48000.94,S07,East
2023-12-23,P404,Wooden Bookshelf,Home,7456.92,10,22,147647.02,S04,East
2023-12-23,P202,Women Kurti,Fashion,2040.21,10,42,77119.94,S10,North
2023-12-23,P102,Laptop Pro,Electronics,22334.69,10,14,281417.09,S09,South
2023-12-24,P306,Mixed Nuts 500g,Grocery,127.1,5,122,14730.89,S03,South
2023-12-24,P205,Formal Blazer,Fashion,3297.17,40,39,77153.78,S09,East
2023-12-24,P404,Wooden Bookshelf,Home,8533.0,15,25,181326.25,S05,East
2023-12-24,P405,LED Desk Lamp,Home,7309.3,20,37,216355.28,S08,North
2023-12-24,P506,Perfume 100ml,Beauty,2987.68,0,41,122494.88,S10,South
2023-12-24,P103,Wireless Earbuds,Electronics,12436.47,0,14,174110.58,S07,South
2023-12-24,P401,Stainless Steel Cookware,Home,6261.92,10,25,140893.2,S02,East
2023-12-24,P502,Hair Serum,Beauty,620.67,5,35,20637.28,S02,West
2023-12-24,P201,Men Casual Shirt,Fashion,828.33,15,35,24642.82,S07,North
2023-12-24,P503,Sunscreen SPF50,Beauty,869.49,15,18,13303.2,S02,East
2023-12-24,P504,Lipstick Set,Beauty,551.05,5,43,22510.39,S04,West
2023-12-24,P503,Sunscreen SPF50,Beauty,2299.42,5,34,74271.27,S07,East
2023-12-24,P105,Tablet Z2,Electronics,63465.78,15,21,1132864.17,S06,South
2023-12-25,P206,Summer Dress,Fashion,1563.72,5,29,43080.49,S10,North
2023-12-25,P101,Smartphone X1,Electronics,28039.86,0,13,364518.18,S04,East
2023-12-25,P306,Mixed Nuts 500g,Grocery,496.28,0,86,42680.08,S07,South
2023-12-25,P302,Sunflower Oil 1L,Grocery,292.99,15,60,14942.49,S09,North
2023-12-25,P502,Hair Serum,Beauty,2790.85,5,33,87493.15,S06,North
2023-12-25,P501,Face Moisturizer,Beauty,363.18,10,22,7190.96,S02,South
2023-12-25,P203,Denim Jeans,Fashion,889.53,0,29,25796.37,S01,West
2023-12-25,P303,Whole Wheat Flour,Grocery,382.77,15,119,38717.19,S08,South
2023-12-25,P503,Sunscreen SPF50,Beauty,655.15,15,30,16706.33,S07,East
2023-12-25,P201,Men Casual Shirt,Fashion,3557.02,25,35,93371.77,S05,East
2023-12-26,P203,Denim Jeans,Fashion,1790.32,15,36,54783.79,S02,North
2023-12-26,P403,Wall Clock,Home,7773.69,15,27,178406.19,S08,South
2023-12-26,P301,Basmati Rice 5kg,Grocery,487.22,25,77,28136.96,S10,North
2023-12-26,P404,Wooden Bookshelf,Home,11565.53,25,21,182157.1,S03,East
2023-12-26,P106,Bluetooth Speaker,Electronics,19729.77,30,9,124297.55,S03,East
2023-12-26,P502,Hair Serum,Beauty,1248.41,5,38,45067.6,S01,North
2023-12-26,P506,Perfume 100ml,Beauty,1504.83,0,24,36115.92,S07,East
2023-12-26,P106,Bluetooth Speaker,Electronics,20300.52,5,17,327853.4,S04,South
2023-12-27,P505,Body Lotion,Beauty,2095.0,30,34,49861.0,S09,South
2023-12-27,P504,Lipstick Set,Beauty,130.65,10,36,4233.06,S08,North
2023-12-27,P206,Summer Dress,Fashion,1254.17,25,41,38565.73,S04,East
2023-12-27,P202,Women Kurti,Fashion,1165.02,20,28,26096.45,S09,West
2023-12-27,P306,Mixed Nuts 500g,Grocery,527.58,0,79,41678.82,S08,West
2023-12-27,P504,Lipstick Set,Beauty,955.37,25,42,30094.15,S04,West
2023-12-27,P104,Smart TV 43,Electronics,66633.48,20,15,799601.76,S01,East
2023-12-27,P201,Men Casual Shirt,Fashion,1486.16,5,27,38120.0,S03,South
2023-12-28,P205,Formal Blazer,Fashion,3245.17,20,48,124614.53,S01,North
2023-12-28,P405,LED Desk Lamp,Home,9490.12,30,32,212578.69,S01,East
2023-12-28,P301,Basmati Rice 5kg,Grocery,380.13,30,120,31930.92,S04,North
2023-12-28,P304,Organic Honey,Grocery,157.53,10,51,7230.63,S02,South
2023-12-28,P504,Lipstick Set,Beauty,1390.26,25,48,50049.36,S08,East
2023-12-28,P501,Face Moisturizer,Beauty,1263.2,0,31,39159.2,S05,South
2023-12-28,P306,Mixed Nuts 500g,Grocery,134.57,30,138,12999.46,S06,West
2023-12-28,P101,Smartphone X1,Electronics,49409.78,0,15,741146.7,S06,West
2023-12-28,P502,Hair Serum,Beauty,1441.49,0,27,38920.23,S07,North
2023-12-29,P104,Smart TV 43,Electronics,55357.27,30,18,697501.6,S07,North
2023-12-29,P406,Air Purifier,Home,9086.07,10,18,147194.33,S01,East
2023-12-29,P404,Wooden Bookshelf,Home,3616.84,0,20,72336.8,S01,North
2023-12-29,P505,Body Lotion,Beauty,1609.7,25,25,30181.88,S03,East
2023-12-29,P106,Bluetooth Speaker,Electronics,64493.3,0,11,709426.3,S09,North
2023-12-29,P104,Smart TV 43,Electronics,3461.84,0,12,41542.08,S01,West
2023-12-29,P501,Face Moisturizer,Beauty,2604.78,0,24,62514.72,S10,East
2023-12-29,P503,Sunscreen SPF50,Beauty,1780.16,25,51,68091.12,S01,West
2023-12-29,P505,Body Lotion,Beauty,2420.75,10,40,87147.0,S03,North
2023-12-29,P105,Tablet Z2,Electronics,73892.66,0,12,886711.92,S06,West
2023-12-29,P401,Stainless Steel Cookware,Home,6142.1,40,24,88446.24,S09,South
2023-12-29,P505,Body Lotion,Beauty,1618.06,10,25,36406.35,S07,East
2023-12-30,P401,Stainless Steel Cookware,Home,8258.45,20,32,211416.32,S05,South
2023-12-30,P502,Hair Serum,Beauty,697.82,0,43,30006.26,S04,South
2023-12-30,P102,Laptop Pro,Electronics,67064.26,10,16,965725.34,S08,North
2023-12-30,P504,Lipstick Set,Beauty,2975.94,10,57,152665.72,S01,West
2023-12-30,P501,Face Moisturizer,Beauty,2503.15,10,26,58573.71,S05,East
2023-12-30,P303,Whole Wheat Flour,Grocery,370.81,10,109,36376.46,S10,West
2023-12-30,P105,Tablet Z2,Electronics,69924.17,10,23,1447430.32,S06,South
2023-12-30,P404,Wooden Bookshelf,Home,2951.67,0,25,73791.75,S10,West
2023-12-31,P203,Denim Jeans,Fashion,806.27,30,64,36120.9,S01,West
2023-12-31,P201,Men Casual Shirt,Fashion,607.82,15,33,17049.35,S09,South
2023-12-31,P201,Men Casual Shirt,Fashion,1676.08,20,57,76429.25,S06,West
2023-12-31,P502,Hair Serum,Beauty,2974.69,5,44,124342.04,S08,West
2023-12-31,P206,Summer Dress,Fashion,2214.25,40,40,53142.0,S02,East
2023-12-31,P406,Air Purifier,Home,4529.55,10,32,130451.04,S08,South
2023-12-31,P201,Men Casual Shirt,Fashion,3476.32,30,47,114370.93,S02,North
2023-12-31,P103,Wireless Earbuds,Electronics,4337.6,10,19,74172.96,S10,North
2023-12-31,P506,Perfume 100ml,Beauty,651.91,25,75,36669.94,S10,West
2023-12-31,P402,Cotton Bedsheet,Home,14708.1,30,52,535374.84,S01,North
2023-12-31,P202,Women Kurti,Fashion,4481.24,5,37,157515.59,S05,East
2023-12-31,P405,LED Desk Lamp,Home,4942.93,20,40,158173.76,S10,North
2023-12-31,P106,Bluetooth Speaker,Electronics,65358.97,10,18,1058815.31,S02,West
2023-12-31,P503,Sunscreen SPF50,Beauty,813.76,25,52,31736.64,S08,East
2023-12-31,P205,Formal Blazer,Fashion,322.31,5,37,11329.2,S10,East
2023-12-31,P302,Sunflower Oil 1L,Grocery,290.55,0,112,32541.6,S01,North
2023-12-31,P303,Whole Wheat Flour,Grocery,396.96,10,125,44658.0,S01,West
2023-12-31,P505,Body Lotion,Beauty,2948.31,15,30,75181.9,S03,East
2024-01-01,P506,Perfume 100ml,Beauty,1224.18,5,18,20933.48,S08,East
2024-01-01,P101,Smartphone X1,Electronics,20934.05,15,8,142351.54,S02,West
2024-01-01,P303,Whole Wheat Flour,Grocery,325.74,30,80,18241.44,S03,North
2024-01-01,P203,Denim Jeans,Fashion,2266.13,30,15,23794.37,S03,South
2024-01-01,P305,Green Tea Pack,Grocery,259.49,5,58,14297.9,S07,West
2024-01-01,P305,Green Tea Pack,Grocery,652.98,5,76,47145.16,S08,North
2024-01-01,P401,Stainless Steel Cookware,Home,5519.41,40,39,129154.19,S04,West
2024-01-01,P104,Smart TV 43,Electronics,68648.68,0,5,343243.4,S07,East
2024-01-01,P204,Sports Shoes,Fashion,3966.98,5,17,64066.73,S05,East
2024-01-02,P403,Wall Clock,Home,8312.45,5,24,189523.86,S03,North
2024-01-02,P206,Summer Dress,Fashion,1962.29,20,26,40815.63,S04,North
2024-01-02,P305,Green Tea Pack,Grocery,160.56,5,51,7779.13,S09,South
2024-01-02,P305,Green Tea Pack,Grocery,182.6,0,49,8947.4,S07,East
2024-01-02,P401,Stainless Steel Cookware,Home,5278.91,10,14,66514.27,S10,East
2024-01-02,P101,Smartphone X1,Electronics,72657.72,10,8,523135.58,S03,East
2024-01-02,P202,Women Kurti,Fashion,810.95,20,33,21409.08,S06,West
2024-01-02,P103,Wireless Earbuds,Electronics,37067.09,10,8,266883.05,S05,North
2024-01-02,P104,Smart TV 43,Electronics,37934.02,0,10,379340.2,S02,North
2024-01-02,P503,Sunscreen SPF50,Beauty,421.63,5,36,14419.75,S01,North
2024-01-02,P102,Laptop Pro,Electronics,15446.52,30,8,86500.51,S09,West
2024-01-02,P403,Wall Clock,Home,6720.88,25,24,120975.84,S02,West
2024-01-02,P406,Air Purifier,Home,12520.25,40,32,240388.8,S08,East
2024-01-03,P306,Mixed Nuts 500g,Grocery,725.17,25,80,43510.2,S03,South
2024-01-03,P206,Summer Dress,Fashion,2052.77,5,22,42902.89,S02,South
2024-01-03,P201,Men Casual Shirt,Fashion,489.2,10,23,10126.44,S04,East
2024-01-03,P503,Sunscreen SPF50,Beauty,1048.91,10,32,30208.61,S10,West
2024-01-03,P404,Wooden Bookshelf,Home,9858.76,0,14,138022.64,S06,North
2024-01-03,P202,Women Kurti,Fashion,3308.17,0,19,62855.23,S02,East
2024-01-03,P103,Wireless Earbuds,Electronics,49991.36,40,17,509911.87,S01,West
2024-01-03,P503,Sunscreen SPF50,Beauty,951.97,15,25,20229.36,S03,South
2024-01-03,P406,Air Purifier,Home,11938.92,20,15,143267.04,S05,West
2024-01-03,P405,LED Desk Lamp,Home,13707.62,20,24,263186.3,S08,East
2024-01-04,P301,Basmati Rice 5kg,Grocery,254.88,0,68,17331.84,S01,East
2024-01-04,P304,Organic Honey,Grocery,688.43,0,72,49566.96,S02,North
2024-01-04,P402,Cotton Bedsheet,Home,12931.78,25,24,232772.04,S05,North
2024-01-04,P504,Lipstick Set,Beauty,2979.16,10,26,69712.34,S07,West
2024-01-04,P303,Whole Wheat Flour,Grocery,431.69,20,70,24174.64,S03,East
2024-01-05,P306,Mixed Nuts 500g,Grocery,297.37,20,63,14987.45,S08,West
2024-01-05,P301,Basmati Rice 5kg,Grocery,538.35,5,86,43983.19,S05,North
2024-01-05,P201,Men Casual Shirt,Fashion,3962.74,0,15,59441.1,S10,East
2024-01-05,P101,Smartphone X1,Electronics,15889.29,20,10,127114.32,S10,South
2024-01-05,P404,Wooden Bookshelf,Home,14634.51,10,27,355618.59,S10,North
2024-01-05,P302,Sunflower Oil 1L,Grocery,331.76,10,61,18213.62,S03,North
2024-01-05,P404,Wooden Bookshelf,Home,10347.06,25,22,170726.49,S10,East
2024-01-05,P403,Wall Clock,Home,2199.69,5,20,41794.11,S02,South
2024-01-05,P105,Tablet Z2,Electronics,28643.44,20,8,183318.02,S05,East
2024-01-05,P404,Wooden Bookshelf,Home,12308.95,0,17,209252.15,S10,North
2024-01-05,P505,Body Lotion,Beauty,2430.62,20,38,73890.85,S06,West
2024-01-05,P106,Bluetooth Speaker,Electronics,54849.4,5,10,521069.3,S04,North
2024-01-05,P506,Perfume 100ml,Beauty,1875.53,25,38,53452.6,S01,East
2024-01-06,P403,Wall Clock,Home,5865.17,0,20,117303.4,S01,East
2024-01-06,P302,Sunflower Oil 1L,Grocery,621.82,25,149,69488.39,S07,North
2024-01-06,P104,Smart TV 43,Electronics,16916.67,15,13,186929.2,S10,West
2024-01-06,P401,Stainless Steel Cookware,Home,12536.51,0,24,300876.24,S02,West
2024-01-06,P504,Lipstick Set,Beauty,859.0,30,69,41489.7,S06,South
2024-01-06,P505,Body Lotion,Beauty,790.93,5,28,21038.74,S10,East
2024-01-06,P503,Sunscreen SPF50,Beauty,1101.55,15,55,51497.46,S01,South
2024-01-06,P504,Lipstick Set,Beauty,1245.67,30,35,30518.92,S03,East
2024-01-06,P301,Basmati Rice 5kg,Grocery,439.78,10,84,33247.37,S08,East
2024-01-06,P403,Wall Clock,Home,9154.18,25,31,212834.68,S04,South
2024-01-06,P103,Wireless Earbuds,Electronics,39778.94,5,11,415689.92,S06,West
2024-01-06,P503,Sunscreen SPF50,Beauty,1275.03,25,43,41119.72,S09,South
2024-01-06,P503,Sunscreen SPF50,Beauty,178.93,0,40,7157.2,S06,South
2024-01-06,P304,Organic Honey,Grocery,467.45,5,95,42187.36,S01,West
2024-01-06,P203,Denim Jeans,Fashion,468.81,5,23,10243.5,S05,South
2024-01-06,P103,Wireless Earbuds,Electronics,73341.57,30,11,564730.09,S09,North
2024-01-06,P403,Wall Clock,Home,11262.37,5,29,310278.29,S01,East
2024-01-07,P106,Bluetooth Speaker,Electronics,23129.82,5,10,219733.29,S05,South
2024-01-07,P501,Face Moisturizer,Beauty,2219.39,15,38,71686.3,S09,South
2024-01-07,P105,Tablet Z2,Electronics,66218.56,0,8,529748.48,S10,East
2024-01-07,P104,Smart TV 43,Electronics,45445.52,0,8,363564.16,S08,East
2024-01-07,P301,Basmati Rice 5kg,Grocery,646.22,25,119,57675.14,S08,West
2024-01-07,P302,Sunflower Oil 1L,Grocery,708.51,0,76,53846.76,S01,South
2024-01-07,P106,Bluetooth Speaker,Electronics,18141.34,30,22,279376.64,S06,North
2024-01-07,P202,Women Kurti,Fashion,3767.79,5,1,3579.4,S02,South
2024-01-07,P101,Smartphone X1,Electronics,45265.95,0,12,543191.4,S06,North
2024-01-08,P303,Whole Wheat Flour,Grocery,768.75,5,51,37245.94,S02,South
2024-01-08,P104,Smart TV 43,Electronics,10730.72,40,11,70822.75,S03,South
2024-01-08,P304,Organic Honey,Grocery,725.04,5,80,55103.04,S06,East
2024-01-08,P103,Wireless Earbuds,Electronics,16087.59,15,12,164093.42,S10,West
2024-01-08,P205,Formal Blazer,Fashion,4044.05,0,19,76836.95,S07,North
2024-01-08,P306,Mixed Nuts 500g,Grocery,63.65,10,99,5671.21,S04,North
2024-01-08,P102,Laptop Pro,Electronics,8692.1,0,6,52152.6,S03,West
2024-01-08,P506,Perfume 100ml,Beauty,1483.23,0,22,32631.06,S09,West
2024-01-08,P303,Whole Wheat Flour,Grocery,592.48,5,49,27579.94,S07,South
2024-01-08,P101,Smartphone X1,Electronics,8395.81,25,11,69265.43,S02,North
2024-01-09,P106,Bluetooth Speaker,Electronics,18070.58,15,10,153599.93,S02,North
2024-01-09,P102,Laptop Pro,Electronics,9205.39,40,11,60755.57,S02,South
2024-01-09,P205,Formal Blazer,Fashion,378.48,10,19,6472.01,S04,South
2024-01-09,P403,Wall Clock,Home,6326.19,20,21,106279.99,S07,West
2024-01-09,P502,Hair Serum,Beauty,1589.63,10,28,40058.68,S07,North
2024-01-09,P502,Hair Serum,Beauty,2778.68,25,41,85444.41,S07,North
2024-01-09,P203,Denim Jeans,Fashion,3573.63,25,19,50924.23,S02,East
2024-01-09,P301,Basmati Rice 5kg,Grocery,369.34,0,66,24376.44,S02,East
2024-01-09,P504,Lipstick Set,Beauty,2167.45,5,25,51476.94,S05,West
2024-01-09,P104,Smart TV 43,Electronics,8579.5,0,7,60056.5,S09,South
2024-01-10,P405,LED Desk Lamp,Home,14031.2,0,18,252561.6,S09,West
2024-01-10,P104,Smart TV 43,Electronics,56193.4,10,6,303444.36,S10,West
2024-01-10,P106,Bluetooth Speaker,Electronics,48287.22,20,10,386297.76,S05,North
2024-01-10,P505,Body Lotion,Beauty,845.21,15,26,18679.14,S05,South
2024-01-10,P104,Smart TV 43,Electronics,8530.89,25,11,70379.84,S02,West
2024-01-10,P502,Hair Serum,Beauty,796.27,0,22,17517.94,S02,South
2024-01-10,P402,Cotton Bedsheet,Home,2181.44,20,22,38393.34,S10,East
2024-01-10,P405,LED Desk Lamp,Home,3967.52,5,24,90459.46,S06,West
2024-01-10,P101,Smartphone X1,Electronics,59393.44,15,10,504844.24,S02,East
2024-01-10,P305,Green Tea Pack,Grocery,774.0,10,77,53638.2,S04,North
2024-01-10,P103,Wireless Earbuds,Electronics,19543.2,5,6,111396.24,S09,South
2024-01-11,P403,Wall Clock,Home,12725.86,5,17,205522.64,S03,South
2024-01-11,P405,LED Desk Lamp,Home,5858.87,10,19,100186.68,S06,South
2024-01-11,P401,Stainless Steel Cookware,Home,9092.23,30,28,178207.71,S04,South
2024-01-11,P506,Perfume 100ml,Beauty,934.95,0,15,14024.25,S03,East
2024-01-11,P102,Laptop Pro,Electronics,7991.24,25,13,77914.59,S01,West
2024-01-11,P403,Wall Clock,Home,10532.41,5,23,230133.16,S01,South
2024-01-11,P304,Organic Honey,Grocery,503.82,30,75,26450.55,S10,North
2024-01-11,P401,Stainless Steel Cookware,Home,13052.8,0,21,274108.8,S03,North
2024-01-11,P403,Wall Clock,Home,14415.7,0,17,245066.9,S05,South
2024-01-11,P303,Whole Wheat Flour,Grocery,692.24,0,95,65762.8,S01,West
2024-01-11,P504,Lipstick Set,Beauty,483.79,10,24,10449.86,S07,East
2024-01-11,P403,Wall Clock,Home,8656.37,30,37,224199.98,S01,West
2024-01-11,P206,Summer Dress,Fashion,800.07,30,29,16241.42,S01,South
2024-01-11,P306,Mixed Nuts 500g,Grocery,155.87,30,115,12547.53,S01,North
2024-01-11,P105,Tablet Z2,Electronics,68333.85,10,8,492003.72,S07,South
2024-01-12,P105,Tablet Z2,Electronics,42927.27,0,7,300490.89,S05,South
2024-01-12,P304,Organic Honey,Grocery,119.31,15,65,6591.88,S03,North
2024-01-12,P306,Mixed Nuts 500g,Grocery,705.28,40,101,42739.97,S01,South
2024-01-12,P502,Hair Serum,Beauty,1689.88,5,27,43345.42,S07,West
2024-01-12,P101,Smartphone X1,Electronics,11520.02,30,12,96768.17,S02,North
2024-01-12,P505,Body Lotion,Beauty,1045.51,30,38,27810.57,S03,South
2024-01-12,P101,Smartphone X1,Electronics,73771.18,5,7,490578.35,S04,North
2024-01-12,P306,Mixed Nuts 500g,Grocery,662.36,40,76,30203.62,S02,East
2024-01-12,P506,Perfume 100ml,Beauty,154.07,5,23,3366.43,S07,East
2024-01-12,P301,Basmati Rice 5kg,Grocery,336.93,5,62,19845.18,S10,West
2024-01-12,P403,Wall Clock,Home,565.83,15,14,6733.38,S05,West
2024-01-13,P301,Basmati Rice 5kg,Grocery,676.42,40,190,77111.88,S10,North
2024-01-13,P404,Wooden Bookshelf,Home,2975.33,0,27,80333.91,S05,West
2024-01-13,P206,Summer Dress,Fashion,379.04,15,26,8376.78,S05,East
2024-01-13,P205,Formal Blazer,Fashion,3955.62,0,28,110757.36,S10,North
2024-01-13,P305,Green Tea Pack,Grocery,779.9,5,95,70385.97,S03,North
2024-01-13,P203,Denim Jeans,Fashion,3776.01,5,24,86093.03,S10,East
2024-01-13,P105,Tablet Z2,Electronics,68418.12,25,14,718390.26,S02,East
2024-01-14,P305,Green Tea Pack,Grocery,245.65,5,73,17035.83,S04,West
2024-01-14,P504,Lipstick Set,Beauty,1396.53,10,36,45247.57,S02,North
2024-01-14,P202,Women Kurti,Fashion,1274.24,10,40,45872.64,S08,North
2024-01-14,P105,Tablet Z2,Electronics,37210.58,30,15,390711.09,S06,West
2024-01-14,P506,Perfume 100ml,Beauty,1981.94,0,25,49548.5,S04,South
2024-01-14,P105,Tablet Z2,Electronics,74172.86,25,14,778815.03,S01,East
2024-01-14,P103,Wireless Earbuds,Electronics,63240.91,10,9,512251.37,S05,South
2024-01-15,P104,Smart TV 43,Electronics,54554.39,0,9,490989.51,S06,West
2024-01-15,P203,Denim Jeans,Fashion,2628.92,10,23,54418.64,S03,West
2024-01-15,P502,Hair Serum,Beauty,2583.27,5,39,95710.15,S01,North
2024-01-15,P106,Bluetooth Speaker,Electronics,32016.74,5,5,152079.52,S07,South
2024-01-15,P102,Laptop Pro,Electronics,70233.45,10,8,505680.84,S06,South
2024-01-15,P203,Denim Jeans,Fashion,2694.05,20,17,36639.08,S10,West
2024-01-15,P305,Green Tea Pack,Grocery,695.26,5,81,53500.26,S05,West
2024-01-15,P406,Air Purifier,Home,11241.53,5,13,138832.9,S07,East
2024-01-15,P303,Whole Wheat Flour,Grocery,88.29,10,82,6515.8,S06,East
2024-01-15,P503,Sunscreen SPF50,Beauty,2599.81,20,24,49916.35,S02,East
2024-01-15,P504,Lipstick Set,Beauty,770.67,0,22,16954.74,S10,East
2024-01-15,P404,Wooden Bookshelf,Home,14536.94,0,22,319812.68,S10,North
2024-01-15,P201,Men Casual Shirt,Fashion,545.96,40,28,9172.13,S08,West
2024-01-15,P206,Summer Dress,Fashion,1931.35,5,20,36695.65,S06,East
2024-01-16,P203,Denim Jeans,Fashion,1986.42,0,19,37741.98,S04,North
2024-01-16,P102,Laptop Pro,Electronics,24831.18,15,9,189958.53,S03,South
2024-01-16,P501,Face Moisturizer,Beauty,140.0,0,19,2660.0,S07,South
2024-01-16,P302,Sunflower Oil 1L,Grocery,259.62,20,69,14331.02,S10,North
2024-01-16,P301,Basmati Rice 5kg,Grocery,681.74,25,78,39881.79,S02,West
2024-01-16,P203,Denim Jeans,Fashion,3719.94,10,33,110482.22,S06,West
2024-01-16,P401,Stainless Steel Cookware,Home,9061.52,25,27,183495.78,S03,South
2024-01-16,P205,Formal Blazer,Fashion,3320.29,5,21,66239.79,S02,East
2024-01-16,P103,Wireless Earbuds,Electronics,47015.71,5,8,357319.4,S05,West
2024-01-17,P304,Organic Honey,Grocery,184.92,0,48,8876.16,S05,West
2024-01-17,P204,Sports Shoes,Fashion,859.97,15,20,14619.49,S02,East
2024-01-17,P205,Formal Blazer,Fashion,3449.06,10,22,68291.39,S01,East
2024-01-17,P301,Basmati Rice 5kg,Grocery,628.68,20,72,36211.97,S02,West
2024-01-17,P304,Organic Honey,Grocery,696.51,0,69,48059.19,S01,East
2024-01-17,P102,Laptop Pro,Electronics,31789.21,40,14,267029.36,S10,North
2024-01-17,P304,Organic Honey,Grocery,402.62,20,95,30599.12,S08,North
2024-01-17,P402,Cotton Bedsheet,Home,2623.71,15,21,46833.22,S03,North
2024-01-17,P504,Lipstick Set,Beauty,101.23,40,48,2915.42,S08,West
2024-01-17,P105,Tablet Z2,Electronics,73559.43,0,6,441356.58,S10,East
2024-01-17,P105,Tablet Z2,Electronics,43928.44,25,8,263570.64,S06,East
2024-01-18,P203,Denim Jeans,Fashion,3645.69,20,19,55414.49,S07,South
2024-01-18,P104,Smart TV 43,Electronics,63331.49,20,10,506651.92,S02,North
2024-01-18,P503,Sunscreen SPF50,Beauty,530.24,0,31,16437.44,S04,South
2024-01-18,P103,Wireless Earbuds,Electronics,3397.46,0,6,20384.76,S09,South
2024-01-18,P202,Women Kurti,Fashion,2744.3,20,162,355661.28,S03,East
2024-01-18,P103,Wireless Earbuds,Electronics,60524.29,5,7,402486.53,S08,South
2024-01-18,P504,Lipstick Set,Beauty,735.31,10,22,14559.14,S09,West
2024-01-18,P506,Perfume 100ml,Beauty,1473.9,25,41,45322.43,S08,West
2024-01-18,P505,Body Lotion,Beauty,1749.43,30,40,48984.04,S01,East
2024-01-18,P405,LED Desk Lamp,Home,6480.34,25,27,131226.89,S01,East
2024-01-18,P403,Wall Clock,Home,7226.72,20,23,132971.65,S06,East
2024-01-18,P506,Perfume 100ml,Beauty,2745.1,10,31,76588.29,S04,South
2024-01-18,P303,Whole Wheat Flour,Grocery,342.15,10,74,22787.19,S02,North
2024-01-18,P301,Basmati Rice 5kg,Grocery,504.66,25,110,41634.45,S06,North
2024-01-18,P503,Sunscreen SPF50,Beauty,1095.75,25,44,36159.75,S04,West
2024-01-18,P501,Face Moisturizer,Beauty,2196.95,20,48,84362.88,S01,North
2024-01-18,P502,Hair Serum,Beauty,345.78,0,33,11410.74,S08,West
2024-01-18,P405,LED Desk Lamp,Home,3869.0,0,22,85118.0,S08,North
2024-01-18,P203,Denim Jeans,Fashion,3762.2,0,22,82768.4,S03,West
2024-01-18,P203,Denim Jeans,Fashion,2812.21,0,15,42183.15,S07,East
2024-01-19,P302,Sunflower Oil 1L,Grocery,588.7,20,70,32967.2,S10,East
2024-01-19,P404,Wooden Bookshelf,Home,14563.29,10,21,275246.18,S07,West
2024-01-19,P506,Perfume 100ml,Beauty,2413.82,0,16,38621.12,S07,East
2024-01-19,P506,Perfume 100ml,Beauty,1071.76,25,45,36171.9,S10,East
2024-01-19,P303,Whole Wheat Flour,Grocery,643.4,0,74,47611.6,S08,North
2024-01-19,P104,Smart TV 43,Electronics,32962.96,25,12,296666.64,S06,North
2024-01-19,P305,Green Tea Pack,Grocery,740.76,25,74,41112.18,S07,South
2024-01-19,P503,Sunscreen SPF50,Beauty,2828.75,20,28,63364.0,S05,South
2024-01-19,P105,Tablet Z2,Electronics,13336.49,30,9,84019.89,S03,West
2024-01-19,P202,Women Kurti,Fashion,2281.91,0,24,54765.84,S02,North
2024-01-19,P505,Body Lotion,Beauty,227.17,30,40,6360.76,S08,West
2024-01-19,P405,LED Desk Lamp,Home,472.12,0,15,7081.8,S07,East
2024-01-19,P202,Women Kurti,Fashion,2556.21,30,35,62627.14,S10,North
2024-01-20,P505,Body Lotion,Beauty,1066.38,40,83,53105.72,S08,North
2024-01-20,P202,Women Kurti,Fashion,1888.3,10,36,61180.92,S02,West
2024-01-20,P301,Basmati Rice 5kg,Grocery,393.78,10,69,24453.74,S09,West
2024-01-20,P505,Body Lotion,Beauty,1472.37,10,39,51680.19,S05,West
2024-01-20,P206,Summer Dress,Fashion,1888.37,25,45,63732.49,S02,North
2024-01-20,P105,Tablet Z2,Electronics,70520.68,5,11,736941.11,S08,East
2024-01-20,P104,Smart TV 43,Electronics,73809.17,5,9,631068.4,S09,East
2024-01-20,P106,Bluetooth Speaker,Electronics,52975.66,10,10,476780.94,S09,South
2024-01-20,P305,Green Tea Pack,Grocery,363.72,20,94,27351.74,S07,West
2024-01-20,P101,Smartphone X1,Electronics,33174.15,40,12,238853.88,S09,South
2024-01-20,P305,Green Tea Pack,Grocery,607.52,0,61,37058.72,S02,West
2024-01-21,P102,Laptop Pro,Electronics,72971.98,40,14,612964.63,S08,South
2024-01-21,P404,Wooden Bookshelf,Home,5676.79,40,48,163491.55,S06,South
2024-01-21,P404,Wooden Bookshelf,Home,2817.66,30,60,118341.72,S01,North
2024-01-21,P503,Sunscreen SPF50,Beauty,2533.52,40,49,74485.49,S07,South
2024-01-21,P304,Organic Honey,Grocery,336.81,10,63,19097.13,S09,East
2024-01-21,P306,Mixed Nuts 500g,Grocery,435.59,10,94,36850.91,S08,North
2024-01-21,P205,Formal Blazer,Fashion,4291.9,5,28,114164.54,S08,South
2024-01-21,P302,Sunflower Oil 1L,Grocery,593.14,20,126,59788.51,S01,North
2024-01-21,P401,Stainless Steel Cookware,Home,5047.71,0,28,141335.88,S04,West
2024-01-21,P504,Lipstick Set,Beauty,1579.77,5,35,52527.35,S10,North
2024-01-21,P505,Body Lotion,Beauty,579.48,15,35,17239.53,S03,East
2024-01-22,P202,Women Kurti,Fashion,864.69,0,13,11240.97,S09,South
2024-01-22,P505,Body Lotion,Beauty,1805.16,40,42,45490.03,S10,South
2024-01-22,P304,Organic Honey,Grocery,567.77,40,86,29296.93,S07,South
2024-01-22,P202,Women Kurti,Fashion,4577.76,25,31,106432.92,S02,East
2024-01-22,P503,Sunscreen SPF50,Beauty,1256.6,10,32,36190.08,S04,North
2024-01-22,P101,Smartphone X1,Electronics,66775.19,10,9,540879.04,S08,West
2024-01-22,P103,Wireless Earbuds,Electronics,70006.6,0,5,350033.0,S04,South
2024-01-22,P302,Sunflower Oil 1L,Grocery,68.15,5,89,5762.08,S01,West
2024-01-22,P306,Mixed Nuts 500g,Grocery,157.96,5,51,7653.16,S08,East
2024-01-22,P405,LED Desk Lamp,Home,12146.47,0,18,218636.46,S03,South
2024-01-22,P405,LED Desk Lamp,Home,6225.05,10,18,100845.81,S05,South
2024-01-22,P505,Body Lotion,Beauty,182.09,20,41,5972.55,S04,North
2024-01-22,P306,Mixed Nuts 500g,Grocery,331.09,10,90,26818.29,S04,South
2024-01-22,P105,Tablet Z2,Electronics,45748.28,0,8,365986.24,S05,West
2024-01-22,P205,Formal Blazer,Fashion,4834.67,10,21,91375.26,S02,North
2024-01-22,P504,Lipstick Set,Beauty,2138.25,0,35,74838.75,S01,North
2024-01-22,P202,Women Kurti,Fashion,3469.05,0,13,45097.65,S02,North
2024-01-23,P206,Summer Dress,Fashion,4870.95,30,18,61373.97,S03,North
2024-01-23,P205,Formal Blazer,Fashion,650.59,25,28,13662.39,S02,East
2024-01-23,P401,Stainless Steel Cookware,Home,4519.69,10,17,69151.26,S03,East
2024-01-23,P406,Air Purifier,Home,5456.88,25,0,0.0,S07,East
2024-01-23,P105,Tablet Z2,Electronics,25339.79,40,7,106427.12,S03,West
2024-01-23,P106,Bluetooth Speaker,Electronics,2490.79,15,10,21171.72,S04,South
2024-01-23,P203,Denim Jeans,Fashion,4728.33,10,24,102131.93,S08,North
2024-01-23,P506,Perfume 100ml,Beauty,2023.05,30,36,50980.86,S05,West
2024-01-23,P404,Wooden Bookshelf,Home,1839.31,30,25,32187.92,S09,West
2024-01-23,P301,Basmati Rice 5kg,Grocery,265.12,5,56,14104.38,S03,South
2024-01-23,P403,Wall Clock,Home,7630.15,0,14,106822.1,S09,West
2024-01-23,P401,Stainless Steel Cookware,Home,4565.78,20,28,102273.47,S06,South
2024-01-23,P504,Lipstick Set,Beauty,2297.48,40,41,56518.01,S03,West
2024-01-24,P502,Hair Serum,Beauty,2210.75,0,25,55268.75,S08,West
2024-01-24,P201,Men Casual Shirt,Fashion,3754.8,30,27,70965.72,S10,East
2024-01-24,P206,Summer Dress,Fashion,584.62,0,17,9938.54,S06,South
2024-01-24,P205,Formal Blazer,Fashion,2208.55,0,20,44171.0,S10,East
2024-01-24,P104,Smart TV 43,Electronics,59486.42,30,11,458045.43,S02,South
2024-01-24,P205,Formal Blazer,Fashion,691.84,40,35,14528.64,S08,North
2024-01-24,P406,Air Purifier,Home,6301.8,30,14,61757.64,S03,East
2024-01-24,P504,Lipstick Set,Beauty,2307.13,30,29,46834.74,S05,East
2024-01-24,P306,Mixed Nuts 500g,Grocery,572.47,5,53,28823.86,S09,North
2024-01-24,P205,Formal Blazer,Fashion,1773.43,40,22,23409.28,S07,West
2024-01-24,P203,Denim Jeans,Fashion,4832.7,10,19,82639.17,S05,North
2024-01-24,P204,Sports Shoes,Fashion,2953.1,20,30,70874.4,S04,North
2024-01-24,P301,Basmati Rice 5kg,Grocery,174.54,10,54,8482.64,S09,North
2024-01-24,P103,Wireless Earbuds,Electronics,69553.33,20,8,445141.31,S09,North
2024-01-24,P301,Basmati Rice 5kg,Grocery,292.41,10,74,19474.51,S09,West
2024-01-24,P306,Mixed Nuts 500g,Grocery,487.59,0,41,19991.19,S03,South
2024-01-24,P506,Perfume 100ml,Beauty,2774.29,30,48,93216.14,S10,South
2024-01-24,P404,Wooden Bookshelf,Home,6133.9,10,15,82807.65,S02,South
2024-01-24,P304,Organic Honey,Grocery,402.73,40,90,21747.42,S05,North
2024-01-25,P502,Hair Serum,Beauty,1854.54,25,29,40336.24,S08,East
2024-01-25,P501,Face Moisturizer,Beauty,1593.21,5,21,31784.54,S05,East
2024-01-25,P203,Denim Jeans,Fashion,3217.19,30,17,38284.56,S03,East
2024-01-25,P501,Face Moisturizer,Beauty,2665.34,30,34,63435.09,S09,West
2024-01-25,P101,Smartphone X1,Electronics,53635.69,30,12,450539.8,S03,West
2024-01-25,P402,Cotton Bedsheet,Home,12773.89,5,21,254839.11,S07,South
2024-01-25,P203,Denim Jeans,Fashion,3565.19,25,34,90912.35,S04,North
2024-01-26,P506,Perfume 100ml,Beauty,1789.68,0,28,50111.04,S06,East
2024-01-26,P404,Wooden Bookshelf,Home,4398.82,0,23,101172.86,S10,West
2024-01-26,P501,Face Moisturizer,Beauty,1975.24,15,31,52047.57,S03,North
2024-01-26,P406,Air Purifier,Home,6890.94,0,20,137818.8,S04,West
2024-01-26,P502,Hair Serum,Beauty,2026.48,25,33,50155.38,S03,East
2024-01-26,P104,Smart TV 43,Electronics,72916.67,0,7,510416.69,S07,West
2024-01-26,P104,Smart TV 43,Electronics,3927.05,20,7,21991.48,S05,East
2024-01-26,P504,Lipstick Set,Beauty,1249.99,30,32,27999.78,S07,West
2024-01-26,P301,Basmati Rice 5kg,Grocery,488.73,40,115,33722.37,S08,West
2024-01-26,P503,Sunscreen SPF50,Beauty,2217.64,30,48,74512.7,S01,East
2024-01-26,P101,Smartphone X1,Electronics,70623.82,10,10,635614.38,S06,East
2024-01-26,P302,Sunflower Oil 1L,Grocery,430.15,10,74,28647.99,S10,East
2024-01-26,P504,Lipstick Set,Beauty,851.37,5,38,30734.46,S04,South
2024-01-26,P502,Hair Serum,Beauty,1177.25,5,28,31314.85,S10,East
2024-01-26,P405,LED Desk Lamp,Home,5709.38,15,34,165001.08,S04,North
2024-01-26,P305,Green Tea Pack,Grocery,397.01,25,75,22331.81,S07,East
2024-01-26,P101,Smartphone X1,Electronics,73559.77,5,9,628936.03,S05,West
2024-01-26,P206,Summer Dress,Fashion,3512.5,5,22,73411.25,S06,South
2024-01-26,P205,Formal Blazer,Fashion,369.14,40,24,5315.62,S09,West
2024-01-27,P406,Air Purifier,Home,4299.95,20,31,106638.76,S09,North
2024-01-27,P505,Body Lotion,Beauty,2468.98,25,50,92586.75,S07,South
2024-01-27,P306,Mixed Nuts 500g,Grocery,662.64,5,78,49101.62,S10,South
2024-01-27,P402,Cotton Bedsheet,Home,9376.8,40,36,202538.88,S10,South
2024-01-27,P105,Tablet Z2,Electronics,46898.79,0,11,515886.69,S02,North
2024-01-27,P203,Denim Jeans,Fashion,3536.55,0,28,99023.4,S05,West
2024-01-27,P106,Bluetooth Speaker,Electronics,50410.57,5,13,622570.54,S06,South
2024-01-27,P206,Summer Dress,Fashion,2793.39,0,23,64247.97,S03,North
2024-01-27,P305,Green Tea Pack,Grocery,568.66,0,103,58571.98,S04,South
2024-01-27,P103,Wireless Earbuds,Electronics,26906.69,25,11,221980.19,S09,North
2024-01-27,P506,Perfume 100ml,Beauty,2747.2,0,32,87910.4,S04,West
2024-01-28,P202,Women Kurti,Fashion,4777.84,30,32,107023.62,S03,North
2024-01-28,P501,Face Moisturizer,Beauty,695.94,5,45,29751.44,S06,West
2024-01-28,P304,Organic Honey,Grocery,324.18,0,75,24313.5,S10,North
2024-01-28,P105,Tablet Z2,Electronics,67111.62,30,15,704672.01,S05,North
2024-01-28,P502,Hair Serum,Beauty,2247.08,40,62,83591.38,S10,North
2024-01-28,P206,Summer Dress,Fashion,2249.88,10,28,56696.98,S04,North
2024-01-28,P102,Laptop Pro,Electronics,75959.69,40,17,774788.84,S01,East
2024-01-28,P402,Cotton Bedsheet,Home,8922.43,15,39,295778.55,S08,North
2024-01-28,P206,Summer Dress,Fashion,2428.79,10,19,41532.31,S07,West
2024-01-28,P501,Face Moisturizer,Beauty,1364.76,30,45,42989.94,S10,East
2024-01-28,P305,Green Tea Pack,Grocery,515.32,15,108,47306.38,S08,North
2024-01-28,P405,LED Desk Lamp,Home,7435.44,10,31,207448.78,S05,North
2024-01-28,P302,Sunflower Oil 1L,Grocery,763.63,30,139,74301.2,S05,West
2024-01-28,P406,Air Purifier,Home,12190.86,5,28,324276.88,S10,South
2024-01-28,P501,Face Moisturizer,Beauty,1155.24,0,38,43899.12,S02,North
2024-01-28,P203,Denim Jeans,Fashion,2924.22,10,30,78953.94,S01,North
2024-01-28,P202,Women Kurti,Fashion,2845.77,30,42,83665.64,S03,North
2024-01-29,P403,Wall Clock,Home,6250.06,0,20,125001.2,S10,North
2024-01-29,P305,Green Tea Pack,Grocery,543.38,5,55,28391.6,S08,South
2024-01-29,P103,Wireless Earbuds,Electronics,63176.49,10,8,454870.73,S04,West
2024-01-29,P401,Stainless Steel Cookware,Home,8349.64,0,18,150293.52,S02,South
2024-01-29,P502,Hair Serum,Beauty,1566.84,40,46,43244.78,S10,West
2024-01-29,P504,Lipstick Set,Beauty,2459.09,25,45,82994.29,S04,South
2024-01-29,P205,Formal Blazer,Fashion,2787.41,15,31,73448.25,S06,North
2024-01-29,P401,Stainless Steel Cookware,Home,1894.21,40,39,44324.51,S01,East
2024-01-29,P203,Denim Jeans,Fashion,4455.06,0,14,62370.84,S03,North
2024-01-29,P106,Bluetooth Speaker,Electronics,3282.62,10,5,14771.79,S09,East
2024-01-29,P502,Hair Serum,Beauty,1887.42,0,19,35860.98,S09,South
2024-01-29,P205,Formal Blazer,Fashion,2961.88,15,32,80563.14,S05,North
2024-01-29,P405,LED Desk Lamp,Home,558.58,15,23,10920.24,S02,South
2024-01-29,P401,Stainless Steel Cookware,Home,5814.04,30,30,122094.84,S04,South
2024-01-29,P202,Women Kurti,Fashion,2132.25,15,19,34435.84,S07,West
2024-01-29,P502,Hair Serum,Beauty,1632.2,0,25,40805.0,S01,East
2024-01-30,P205,Formal Blazer,Fashion,4970.65,10,19,84998.11,S10,South
2024-01-30,P305,Green Tea Pack,Grocery,369.43,5,72,25269.01,S01,East
2024-01-30,P401,Stainless Steel Cookware,Home,10615.56,0,15,159233.4,S02,East
2024-01-30,P406,Air Purifier,Home,7270.34,10,23,150496.04,S04,South
2024-01-30,P304,Organic Honey,Grocery,565.28,15,67,32192.7,S10,East
2024-01-30,P503,Sunscreen SPF50,Beauty,2315.5,10,32,66686.4,S02,West
2024-01-30,P103,Wireless Earbuds,Electronics,38256.24,10,9,309875.54,S01,East
2024-01-30,P403,Wall Clock,Home,8054.15,25,20,120812.25,S05,East
2024-01-30,P201,Men Casual Shirt,Fashion,1966.3,0,22,43258.6,S01,West
2024-01-30,P503,Sunscreen SPF50,Beauty,2920.1,40,41,71834.46,S10,East
2024-01-30,P303,Whole Wheat Flour,Grocery,227.08,30,100,15895.6,S06,North
2024-01-30,P503,Sunscreen SPF50,Beauty,2517.55,5,24,57400.14,S02,South
2024-01-30,P203,Denim Jeans,Fashion,825.0,10,22,16335.0,S08,South
2024-01-30,P202,Women Kurti,Fashion,2979.13,0,13,38728.69,S09,South
2024-01-31,P305,Green Tea Pack,Grocery,148.86,0,72,10717.92,S04,North
2024-01-31,P404,Wooden Bookshelf,Home,870.58,0,20,17411.6,S07,North
2024-01-31,P202,Women Kurti,Fashion,4179.94,10,15,56429.19,S06,South
2024-01-31,P202,Women Kurti,Fashion,1689.13,5,0,0.0,S03,East
2024-01-31,P206,Summer Dress,Fashion,1805.78,40,38,41171.78,S08,North
2024-01-31,P201,Men Casual Shirt,Fashion,1866.51,0,14,26131.14,S09,South
2024-01-31,P104,Smart TV 43,Electronics,13556.99,5,0,0.0,S07,West
2024-01-31,P401,Stainless Steel Cookware,Home,10048.95,0,23,231125.85,S08,West
2024-01-31,P102,Laptop Pro,Electronics,49625.42,40,13,387078.28,S06,North
2024-01-31,P504,Lipstick Set,Beauty,2493.4,25,420,785421.0,S09,East
2024-01-31,P302,Sunflower Oil 1L,Grocery,245.5,10,72,15908.4,S01,South
2024-01-31,P505,Body Lotion,Beauty,1231.51,20,22,21674.58,S09,South
2024-01-31,P302,Sunflower Oil 1L,Grocery,182.45,5,70,12132.92,S06,South
2024-02-01,P504,Lipstick Set,Beauty,2118.34,0,24,50840.16,S10,North
2024-02-01,P206,Summer Dress,Fashion,2346.32,5,14,31206.06,S09,West
2024-02-01,P205,Formal Blazer,Fashion,698.57,10,15,9430.7,S08,West
2024-02-01,P203,Denim Jeans,Fashion,1176.94,0,12,14123.28,S07,East
2024-02-01,P402,Cotton Bedsheet,Home,3873.32,40,18,41831.86,S07,South
2024-02-01,P501,Face Moisturizer,Beauty,2803.78,30,47,92244.36,S01,East
2024-02-01,P202,Women Kurti,Fashion,352.07,10,13,4119.22,S07,South
2024-02-01,P504,Lipstick Set,Beauty,266.46,30,35,6528.27,S03,South
2024-02-01,P401,Stainless Steel Cookware,Home,14506.66,10,16,208895.9,S07,West
2024-02-01,P503,Sunscreen SPF50,Beauty,2294.93,40,33,45439.61,S09,West
2024-02-01,P505,Body Lotion,Beauty,2697.83,10,29,70413.36,S08,South
2024-02-01,P303,Whole Wheat Flour,Grocery,93.56,25,88,6174.96,S10,West
2024-02-01,P101,Smartphone X1,Electronics,68574.51,20,9,493736.47,S07,West
2024-02-02,P201,Men Casual Shirt,Fashion,4630.39,25,31,107656.57,S01,North
2024-02-02,P401,Stainless Steel Cookware,Home,13595.71,40,21,171305.95,S02,South
2024-02-02,P106,Bluetooth Speaker,Electronics,23257.38,10,7,146521.49,S06,East
2024-02-02,P302,Sunflower Oil 1L,Grocery,186.34,0,74,13789.16,S04,West
2024-02-02,P403,Wall Clock,Home,10514.54,5,10,99888.13,S03,West
2024-02-02,P101,Smartphone X1,Electronics,18971.68,10,10,170745.12,S08,North
2024-02-02,P305,Green Tea Pack,Grocery,86.07,30,67,4036.68,S08,East
2024-02-02,P303,Whole Wheat Flour,Grocery,262.06,40,116,18239.38,S10,South
2024-02-02,P403,Wall Clock,Home,8892.64,40,22,117382.85,S09,West
2024-02-02,P504,Lipstick Set,Beauty,1624.22,25,25,30454.12,S09,East
2024-02-02,P204,Sports Shoes,Fashion,1949.68,20,22,34314.37,S10,North
2024-02-02,P203,Denim Jeans,Fashion,4896.7,30,19,65126.11,S03,East
2024-02-02,P302,Sunflower Oil 1L,Grocery,269.63,10,54,13104.02,S07,West
2024-02-02,P105,Tablet Z2,Electronics,27625.65,5,7,183710.57,S01,South
2024-02-02,P201,Men Casual Shirt,Fashion,3914.17,10,14,49318.54,S06,East
2024-02-03,P502,Hair Serum,Beauty,2459.74,40,44,64937.14,S03,East
2024-02-03,P405,LED Desk Lamp,Home,10251.75,5,23,224000.74,S01,North
2024-02-03,P306,Mixed Nuts 500g,Grocery,110.58,20,127,11234.93,S06,North
2024-02-03,P405,LED Desk Lamp,Home,4927.85,15,14,58641.42,S09,East
2024-02-03,P205,Formal Blazer,Fashion,4746.5,5,14,63128.45,S03,West
2024-02-03,P105,Tablet Z2,Electronics,60964.93,25,19,868750.25,S01,North
2024-02-03,P404,Wooden Bookshelf,Home,3958.62,30,29,80359.99,S01,North
2024-02-03,P202,Women Kurti,Fashion,3156.83,5,30,89969.65,S06,North
2024-02-03,P405,LED Desk Lamp,Home,3684.96,20,25,73699.2,S10,South
2024-02-03,P501,Face Moisturizer,Beauty,1149.65,5,32,34949.36,S09,East
2024-02-03,P303,Whole Wheat Flour,Grocery,81.94,10,92,6784.63,S03,North
2024-02-03,P205,Formal Blazer,Fashion,4654.48,10,25,104725.8,S05,North
2024-02-03,P303,Whole Wheat Flour,Grocery,168.9,10,105,15961.05,S06,North
2024-02-03,P305,Green Tea Pack,Grocery,329.27,5,72,22522.07,S05,East
2024-02-03,P305,Green Tea Pack,Grocery,794.23,5,72,54325.33,S05,East
2024-02-03,P306,Mixed Nuts 500g,Grocery,262.55,5,89,22198.6,S06,South
2024-02-04,P501,Face Moisturizer,Beauty,2996.96,5,30,85413.36,S09,North
2024-02-04,P303,Whole Wheat Flour,Grocery,579.58,40,149,51814.45,S01,South
2024-02-04,P203,Denim Jeans,Fashion,4371.49,0,22,96172.78,S06,East
2024-02-04,P201,Men Casual Shirt,Fashion,3884.13,10,30,104871.51,S01,West
2024-02-04,P404,Wooden Bookshelf,Home,12733.38,30,26,231747.52,S06,South
2024-02-04,P401,Stainless Steel Cookware,Home,8149.29,20,20,130388.64,S02,East
2024-02-04,P304,Organic Honey,Grocery,619.6,15,98,51612.68,S06,South
2024-02-04,P402,Cotton Bedsheet,Home,569.29,5,19,10275.68,S03,North
2024-02-04,P204,Sports Shoes,Fashion,802.03,5,27,20572.07,S04,South
2024-02-04,P204,Sports Shoes,Fashion,2238.54,40,38,51038.71,S03,North
2024-02-04,P405,LED Desk Lamp,Home,5994.21,30,25,104898.67,S03,South
2024-02-05,P405,LED Desk Lamp,Home,7294.61,20,17,99206.7,S04,South
2024-02-05,P104,Smart TV 43,Electronics,57068.18,20,5,228272.72,S02,East
2024-02-05,P305,Green Tea Pack,Grocery,72.97,20,67,3911.19,S08,North
2024-02-05,P405,LED Desk Lamp,Home,2093.45,0,16,33495.2,S05,West
2024-02-05,P506,Perfume 100ml,Beauty,362.75,30,36,9141.3,S09,North
2024-02-05,P201,Men Casual Shirt,Fashion,2653.75,0,10,26537.5,S09,East
2024-02-05,P301,Basmati Rice 5kg,Grocery,483.16,30,90,30439.08,S01,South
2024-02-05,P305,Green Tea Pack,Grocery,52.89,5,73,3667.92,S02,North
2024-02-05,P306,Mixed Nuts 500g,Grocery,116.87,5,65,7216.72,S04,West
2024-02-05,P501,Face Moisturizer,Beauty,2771.01,25,33,68582.5,S03,East
2024-02-05,P205,Formal Blazer,Fashion,1063.94,0,18,19150.92,S10,West
2024-02-05,P206,Summer Dress,Fashion,3671.21,25,19,52314.74,S05,South
2024-02-05,P506,Perfume 100ml,Beauty,2322.42,20,25,46448.4,S05,South
2024-02-05,P103,Wireless Earbuds,Electronics,53723.64,0,10,537236.4,S06,North
2024-02-05,P505,Body Lotion,Beauty,891.32,25,43,28745.07,S02,East
2024-02-05,P201,Men Casual Shirt,Fashion,1021.43,10,27,24820.75,S01,East
2024-02-05,P304,Organic Honey,Grocery,454.51,10,41,16771.42,S07,East
2024-02-05,P203,Denim Jeans,Fashion,4536.45,0,12,54437.4,S09,North
2024-02-05,P502,Hair Serum,Beauty,1726.41,5,26,42642.33,S08,West
2024-02-06,P306,Mixed Nuts 500g,Grocery,492.76,40,83,24539.45,S10,North
2024-02-06,P505,Body Lotion,Beauty,1743.42,15,35,51866.75,S04,South
2024-02-06,P306,Mixed Nuts 500g,Grocery,724.22,15,63,38781.98,S03,East
2024-02-06,P505,Body Lotion,Beauty,1735.5,25,36,46858.5,S05,East
2024-02-06,P505,Body Lotion,Beauty,2036.86,0,30,61105.8,S10,South
2024-02-06,P501,Face Moisturizer,Beauty,1309.46,10,25,29462.85,S02,South
2024-02-06,P503,Sunscreen SPF50,Beauty,1570.64,30,34,37381.23,S08,South
2024-02-06,P102,Laptop Pro,Electronics,74319.38,25,9,501655.82,S02,South
2024-02-06,P204,Sports Shoes,Fashion,1645.53,15,22,30771.41,S08,West
2024-02-07,P401,Stainless Steel Cookware,Home,10566.31,0,14,147928.34,S07,South
2024-02-07,P406,Air Purifier,Home,14441.67,0,14,202183.38,S10,West
2024-02-07,P106,Bluetooth Speaker,Electronics,4247.76,25,8,25486.56,S05,West
2024-02-07,P402,Cotton Bedsheet,Home,9491.63,10,11,93967.14,S10,East
2024-02-07,P404,Wooden Bookshelf,Home,2572.63,20,17,34987.77,S02,North
2024-02-07,P105,Tablet Z2,Electronics,68751.78,40,11,453761.75,S07,West
2024-02-07,P405,LED Desk Lamp,Home,8346.64,0,11,91813.04,S08,West
2024-02-07,P501,Face Moisturizer,Beauty,1467.46,0,22,32284.12,S03,South
2024-02-07,P206,Summer Dress,Fashion,1755.88,20,20,28094.08,S08,South
2024-02-07,P403,Wall Clock,Home,6810.73,5,15,97052.9,S06,East
2024-02-07,P301,Basmati Rice 5kg,Grocery,494.17,20,79,31231.54,S10,South
2024-02-07,P305,Green Tea Pack,Grocery,475.06,20,89,33824.27,S06,West
2024-02-07,P301,Basmati Rice 5kg,Grocery,752.79,30,102,53749.21,S06,West
2024-02-07,P405,LED Desk Lamp,Home,7384.59,30,17,87876.62,S07,West
2024-02-07,P102,Laptop Pro,Electronics,56722.59,15,8,385713.61,S05,North
2024-02-07,P405,LED Desk Lamp,Home,2277.24,25,20,34158.6,S07,South
2024-02-07,P405,LED Desk Lamp,Home,3486.87,5,16,53000.42,S10,North
2024-02-08,P301,Basmati Rice 5kg,Grocery,119.4,10,87,9349.02,S02,South
2024-02-08,P202,Women Kurti,Fashion,2536.52,40,27,41091.62,S06,North
2024-02-08,P105,Tablet Z2,Electronics,35928.66,0,7,251500.62,S10,North
2024-02-08,P205,Formal Blazer,Fashion,334.04,20,17,4542.94,S07,South
2024-02-08,P104,Smart TV 43,Electronics,56914.79,0,6,341488.74,S05,West
2024-02-08,P306,Mixed Nuts 500g,Grocery,722.45,0,37,26730.65,S08,East
2024-02-08,P503,Sunscreen SPF50,Beauty,697.81,25,46,24074.44,S10,West
2024-02-08,P205,Formal Blazer,Fashion,4740.01,40,27,76788.16,S01,South
2024-02-08,P406,Air Purifier,Home,12521.37,5,10,118953.01,S07,West
2024-02-08,P305,Green Tea Pack,Grocery,218.05,0,65,14173.25,S02,West
2024-02-09,P106,Bluetooth Speaker,Electronics,46902.51,25,9,316591.94,S02,North
2024-02-09,P501,Face Moisturizer,Beauty,1597.38,5,33,50077.86,S10,North
2024-02-09,P401,Stainless Steel Cookware,Home,2757.55,5,15,39295.09,S07,West
2024-02-09,P101,Smartphone X1,Electronics,37892.72,10,7,238724.14,S03,West
2024-02-09,P105,Tablet Z2,Electronics,11381.99,15,8,77397.53,S10,South
2024-02-09,P401,Stainless Steel Cookware,Home,4471.71,25,18,60368.08,S07,South
2024-02-09,P506,Perfume 100ml,Beauty,1808.63,5,39,67009.74,S08,West
2024-02-09,P202,Women Kurti,Fashion,3000.5,30,22,46207.7,S05,North
2024-02-09,P304,Organic Honey,Grocery,434.03,5,90,37109.56,S02,North
2024-02-10,P405,LED Desk Lamp,Home,6666.81,10,16,96002.06,S09,South
2024-02-10,P402,Cotton Bedsheet,Home,7261.81,40,26,113284.24,S02,South
2024-02-10,P301,Basmati Rice 5kg,Grocery,732.96,40,155,68165.28,S10,North
2024-02-10,P304,Organic Honey,Grocery,609.51,30,117,49918.87,S03,West
2024-02-10,P202,Women Kurti,Fashion,4547.22,5,30,129595.77,S01,South
2024-02-10,P502,Hair Serum,Beauty,2776.28,0,37,102722.36,S08,East
2024-02-10,P101,Smartphone X1,Electronics,30377.42,0,8,243019.36,S06,East
2024-02-10,P206,Summer Dress,Fashion,2830.46,30,30,59439.66,S08,East
2024-02-10,P203,Denim Jeans,Fashion,4858.48,5,29,133851.12,S05,South
2024-02-10,P402,Cotton Bedsheet,Home,2078.56,0,17,35335.52,S05,South
2024-02-10,P404,Wooden Bookshelf,Home,4499.32,10,15,60740.82,S09,East
2024-02-10,P103,Wireless Earbuds,Electronics,15297.21,5,10,145323.49,S10,West
2024-02-10,P405,LED Desk Lamp,Home,13866.04,10,20,249588.72,S10,West
2024-02-10,P204,Sports Shoes,Fashion,506.88,40,29,8819.71,S01,East
2024-02-11,P402,Cotton Bedsheet,Home,1154.18,10,15,15581.43,S07,East
2024-02-11,P203,Denim Jeans,Fashion,3818.73,30,34,90885.77,S05,South
2024-02-11,P204,Sports Shoes,Fashion,2946.82,30,40,82510.96,S06,West
2024-02-11,P406,Air Purifier,Home,2357.16,10,22,46671.77,S01,South
2024-02-11,P201,Men Casual Shirt,Fashion,778.94,5,25,18499.83,S10,South
2024-02-11,P403,Wall Clock,Home,293.43,30,18,3697.22,S02,South
2024-02-11,P103,Wireless Earbuds,Electronics,46070.17,40,12,331705.22,S07,West
2024-02-11,P402,Cotton Bedsheet,Home,337.15,25,30,7585.88,S05,North
2024-02-11,P204,Sports Shoes,Fashion,3082.99,0,22,67825.78,S07,South
2024-02-11,P301,Basmati Rice 5kg,Grocery,411.86,30,77,22199.25,S03,West
2024-02-11,P506,Perfume 100ml,Beauty,2379.33,30,52,86607.61,S08,South
2024-02-11,P306,Mixed Nuts 500g,Grocery,289.88,40,137,23828.14,S07,North
2024-02-12,P104,Smart TV 43,Electronics,15799.82,10,6,85319.03,S10,West
2024-02-12,P304,Organic Honey,Grocery,485.04,0,55,26677.2,S03,North
2024-02-12,P402,Cotton Bedsheet,Home,11077.62,25,24,199397.16,S10,North
2024-02-12,P502,Hair Serum,Beauty,1544.68,30,49,52982.52,S01,South
2024-02-12,P201,Men Casual Shirt,Fashion,3423.54,25,33,84732.61,S06,South
2024-02-12,P103,Wireless Earbuds,Electronics,76422.89,30,7,374472.16,S09,West
2024-02-12,P303,Whole Wheat Flour,Grocery,294.41,5,71,19857.95,S08,South
2024-02-12,P104,Smart TV 43,Electronics,24803.66,20,5,99214.64,S09,East
2024-02-12,P202,Women Kurti,Fashion,1398.5,25,32,33564.0,S04,West
2024-02-12,P501,Face Moisturizer,Beauty,2248.93,25,45,75901.39,S07,South
2024-02-12,P503,Sunscreen SPF50,Beauty,1328.37,10,32,38257.06,S09,West
2024-02-12,P505,Body Lotion,Beauty,1968.36,40,49,57869.78,S08,East
2024-02-13,P104,Smart TV 43,Electronics,55778.09,15,6,284468.26,S03,South
2024-02-13,P202,Women Kurti,Fashion,736.4,0,16,11782.4,S07,North
2024-02-13,P406,Air Purifier,Home,14026.9,0,16,224430.4,S03,North
2024-02-13,P104,Smart TV 43,Electronics,72802.17,40,8,349450.42,S07,South
2024-02-13,P303,Whole Wheat Flour,Grocery,409.72,5,59,22964.81,S09,South
2024-02-13,P406,Air Purifier,Home,13942.45,10,16,200771.28,S08,North
2024-02-13,P306,Mixed Nuts 500g,Grocery,593.17,5,57,32120.16,S02,West
2024-02-13,P504,Lipstick Set,Beauty,1766.76,0,16,28268.16,S03,East
2024-02-13,P102,Laptop Pro,Electronics,71486.45,30,9,450364.63,S06,West
2024-02-13,P303,Whole Wheat Flour,Grocery,314.05,0,63,19785.15,S06,West
2024-02-13,P101,Smartphone X1,Electronics,46323.05,0,9,416907.45,S08,North
2024-02-13,P203,Denim Jeans,Fashion,1799.84,15,20,30597.28,S09,North
2024-02-14,P405,LED Desk Lamp,Home,11668.48,30,22,179694.59,S05,West
2024-02-14,P402,Cotton Bedsheet,Home,3616.15,0,14,50626.1,S04,South
2024-02-14,P105,Tablet Z2,Electronics,49761.01,10,9,403064.18,S06,West
2024-02-14,P204,Sports Shoes,Fashion,3520.68,0,21,73934.28,S01,East
2024-02-14,P301,Basmati Rice 5kg,Grocery,752.93,5,84,60083.81,S01,West
2024-02-14,P304,Organic Honey,Grocery,401.02,0,65,26066.3,S04,South
2024-02-14,P503,Sunscreen SPF50,Beauty,535.11,0,26,13912.86,S10,South
2024-02-14,P304,Organic Honey,Grocery,790.64,20,98,61986.18,S10,West
2024-02-14,P202,Women Kurti,Fashion,4026.86,0,18,72483.48,S05,South
2024-02-15,P503,Sunscreen SPF50,Beauty,110.44,25,49,4058.67,S04,South
2024-02-15,P103,Wireless Earbuds,Electronics,20447.31,10,8,147220.63,S01,West
2024-02-15,P106,Bluetooth Speaker,Electronics,43700.85,10,7,275315.36,S02,East
2024-02-15,P205,Formal Blazer,Fashion,3887.43,15,20,66086.31,S03,North
2024-02-15,P203,Denim Jeans,Fashion,1078.12,15,21,19244.44,S03,West
2024-02-15,P105,Tablet Z2,Electronics,19880.61,40,11,131212.03,S05,West
2024-02-15,P402,Cotton Bedsheet,Home,3316.1,15,13,36642.9,S05,East
2024-02-15,P501,Face Moisturizer,Beauty,2262.83,5,23,49442.84,S07,East
2024-02-15,P503,Sunscreen SPF50,Beauty,1818.88,0,25,45472.0,S02,West
2024-02-15,P506,Perfume 100ml,Beauty,736.63,5,36,25192.75,S01,South
2024-02-15,P103,Wireless Earbuds,Electronics,35251.63,25,10,264387.22,S04,South
2024-02-15,P404,Wooden Bookshelf,Home,9135.38,5,14,121500.55,S03,East
2024-02-15,P201,Men Casual Shirt,Fashion,381.92,10,17,5843.38,S04,North
2024-02-15,P104,Smart TV 43,Electronics,43013.98,40,12,309700.66,S06,West
2024-02-15,P504,Lipstick Set,Beauty,1312.72,25,45,44304.3,S06,South
2024-02-15,P501,Face Moisturizer,Beauty,2645.66,5,30,75401.31,S04,South
2024-02-15,P405,LED Desk Lamp,Home,5627.64,25,16,67531.68,S03,West
2024-02-15,P401,Stainless Steel Cookware,Home,2445.56,25,25,45854.25,S10,North
2024-02-15,P504,Lipstick Set,Beauty,1920.58,10,28,48398.62,S02,East
2024-02-15,P201,Men Casual Shirt,Fashion,1816.46,10,19,31061.47,S02,West
2024-02-16,P205,Formal Blazer,Fashion,2771.33,0,19,52655.27,S06,North
2024-02-16,P404,Wooden Bookshelf,Home,8181.2,30,19,108809.96,S08,South
2024-02-16,P402,Cotton Bedsheet,Home,11364.91,0,10,113649.1,S09,South
2024-02-16,P503,Sunscreen SPF50,Beauty,569.95,5,23,12453.41,S03,South
2024-02-16,P303,Whole Wheat Flour,Grocery,418.66,30,96,28133.95,S08,West
2024-02-16,P102,Laptop Pro,Electronics,27922.53,30,12,234549.25,S04,North
2024-02-16,P302,Sunflower Oil 1L,Grocery,453.54,5,100,43086.3,S04,North
2024-02-16,P501,Face Moisturizer,Beauty,377.56,40,49,11100.26,S07,North
2024-02-16,P506,Perfume 100ml,Beauty,1001.34,40,44,26435.38,S05,West
2024-02-16,P406,Air Purifier,Home,10743.54,15,17,155244.15,S02,West
2024-02-16,P506,Perfume 100ml,Beauty,2846.27,10,30,76849.29,S05,East
2024-02-16,P203,Denim Jeans,Fashion,4466.61,0,18,80398.98,S06,East
2024-02-17,P505,Body Lotion,Beauty,2461.53,20,45,88615.08,S01,East
2024-02-17,P204,Sports Shoes,Fashion,1464.81,20,37,43358.38,S08,North
2024-02-17,P204,Sports Shoes,Fashion,3256.89,40,34,66440.56,S03,North
2024-02-17,P303,Whole Wheat Flour,Grocery,297.01,10,95,25394.35,S06,South
2024-02-17,P106,Bluetooth Speaker,Electronics,54155.99,20,7,303273.54,S08,East
2024-02-17,P402,Cotton Bedsheet,Home,12929.5,0,18,232731.0,S07,South
2024-02-17,P305,Green Tea Pack,Grocery,223.23,40,113,15134.99,S03,West
2024-02-17,P506,Perfume 100ml,Beauty,942.11,10,30,25436.97,S10,South
2024-02-17,P102,Laptop Pro,Electronics,42923.66,0,6,257541.96,S09,South
2024-02-17,P204,Sports Shoes,Fashion,1064.78,25,35,27950.47,S05,South
2024-02-17,P505,Body Lotion,Beauty,1439.94,10,29,37582.43,S09,East
2024-02-18,P105,Tablet Z2,Electronics,50311.76,10,11,498086.42,S04,North
2024-02-18,P503,Sunscreen SPF50,Beauty,1183.26,20,45,42597.36,S09,West
2024-02-18,P103,Wireless Earbuds,Electronics,46117.56,10,11,456563.84,S02,North
2024-02-18,P306,Mixed Nuts 500g,Grocery,541.55,5,62,31897.29,S03,North
2024-02-18,P303,Whole Wheat Flour,Grocery,250.63,10,97,21880.0,S10,North
2024-02-18,P502,Hair Serum,Beauty,1702.82,10,29,44443.6,S09,South
2024-02-18,P304,Organic Honey,Grocery,278.3,10,88,22041.36,S03,South
2024-02-18,P303,Whole Wheat Flour,Grocery,71.36,0,53,3782.08,S10,East
2024-02-18,P501,Face Moisturizer,Beauty,814.7,0,40,32588.0,S02,North
2024-02-18,P104,Smart TV 43,Electronics,78048.89,5,12,889757.35,S06,South
2024-02-18,P105,Tablet Z2,Electronics,76006.03,30,10,532042.21,S03,North
2024-02-18,P504,Lipstick Set,Beauty,2293.03,0,57,130702.71,S06,West
2024-02-19,P501,Face Moisturizer,Beauty,189.44,0,24,4546.56,S05,East
2024-02-19,P105,Tablet Z2,Electronics,32743.76,40,8,157170.05,S07,East
2024-02-19,P301,Basmati Rice 5kg,Grocery,62.69,0,63,3949.47,S01,West
2024-02-19,P301,Basmati Rice 5kg,Grocery,250.5,15,103,21931.27,S01,West
2024-02-19,P301,Basmati Rice 5kg,Grocery,143.45,20,80,9180.8,S05,West
2024-02-19,P101,Smartphone X1,Electronics,66587.74,10,6,359573.8,S07,West
2024-02-19,P301,Basmati Rice 5kg,Grocery,380.61,0,55,20933.55,S06,South
2024-02-19,P305,Green Tea Pack,Grocery,637.17,30,84,37465.6,S01,East
2024-02-19,P203,Denim Jeans,Fashion,2825.94,10,152,386588.59,S02,North
2024-02-19,P502,Hair Serum,Beauty,540.64,0,23,12434.72,S07,South
2024-02-19,P301,Basmati Rice 5kg,Grocery,114.42,0,55,6293.1,S06,South
2024-02-19,P105,Tablet Z2,Electronics,10306.75,0,4,41227.0,S05,East
2024-02-19,P203,Denim Jeans,Fashion,735.42,40,18,7942.54,S07,East
2024-02-19,P102,Laptop Pro,Electronics,72695.44,20,5,290781.76,S03,South
2024-02-19,P206,Summer Dress,Fashion,3784.29,10,16,54493.78,S04,West
2024-02-19,P406,Air Purifier,Home,10559.67,0,18,190074.06,S01,North
2024-02-19,P304,Organic Honey,Grocery,672.05,0,85,57124.25,S08,North
2024-02-19,P402,Cotton Bedsheet,Home,9770.38,5,16,148509.78,S01,East
2024-02-19,P101,Smartphone X1,Electronics,40234.97,5,10,382232.21,S01,West
2024-02-19,P404,Wooden Bookshelf,Home,5442.47,20,19,82725.54,S01,East
2024-02-20,P101,Smartphone X1,Electronics,31989.68,40,12,230325.7,S10,North
2024-02-20,P406,Air Purifier,Home,8208.91,10,16,118208.3,S01,South
2024-02-20,P506,Perfume 100ml,Beauty,1996.86,0,37,73883.82,S01,West
2024-02-20,P502,Hair Serum,Beauty,2159.92,0,23,49678.16,S02,East
2024-02-20,P503,Sunscreen SPF50,Beauty,1359.02,5,27,34858.86,S09,South
2024-02-20,P505,Body Lotion,Beauty,2847.04,5,36,97368.77,S01,East
2024-02-20,P405,LED Desk Lamp,Home,6132.33,0,20,122646.6,S06,North
2024-02-20,P502,Hair Serum,Beauty,2237.08,0,25,55927.0,S09,North
2024-02-20,P305,Green Tea Pack,Grocery,339.32,0,43,14590.76,S07,South
2024-02-21,P204,Sports Shoes,Fashion,4179.28,0,15,62689.2,S03,East
2024-02-21,P506,Perfume 100ml,Beauty,130.95,0,21,2749.95,S09,North
2024-02-21,P501,Face Moisturizer,Beauty,1106.26,0,24,26550.24,S03,West
2024-02-21,P205,Formal Blazer,Fashion,2303.2,10,25,51822.0,S01,West
2024-02-21,P304,Organic Honey,Grocery,561.64,0,87,48862.68,S04,North
2024-02-21,P302,Sunflower Oil 1L,Grocery,795.46,5,59,44585.53,S03,West
2024-02-21,P506,Perfume 100ml,Beauty,2607.36,0,25,65184.0,S03,South
2024-02-21,P102,Laptop Pro,Electronics,32900.85,10,8,236886.12,S06,South
2024-02-21,P301,Basmati Rice 5kg,Grocery,70.07,10,63,3972.97,S04,East
2024-02-21,P202,Women Kurti,Fashion,2636.53,0,15,39547.95,S10,East
2024-02-21,P103,Wireless Earbuds,Electronics,38745.12,10,6,209223.65,S02,West
2024-02-21,P302,Sunflower Oil 1L,Grocery,707.96,5,66,44389.09,S04,East
2024-02-22,P105,Tablet Z2,Electronics,70895.28,20,11,623878.46,S06,North
2024-02-22,P403,Wall Clock,Home,4793.59,20,15,57523.08,S03,South
2024-02-22,P102,Laptop Pro,Electronics,58137.73,0,9,523239.57,S04,West
2024-02-22,P401,Stainless Steel Cookware,Home,1717.72,10,18,27827.06,S04,West
2024-02-22,P102,Laptop Pro,Electronics,67079.24,5,8,509802.22,S08,South
2024-02-22,P102,Laptop Pro,Electronics,74656.06,20,6,358349.09,S09,South
2024-02-22,P103,Wireless Earbuds,Electronics,20536.6,10,9,166346.46,S01,East
2024-02-22,P503,Sunscreen SPF50,Beauty,2935.55,10,25,66049.88,S09,South
2024-02-22,P502,Hair Serum,Beauty,1214.88,0,33,40091.04,S02,North
2024-02-22,P305,Green Tea Pack,Grocery,523.73,10,66,31109.56,S04,West
2024-02-22,P304,Organic Honey,Grocery,338.65,20,73,19777.16,S08,North
2024-02-23,P202,Women Kurti,Fashion,1086.78,5,18,18583.94,S08,South
2024-02-23,P401,Stainless Steel Cookware,Home,14561.63,25,24,262109.34,S04,North
2024-02-23,P505,Body Lotion,Beauty,972.22,40,53,30916.6,S04,East
2024-02-23,P106,Bluetooth Speaker,Electronics,58175.61,0,6,349053.66,S08,East
2024-02-23,P306,Mixed Nuts 500g,Grocery,641.92,30,94,42238.34,S10,North
2024-02-23,P105,Tablet Z2,Electronics,54397.33,10,5,244787.99,S07,East
2024-02-23,P304,Organic Honey,Grocery,193.88,30,83,11264.43,S05,South
2024-02-23,P505,Body Lotion,Beauty,476.7,20,30,11440.8,S10,East
2024-02-23,P506,Perfume 100ml,Beauty,222.97,5,40,8472.86,S02,North
2024-02-24,P501,Face Moisturizer,Beauty,913.59,20,48,35081.86,S08,South
2024-02-24,P205,Formal Blazer,Fashion,3589.35,5,21,71607.53,S09,West
2024-02-24,P406,Air Purifier,Home,676.44,25,26,13190.58,S02,North
2024-02-24,P402,Cotton Bedsheet,Home,7689.76,15,19,124189.62,S05,South
2024-02-24,P201,Men Casual Shirt,Fashion,1891.24,40,37,41985.53,S08,East
2024-02-24,P303,Whole Wheat Flour,Grocery,339.12,5,86,27706.1,S04,South
2024-02-24,P206,Summer Dress,Fashion,3795.96,40,34,77437.58,S03,West
2024-02-24,P105,Tablet Z2,Electronics,26432.99,10,10,237896.91,S01,West
2024-02-25,P202,Women Kurti,Fashion,1946.91,25,33,48186.02,S05,East
2024-02-25,P305,Green Tea Pack,Grocery,584.4,25,132,57855.6,S08,North
2024-02-25,P405,LED Desk Lamp,Home,9291.76,20,21,156101.57,S05,North
2024-02-25,P506,Perfume 100ml,Beauty,2097.92,25,49,77098.56,S05,South
2024-02-25,P304,Organic Honey,Grocery,554.16,15,116,54640.18,S01,North
2024-02-25,P204,Sports Shoes,Fashion,2826.11,30,46,91000.74,S01,South
2024-02-25,P201,Men Casual Shirt,Fashion,1784.28,30,19,23730.92,S03,East
2024-02-25,P302,Sunflower Oil 1L,Grocery,650.54,15,107,59166.61,S06,East
2024-02-25,P506,Perfume 100ml,Beauty,871.64,5,36,29810.09,S05,West
2024-02-25,P102,Laptop Pro,Electronics,5971.46,10,16,85989.02,S04,North
2024-02-26,P401,Stainless Steel Cookware,Home,3572.83,5,13,44124.45,S06,North
2024-02-26,P301,Basmati Rice 5kg,Grocery,743.61,5,62,43798.63,S02,South
2024-02-26,P203,Denim Jeans,Fashion,1868.82,30,24,31396.18,S10,North
2024-02-26,P105,Tablet Z2,Electronics,41253.1,10,6,222766.74,S08,West
2024-02-26,P506,Perfume 100ml,Beauty,351.4,0,28,9839.2,S08,South
2024-02-26,P502,Hair Serum,Beauty,2362.99,5,36,80814.26,S04,South
2024-02-26,P503,Sunscreen SPF50,Beauty,1898.63,15,42,67781.09,S01,North
2024-02-26,P104,Smart TV 43,Electronics,25530.22,0,6,153181.32,S02,South
2024-02-26,P105,Tablet Z2,Electronics,71262.91,5,6,406198.59,S07,South
2024-02-26,P303,Whole Wheat Flour,Grocery,666.88,5,40,25341.44,S07,West
2024-02-26,P303,Whole Wheat Flour,Grocery,629.03,40,86,32457.95,S09,North
2024-02-26,P101,Smartphone X1,Electronics,43787.57,5,5,207990.96,S09,East
2024-02-27,P105,Tablet Z2,Electronics,79486.89,0,4,317947.56,S05,West
2024-02-27,P304,Organic Honey,Grocery,429.07,30,77,23126.87,S02,North
2024-02-27,P305,Green Tea Pack,Grocery,721.64,20,60,34638.72,S02,East
2024-02-27,P503,Sunscreen SPF50,Beauty,2758.92,30,37,71456.03,S09,North
2024-02-27,P505,Body Lotion,Beauty,2878.32,10,30,77714.64,S05,South
2024-02-27,P502,Hair Serum,Beauty,2181.71,5,54,111921.72,S01,North
2024-02-27,P106,Bluetooth Speaker,Electronics,39546.8,5,9,338125.14,S10,North
2024-02-27,P102,Laptop Pro,Electronics,53878.37,0,8,431026.96,S01,North
2024-02-27,P301,Basmati Rice 5kg,Grocery,202.69,20,72,11674.94,S08,North
2024-02-27,P303,Whole Wheat Flour,Grocery,338.78,5,76,24459.92,S05,West
2024-02-27,P401,Stainless Steel Cookware,Home,5750.91,25,10,43131.82,S08,East
2024-02-27,P101,Smartphone X1,Electronics,76794.17,10,10,691147.53,S02,West
2024-02-27,P102,Laptop Pro,Electronics,64574.34,40,14,542424.46,S06,West
2024-02-27,P506,Perfume 100ml,Beauty,1473.37,0,31,45674.47,S10,South
2024-02-28,P102,Laptop Pro,Electronics,60229.12,25,11,496890.24,S05,North
2024-02-28,P104,Smart TV 43,Electronics,55612.24,10,5,250255.08,S02,South
2024-02-28,P404,Wooden Bookshelf,Home,3754.49,10,18,60822.74,S08,West
2024-02-28,P406,Air Purifier,Home,1313.49,0,14,18388.86,S04,West
2024-02-28,P504,Lipstick Set,Beauty,431.98,25,48,15551.28,S01,West
2024-02-28,P205,Formal Blazer,Fashion,1719.3,25,21,27078.97,S04,South
2024-02-28,P304,Organic Honey,Grocery,597.21,10,63,33861.81,S07,West
2024-02-28,P304,Organic Honey,Grocery,325.67,30,65,14817.98,S03,South
2024-02-28,P205,Formal Blazer,Fashion,1650.43,5,20,31358.17,S02,South
2024-02-28,P104,Smart TV 43,Electronics,77186.31,30,9,486273.75,S03,East
2024-02-28,P502,Hair Serum,Beauty,1027.95,0,43,44201.85,S06,North
2024-02-28,P505,Body Lotion,Beauty,2990.96,5,35,99449.42,S01,North
2024-02-28,P104,Smart TV 43,Electronics,69457.33,10,6,375069.58,S01,East
2024-02-28,P105,Tablet Z2,Electronics,26537.52,15,9,203012.03,S05,East
2024-02-28,P202,Women Kurti,Fashion,2998.21,20,17,40775.66,S10,East
2024-02-28,P502,Hair Serum,Beauty,2538.31,20,32,64980.74,S09,North
2024-02-28,P402,Cotton Bedsheet,Home,10459.17,10,12,112959.04,S09,West
2024-02-28,P101,Smartphone X1,Electronics,30474.35,20,8,195035.84,S09,North
2024-02-28,P501,Face Moisturizer,Beauty,2915.82,15,39,96659.43,S06,South
2024-02-28,P104,Smart TV 43,Electronics,37248.69,5,8,283090.04,S04,East
2024-02-29,P204,Sports Shoes,Fashion,952.62,10,16,13717.73,S07,South
2024-02-29,P106,Bluetooth Speaker,Electronics,23130.36,15,6,117964.84,S08,South
2024-02-29,P302,Sunflower Oil 1L,Grocery,308.88,0,79,24401.52,S09,North
2024-02-29,P401,Stainless Steel Cookware,Home,12129.1,40,23,167381.58,S10,West
2024-02-29,P402,Cotton Bedsheet,Home,6181.16,0,13,80355.08,S07,South
2024-02-29,P401,Stainless Steel Cookware,Home,3242.65,10,23,67122.85,S06,North
2024-02-29,P105,Tablet Z2,Electronics,64920.43,10,8,467427.1,S05,North
2024-02-29,P306,Mixed Nuts 500g,Grocery,690.16,40,102,42237.79,S04,South
2024-02-29,P405,LED Desk Lamp,Home,6862.15,0,18,123518.7,S02,West
2024-02-29,P201,Men Casual Shirt,Fashion,3168.65,5,15,45153.26,S04,East
2024-02-29,P303,Whole Wheat Flour,Grocery,620.09,5,57,33577.87,S05,East
2024-02-29,P302,Sunflower Oil 1L,Grocery,677.92,40,117,47589.98,S02,West
2024-02-29,P506,Perfume 100ml,Beauty,2121.17,25,38,60453.35,S05,West
2024-02-29,P101,Smartphone X1,Electronics,35362.69,40,13,275828.98,S02,South
2024-02-29,P505,Body Lotion,Beauty,1740.45,10,32,50124.96,S05,North
2024-02-29,P106,Bluetooth Speaker,Electronics,69571.79,0,9,626146.11,S01,South
2024-02-29,P204,Sports Shoes,Fashion,1644.51,0,23,37823.73,S02,North
2024-02-29,P305,Green Tea Pack,Grocery,262.13,5,68,16933.6,S05,North
2024-02-29,P306,Mixed Nuts 500g,Grocery,614.9,20,62,30499.04,S04,South
2024-02-29,P203,Denim Jeans,Fashion,4940.83,0,18,88934.94,S03,West
2024-02-29,P301,Basmati Rice 5kg,Grocery,526.56,5,75,37517.4,S06,West
2024-03-01,P404,Wooden Bookshelf,Home,4746.89,0,12,56962.68,S08,East
2024-03-01,P505,Body Lotion,Beauty,1113.27,5,28,29612.98,S07,North
2024-03-01,P302,Sunflower Oil 1L,Grocery,421.59,0,80,33727.2,S06,South
2024-03-01,P204,Sports Shoes,Fashion,4425.5,15,17,63948.47,S09,East
2024-03-01,P202,Women Kurti,Fashion,2546.5,20,27,55004.4,S02,East
2024-03-01,P206,Summer Dress,Fashion,4242.96,10,14,53461.3,S09,East
2024-03-01,P304,Organic Honey,Grocery,193.13,5,73,13393.57,S05,North
2024-03-01,P202,Women Kurti,Fashion,2451.79,30,24,41190.07,S10,West
2024-03-01,P404,Wooden Bookshelf,Home,8567.89,5,11,89534.45,S03,North
2024-03-01,P502,Hair Serum,Beauty,2311.42,0,21,48539.82,S08,East
2024-03-01,P103,Wireless Earbuds,Electronics,18652.3,0,6,111913.8,S06,East
2024-03-01,P403,Wall Clock,Home,14866.97,15,25,315923.11,S08,North
2024-03-01,P404,Wooden Bookshelf,Home,3888.11,25,18,52489.49,S02,East
2024-03-01,P504,Lipstick Set,Beauty,2053.95,0,39,80104.05,S04,North
2024-03-01,P106,Bluetooth Speaker,Electronics,27731.9,0,10,277319.0,S04,North
2024-03-02,P506,Perfume 100ml,Beauty,2678.09,20,54,115693.49,S01,West
2024-03-02,P301,Basmati Rice 5kg,Grocery,175.46,5,86,14335.08,S05,West
2024-03-02,P305,Green Tea Pack,Grocery,607.75,5,130,75057.12,S01,North
2024-03-02,P506,Perfume 100ml,Beauty,116.6,10,47,4932.18,S04,South
2024-03-02,P101,Smartphone X1,Electronics,58858.65,0,9,529727.85,S04,South
2024-03-02,P105,Tablet Z2,Electronics,19271.42,15,11,180187.78,S05,East
2024-03-02,P102,Laptop Pro,Electronics,51443.19,30,18,648184.19,S10,North
2024-03-02,P304,Organic Honey,Grocery,692.7,40,177,73564.74,S06,West
2024-03-02,P404,Wooden Bookshelf,Home,7205.15,10,20,129692.7,S03,South
2024-03-02,P301,Basmati Rice 5kg,Grocery,637.07,10,96,55042.85,S05,West
2024-03-02,P401,Stainless Steel Cookware,Home,13469.32,40,38,307100.5,S08,West
2024-03-03,P203,Denim Jeans,Fashion,354.53,30,30,7445.13,S03,South
2024-03-03,P503,Sunscreen SPF50,Beauty,1509.69,0,33,49819.77,S06,West
2024-03-03,P406,Air Purifier,Home,14295.14,15,30,364526.07,S08,West
2024-03-03,P504,Lipstick Set,Beauty,2691.53,0,30,80745.9,S07,East
2024-03-03,P106,Bluetooth Speaker,Electronics,37027.08,40,13,288811.22,S03,West
2024-03-03,P303,Whole Wheat Flour,Grocery,414.38,5,93,36610.47,S08,South
2024-03-03,P103,Wireless Earbuds,Electronics,60331.29,0,8,482650.32,S03,West
2024-03-03,P503,Sunscreen SPF50,Beauty,2376.91,5,36,81290.32,S05,North
2024-03-03,P204,Sports Shoes,Fashion,860.97,5,42,34352.7,S04,North
2024-03-03,P101,Smartphone X1,Electronics,39876.19,20,11,350910.47,S04,South
2024-03-03,P405,LED Desk Lamp,Home,13524.25,10,23,279951.98,S05,West
2024-03-03,P206,Summer Dress,Fashion,1754.16,0,31,54378.96,S02,North
2024-03-03,P501,Face Moisturizer,Beauty,815.63,0,28,22837.64,S06,East
2024-03-04,P304,Organic Honey,Grocery,694.06,0,55,38173.3,S09,East
2024-03-04,P402,Cotton Bedsheet,Home,14293.57,5,16,217262.26,S02,South
2024-03-04,P301,Basmati Rice 5kg,Grocery,740.48,10,56,37320.19,S04,South
2024-03-04,P503,Sunscreen SPF50,Beauty,729.38,40,37,16192.24,S09,North
2024-03-04,P404,Wooden Bookshelf,Home,8498.75,20,19,129181.0,S02,West
2024-03-04,P103,Wireless Earbuds,Electronics,35467.02,5,8,269549.35,S10,West
2024-03-04,P506,Perfume 100ml,Beauty,1069.96,10,29,27925.96,S04,South
2024-03-04,P505,Body Lotion,Beauty,933.26,0,35,32664.1,S08,North
2024-03-04,P201,Men Casual Shirt,Fashion,3240.05,5,24,73873.14,S02,South
2024-03-04,P402,Cotton Bedsheet,Home,2250.87,25,25,42203.81,S01,South
2024-03-04,P506,Perfume 100ml,Beauty,1481.16,0,25,37029.0,S08,South
2024-03-04,P204,Sports Shoes,Fashion,2638.02,15,35,78481.1,S04,North
2024-03-04,P401,Stainless Steel Cookware,Home,6645.1,5,16,101005.52,S05,North
2024-03-05,P204,Sports Shoes,Fashion,3545.94,0,23,81556.62,S06,West
2024-03-05,P204,Sports Shoes,Fashion,1537.5,5,24,35055.0,S03,North
2024-03-05,P403,Wall Clock,Home,3324.01,5,15,47367.14,S08,North
2024-03-05,P204,Sports Shoes,Fashion,1950.79,10,24,42137.06,S08,West
2024-03-05,P102,Laptop Pro,Electronics,79201.45,30,10,554410.15,S06,West
2024-03-05,P305,Green Tea Pack,Grocery,153.02,5,66,9594.35,S10,East
2024-03-05,P202,Women Kurti,Fashion,3787.24,30,0,0.0,S09,South
2024-03-05,P405,LED Desk Lamp,Home,2432.08,10,15,32833.08,S03,North
2024-03-05,P404,Wooden Bookshelf,Home,6913.54,0,17,117530.18,S06,South
2024-03-05,P203,Denim Jeans,Fashion,1522.47,0,14,21314.58,S09,West
2024-03-05,P404,Wooden Bookshelf,Home,12484.71,30,18,157307.35,S02,East
2024-03-05,P105,Tablet Z2,Electronics,79050.42,20,7,442682.35,S03,South
2024-03-05,P503,Sunscreen SPF50,Beauty,102.01,5,31,3004.19,S07,West
2024-03-05,P305,Green Tea Pack,Grocery,700.32,0,78,54624.96,S01,North
2024-03-05,P201,Men Casual Shirt,Fashion,2039.21,20,18,29364.62,S03,West
2024-03-05,P401,Stainless Steel Cookware,Home,5049.84,15,14,60093.1,S03,West
2024-03-05,P101,Smartphone X1,Electronics,12494.92,10,4,44981.71,S09,North
2024-03-05,P506,Perfume 100ml,Beauty,2046.47,5,26,50547.81,S06,South
2024-03-06,P106,Bluetooth Speaker,Electronics,41399.66,30,13,376736.91,S06,North
2024-03-06,P205,Formal Blazer,Fashion,4377.47,0,17,74416.99,S05,East
2024-03-06,P404,Wooden Bookshelf,Home,14370.88,10,18,232808.26,S01,North
2024-03-06,P501,Face Moisturizer,Beauty,1086.95,30,46,34999.79,S02,North
2024-03-06,P102,Laptop Pro,Electronics,35895.59,20,10,287164.72,S02,South
2024-03-06,P506,Perfume 100ml,Beauty,1414.46,0,17,24045.82,S09,East
2024-03-06,P401,Stainless Steel Cookware,Home,11135.45,30,21,163691.11,S03,North
2024-03-06,P304,Organic Honey,Grocery,572.7,0,79,45243.3,S06,West
2024-03-06,P303,Whole Wheat Flour,Grocery,742.21,15,87,54886.43,S02,South
2024-03-06,P305,Green Tea Pack,Grocery,765.84,0,41,31399.44,S03,West
2024-03-06,P205,Formal Blazer,Fashion,1929.0,20,24,37036.8,S09,West
2024-03-06,P303,Whole Wheat Flour,Grocery,397.82,0,53,21084.46,S05,East
2024-03-06,P505,Body Lotion,Beauty,1171.73,30,26,21325.49,S04,South
2024-03-07,P506,Perfume 100ml,Beauty,1013.1,10,22,20059.38,S03,South
2024-03-07,P304,Organic Honey,Grocery,445.73,10,50,20057.85,S08,South
2024-03-07,P501,Face Moisturizer,Beauty,1400.0,10,30,37800.0,S02,West
2024-03-07,P401,Stainless Steel Cookware,Home,5587.4,5,12,63696.36,S03,East
2024-03-07,P106,Bluetooth Speaker,Electronics,67701.35,40,10,406208.1,S02,East
2024-03-07,P301,Basmati Rice 5kg,Grocery,761.28,30,80,42631.68,S03,South
2024-03-07,P202,Women Kurti,Fashion,3810.88,0,23,87650.24,S04,North
2024-03-07,P402,Cotton Bedsheet,Home,11822.93,5,10,112317.83,S09,East
2024-03-07,P403,Wall Clock,Home,3117.42,15,20,52996.14,S06,South
2024-03-07,P505,Body Lotion,Beauty,850.19,40,45,22955.13,S01,East
2024-03-07,P301,Basmati Rice 5kg,Grocery,320.12,10,44,12676.75,S09,West
2024-03-07,P303,Whole Wheat Flour,Grocery,76.49,25,80,4589.4,S05,South
2024-03-07,P202,Women Kurti,Fashion,4614.69,15,23,90217.19,S07,West
2024-03-07,P301,Basmati Rice 5kg,Grocery,190.08,10,76,13001.47,S05,West
2024-03-08,P102,Laptop Pro,Electronics,12641.59,5,7,84066.57,S03,East
2024-03-08,P501,Face Moisturizer,Beauty,577.44,5,29,15908.47,S06,West
2024-03-08,P403,Wall Clock,Home,12713.42,15,20,216128.14,S03,North
2024-03-08,P303,Whole Wheat Flour,Grocery,500.7,15,73,31068.43,S04,East
2024-03-08,P403,Wall Clock,Home,2724.55,0,24,65389.2,S01,North
2024-03-08,P203,Denim Jeans,Fashion,1146.29,0,19,21779.51,S10,East
2024-03-08,P402,Cotton Bedsheet,Home,14769.69,20,18,212683.54,S06,East
2024-03-08,P504,Lipstick Set,Beauty,243.89,20,25,4877.8,S07,East
2024-03-08,P406,Air Purifier,Home,12099.25,10,13,141561.23,S10,South
2024-03-08,P101,Smartphone X1,Electronics,66474.94,10,8,478619.57,S10,West
2024-03-08,P403,Wall Clock,Home,1262.98,40,19,14397.97,S07,West
2024-03-09,P201,Men Casual Shirt,Fashion,3198.9,20,33,84450.96,S05,South
2024-03-09,P303,Whole Wheat Flour,Grocery,308.39,30,120,25904.76,S04,East
2024-03-09,P104,Smart TV 43,Electronics,51174.93,0,5,255874.65,S07,East
2024-03-09,P201,Men Casual Shirt,Fashion,2259.32,0,23,51964.36,S04,East
2024-03-09,P202,Women Kurti,Fashion,2965.32,20,37,87773.47,S08,East
2024-03-09,P204,Sports Shoes,Fashion,2653.04,20,25,53060.8,S05,East
2024-03-09,P503,Sunscreen SPF50,Beauty,1957.11,10,57,100399.74,S06,North
2024-03-09,P503,Sunscreen SPF50,Beauty,1764.87,10,39,61946.94,S02,West
2024-03-09,P104,Smart TV 43,Electronics,35860.26,10,11,355016.57,S06,South
2024-03-09,P404,Wooden Bookshelf,Home,2817.22,25,23,48597.04,S03,East
2024-03-09,P201,Men Casual Shirt,Fashion,3945.09,15,25,83833.16,S03,East
2024-03-09,P301,Basmati Rice 5kg,Grocery,290.37,10,91,23781.3,S02,South
2024-03-09,P503,Sunscreen SPF50,Beauty,2305.27,0,28,64547.56,S02,South
2024-03-09,P301,Basmati Rice 5kg,Grocery,540.22,5,96,49268.06,S05,West
2024-03-09,P305,Green Tea Pack,Grocery,544.02,20,136,59189.38,S05,North
2024-03-09,P505,Body Lotion,Beauty,2355.82,10,43,91170.23,S01,South
2024-03-09,P401,Stainless Steel Cookware,Home,6007.86,15,27,137880.39,S08,North
2024-03-09,P406,Air Purifier,Home,539.53,20,26,11222.22,S10,West
2024-03-09,P504,Lipstick Set,Beauty,2456.67,25,75,138187.69,S01,North
2024-03-09,P506,Perfume 100ml,Beauty,1163.83,5,44,48648.09,S01,West
2024-03-09,P206,Summer Dress,Fashion,2718.05,10,17,41586.17,S03,East
2024-03-10,P404,Wooden Bookshelf,Home,14973.57,10,24,323429.11,S04,East
2024-03-10,P502,Hair Serum,Beauty,1983.56,20,42,66647.62,S03,West
2024-03-10,P501,Face Moisturizer,Beauty,534.03,25,49,19625.6,S03,South
2024-03-10,P302,Sunflower Oil 1L,Grocery,619.8,40,51,18965.88,S05,East
2024-03-10,P206,Summer Dress,Fashion,1883.12,15,33,52821.52,S05,East
2024-03-10,P505,Body Lotion,Beauty,2159.64,20,54,93296.45,S01,West
2024-03-10,P304,Organic Honey,Grocery,513.0,0,91,46683.0,S10,West
2024-03-10,P103,Wireless Earbuds,Electronics,29299.71,0,11,322296.81,S08,North
2024-03-10,P503,Sunscreen SPF50,Beauty,2287.54,0,32,73201.28,S07,West
2024-03-10,P205,Formal Blazer,Fashion,830.37,10,38,28398.65,S04,West
2024-03-10,P103,Wireless Earbuds,Electronics,44334.4,0,10,443344.0,S07,West
2024-03-10,P102,Laptop Pro,Electronics,15290.71,30,9,96331.47,S07,West
2024-03-10,P102,Laptop Pro,Electronics,79145.08,30,13,720220.23,S01,South
2024-03-11,P202,Women Kurti,Fashion,536.03,5,19,9675.34,S09,West
2024-03-11,P202,Women Kurti,Fashion,1015.13,0,19,19287.47,S02,South
2024-03-11,P203,Denim Jeans,Fashion,584.44,5,23,12770.01,S08,West
2024-03-11,P102,Laptop Pro,Electronics,6170.75,20,9,44429.4,S02,South
2024-03-11,P403,Wall Clock,Home,9350.6,0,15,140259.0,S10,East
2024-03-11,P303,Whole Wheat Flour,Grocery,53.29,0,56,2984.24,S02,South
2024-03-11,P105,Tablet Z2,Electronics,29863.66,30,10,209045.62,S07,South
2024-03-11,P204,Sports Shoes,Fashion,666.94,30,35,16340.03,S04,West
2024-03-11,P306,Mixed Nuts 500g,Grocery,750.73,15,67,42754.07,S07,North
2024-03-11,P404,Wooden Bookshelf,Home,8634.16,40,34,176136.86,S08,North
2024-03-11,P306,Mixed Nuts 500g,Grocery,277.51,25,65,13528.61,S03,South
2024-03-12,P505,Body Lotion,Beauty,367.9,0,24,8829.6,S07,South
2024-03-12,P306,Mixed Nuts 500g,Grocery,140.6,30,63,6200.46,S07,East
2024-03-12,P105,Tablet Z2,Electronics,66455.44,0,8,531643.52,S01,East
2024-03-12,P101,Smartphone X1,Electronics,42580.01,5,10,404510.1,S04,North
2024-03-12,P503,Sunscreen SPF50,Beauty,2526.38,0,21,53053.98,S03,East
2024-03-12,P306,Mixed Nuts 500g,Grocery,198.17,0,83,16448.11,S04,South
2024-03-12,P503,Sunscreen SPF50,Beauty,1737.54,25,36,46913.58,S05,West
2024-03-12,P403,Wall Clock,Home,10601.78,20,22,186591.33,S04,North
2024-03-12,P405,LED Desk Lamp,Home,14721.19,0,13,191375.47,S05,South
2024-03-12,P102,Laptop Pro,Electronics,65374.19,0,7,457619.33,S03,North
2024-03-12,P402,Cotton Bedsheet,Home,1518.28,10,16,21863.23,S01,East
2024-03-12,P106,Bluetooth Speaker,Electronics,17531.6,15,9,134116.74,S03,North
2024-03-12,P401,Stainless Steel Cookware,Home,694.1,0,17,11799.7,S02,North
2024-03-13,P505,Body Lotion,Beauty,2535.71,0,22,55785.62,S05,West
2024-03-13,P206,Summer Dress,Fashion,2958.91,5,32,89950.86,S01,North
2024-03-13,P103,Wireless Earbuds,Electronics,30358.94,10,7,191261.32,S02,East
2024-03-13,P104,Smart TV 43,Electronics,46452.89,40,10,278717.34,S10,East
2024-03-13,P401,Stainless Steel Cookware,Home,2082.45,20,18,29987.28,S10,North
2024-03-13,P401,Stainless Steel Cookware,Home,485.36,10,13,5678.71,S07,East
2024-03-13,P306,Mixed Nuts 500g,Grocery,765.19,30,65,34816.15,S05,East
2024-03-14,P102,Laptop Pro,Electronics,29812.95,0,9,268316.55,S04,North
2024-03-14,P105,Tablet Z2,Electronics,7023.94,20,8,44953.22,S10,East
2024-03-14,P406,Air Purifier,Home,1924.39,0,17,32714.63,S01,North
2024-03-14,P505,Body Lotion,Beauty,1987.67,30,34,47306.55,S02,East
2024-03-14,P503,Sunscreen SPF50,Beauty,2428.17,10,50,109267.65,S01,West
2024-03-14,P404,Wooden Bookshelf,Home,4543.21,25,26,88592.6,S06,West
2024-03-14,P303,Whole Wheat Flour,Grocery,191.83,40,120,13811.76,S05,North
2024-03-14,P204,Sports Shoes,Fashion,3257.17,5,27,83546.41,S05,North
2024-03-14,P505,Body Lotion,Beauty,862.91,0,33,28476.03,S06,South
2024-03-14,P202,Women Kurti,Fashion,3023.5,25,33,74831.62,S06,West
2024-03-14,P406,Air Purifier,Home,1064.52,0,11,11709.72,S07,East
2024-03-14,P506,Perfume 100ml,Beauty,720.29,10,31,20096.09,S07,South
2024-03-15,P403,Wall Clock,Home,13690.51,20,15,164286.12,S07,East
2024-03-15,P405,LED Desk Lamp,Home,14395.43,40,25,215931.45,S08,North
2024-03-15,P305,Green Tea Pack,Grocery,507.22,40,91,27694.21,S10,North
2024-03-15,P403,Wall Clock,Home,7599.95,15,20,129199.15,S04,East
2024-03-15,P503,Sunscreen SPF50,Beauty,693.23,20,31,17192.1,S08,North
2024-03-15,P103,Wireless Earbuds,Electronics,2452.87,10,8,17660.66,S03,South
2024-03-15,P302,Sunflower Oil 1L,Grocery,514.12,15,80,34960.16,S01,South
2024-03-15,P404,Wooden Bookshelf,Home,8099.98,40,28,136079.66,S01,North
2024-03-15,P203,Denim Jeans,Fashion,3482.69,5,19,62862.55,S04,East
2024-03-15,P503,Sunscreen SPF50,Beauty,2599.67,0,25,64991.75,S02,East
2024-03-15,P406,Air Purifier,Home,1721.83,15,19,27807.55,S07,North
2024-03-15,P403,Wall Clock,Home,4818.44,40,22,63603.41,S04,East
2024-03-16,P201,Men Casual Shirt,Fashion,4525.21,0,20,90504.2,S05,East
2024-03-16,P306,Mixed Nuts 500g,Grocery,134.4,10,98,11854.08,S10,North
2024-03-16,P402,Cotton Bedsheet,Home,11232.26,40,35,235877.46,S05,South
2024-03-16,P205,Formal Blazer,Fashion,3196.46,10,29,83427.61,S07,South
2024-03-16,P506,Perfume 100ml,Beauty,1132.49,40,71,48244.07,S06,North
2024-03-16,P106,Bluetooth Speaker,Electronics,51175.97,5,8,388937.37,S03,North
2024-03-16,P203,Denim Jeans,Fashion,1879.72,25,39,54981.81,S04,South
2024-03-16,P106,Bluetooth Speaker,Electronics,67939.32,0,8,543514.56,S07,South
2024-03-16,P504,Lipstick Set,Beauty,1277.35,25,48,45984.6,S08,West
2024-03-16,P102,Laptop Pro,Electronics,73544.05,15,10,625124.42,S08,East
2024-03-16,P506,Perfume 100ml,Beauty,1141.93,0,31,35399.83,S01,East
2024-03-16,P303,Whole Wheat Flour,Grocery,567.12,0,91,51607.92,S01,North
2024-03-16,P505,Body Lotion,Beauty,1018.3,30,47,33502.07,S04,East
2024-03-17,P303,Whole Wheat Flour,Grocery,631.13,0,55,34712.15,S02,East
2024-03-17,P402,Cotton Bedsheet,Home,1039.56,20,32,26612.74,S06,South
2024-03-17,P501,Face Moisturizer,Beauty,1670.49,10,44,66151.4,S05,North
2024-03-17,P202,Women Kurti,Fashion,2794.96,20,31,69315.01,S09,West
2024-03-17,P202,Women Kurti,Fashion,3609.02,5,33,113142.78,S06,South
2024-03-17,P304,Organic Honey,Grocery,638.44,0,57,36391.08,S09,West
2024-03-17,P203,Denim Jeans,Fashion,1132.29,5,30,32270.26,S03,North
2024-03-17,P302,Sunflower Oil 1L,Grocery,734.81,10,82,54228.98,S10,South
2024-03-17,P104,Smart TV 43,Electronics,69548.11,5,8,528565.64,S09,West
2024-03-17,P302,Sunflower Oil 1L,Grocery,145.63,30,102,10397.98,S03,South
2024-03-17,P104,Smart TV 43,Electronics,61290.58,15,9,468872.94,S04,East
2024-03-17,P104,Smart TV 43,Electronics,23270.96,5,9,198966.71,S01,East
2024-03-17,P401,Stainless Steel Cookware,Home,14847.27,10,21,280613.4,S05,West
2024-03-17,P403,Wall Clock,Home,13589.15,0,12,163069.8,S03,East
2024-03-17,P106,Bluetooth Speaker,Electronics,68284.46,5,10,648702.37,S09,North
2024-03-17,P101,Smartphone X1,Electronics,33312.64,15,14,396420.42,S04,East
2024-03-18,P104,Smart TV 43,Electronics,2495.61,10,8,17968.39,S10,East
2024-03-18,P401,Stainless Steel Cookware,Home,3459.76,15,17,49993.53,S07,North
2024-03-18,P206,Summer Dress,Fashion,3639.78,40,25,54596.7,S04,East
2024-03-18,P505,Body Lotion,Beauty,2100.37,10,30,56709.99,S07,North
2024-03-18,P206,Summer Dress,Fashion,4943.38,5,20,93924.22,S05,East
2024-03-18,P201,Men Casual Shirt,Fashion,4451.6,0,20,89032.0,S06,East
2024-03-18,P203,Denim Jeans,Fashion,328.5,10,18,5321.7,S09,East
2024-03-18,P302,Sunflower Oil 1L,Grocery,357.78,20,106,30339.74,S01,West
2024-03-18,P404,Wooden Bookshelf,Home,14558.09,5,16,221282.97,S07,West
2024-03-18,P305,Green Tea Pack,Grocery,70.06,20,101,5660.85,S05,North
2024-03-18,P105,Tablet Z2,Electronics,15066.8,25,9,101700.9,S07,South
2024-03-18,P104,Smart TV 43,Electronics,56013.56,0,8,448108.48,S04,East
2024-03-19,P204,Sports Shoes,Fashion,1169.22,0,26,30399.72,S10,North
2024-03-19,P501,Face Moisturizer,Beauty,1728.89,40,33,34232.02,S07,North
2024-03-19,P103,Wireless Earbuds,Electronics,50170.8,20,8,321093.12,S01,East
2024-03-19,P105,Tablet Z2,Electronics,66045.35,20,7,369853.96,S05,East
2024-03-19,P106,Bluetooth Speaker,Electronics,9213.94,40,10,55283.64,S07,East
2024-03-19,P401,Stainless Steel Cookware,Home,4638.39,10,16,66792.82,S08,South
2024-03-19,P304,Organic Honey,Grocery,586.58,0,65,38127.7,S06,West
2024-03-19,P506,Perfume 100ml,Beauty,1980.27,5,25,47031.41,S05,East
2024-03-19,P306,Mixed Nuts 500g,Grocery,442.16,0,63,27856.08,S05,North
2024-03-19,P504,Lipstick Set,Beauty,2778.06,0,25,69451.5,S10,West
2024-03-19,P204,Sports Shoes,Fashion,2874.98,10,20,51749.64,S02,West
2024-03-19,P501,Face Moisturizer,Beauty,2996.07,0,25,74901.75,S09,North
2024-03-19,P402,Cotton Bedsheet,Home,11275.2,20,20,180403.2,S01,North
2024-03-20,P404,Wooden Bookshelf,Home,4596.59,30,19,61134.65,S03,East
2024-03-20,P304,Organic Honey,Grocery,509.81,0,58,29568.98,S03,East
2024-03-20,P202,Women Kurti,Fashion,1002.41,10,24,21652.06,S05,South
2024-03-20,P302,Sunflower Oil 1L,Grocery,183.18,0,64,11723.52,S05,East
2024-03-20,P205,Formal Blazer,Fashion,3586.79,5,16,54519.21,S09,East
2024-03-20,P104,Smart TV 43,Electronics,26124.62,40,17,266471.12,S10,North
2024-03-20,P403,Wall Clock,Home,7583.34,40,21,95550.08,S06,East
2024-03-20,P305,Green Tea Pack,Grocery,293.92,40,88,15518.98,S03,North
2024-03-20,P206,Summer Dress,Fashion,4089.27,5,22,85465.74,S08,East
2024-03-20,P302,Sunflower Oil 1L,Grocery,421.97,15,83,29769.98,S08,North
2024-03-20,P401,Stainless Steel Cookware,Home,802.66,10,10,7223.94,S03,South
2024-03-20,P104,Smart TV 43,Electronics,72395.87,0,10,723958.7,S01,South
2024-03-21,P104,Smart TV 43,Electronics,29354.85,15,10,249516.23,S05,North
2024-03-21,P302,Sunflower Oil 1L,Grocery,341.82,5,77,25004.13,S04,North
2024-03-21,P303,Whole Wheat Flour,Grocery,420.7,10,53,20067.39,S03,South
2024-03-21,P303,Whole Wheat Flour,Grocery,401.42,0,46,18465.32,S07,West
2024-03-21,P404,Wooden Bookshelf,Home,12435.27,0,12,149223.24,S07,South
2024-03-21,P505,Body Lotion,Beauty,718.82,0,29,20845.78,S07,West
2024-03-21,P406,Air Purifier,Home,13005.43,30,22,200283.62,S05,West
2024-03-21,P406,Air Purifier,Home,13288.92,5,16,201991.58,S06,East
2024-03-21,P104,Smart TV 43,Electronics,47187.86,25,9,318518.05,S05,South
2024-03-21,P201,Men Casual Shirt,Fashion,1256.63,30,21,18472.46,S07,South
2024-03-21,P404,Wooden Bookshelf,Home,10905.91,25,24,196306.38,S04,East
2024-03-21,P204,Sports Shoes,Fashion,3350.64,5,19,60479.05,S10,South
2024-03-21,P103,Wireless Earbuds,Electronics,54922.49,20,11,483317.91,S08,West
2024-03-21,P206,Summer Dress,Fashion,3654.38,40,23,50430.44,S03,East
2024-03-22,P306,Mixed Nuts 500g,Grocery,761.09,5,63,45551.24,S02,West
2024-03-22,P402,Cotton Bedsheet,Home,7305.88,15,13,80729.97,S09,West
2024-03-22,P301,Basmati Rice 5kg,Grocery,310.75,15,82,21659.27,S02,South
2024-03-22,P502,Hair Serum,Beauty,1060.94,15,32,28857.57,S07,South
2024-03-22,P504,Lipstick Set,Beauty,601.58,30,36,15159.82,S04,East
2024-03-22,P505,Body Lotion,Beauty,2708.56,5,30,77193.96,S02,West
2024-03-22,P401,Stainless Steel Cookware,Home,6243.55,10,16,89907.12,S08,East
2024-03-22,P503,Sunscreen SPF50,Beauty,2671.14,30,45,84140.91,S04,North
2024-03-22,P106,Bluetooth Speaker,Electronics,35019.39,25,8,210116.34,S06,South
2024-03-22,P401,Stainless Steel Cookware,Home,10099.33,10,12,109072.76,S07,East
2024-03-23,P405,LED Desk Lamp,Home,5288.58,10,18,85675.0,S07,South
2024-03-23,P504,Lipstick Set,Beauty,1779.24,10,57,91275.01,S01,West
2024-03-23,P203,Denim Jeans,Fashion,1313.61,30,42,38620.13,S08,South
2024-03-23,P402,Cotton Bedsheet,Home,12460.72,5,18,213078.31,S03,West
2024-03-23,P102,Laptop Pro,Electronics,69304.77,0,9,623742.93,S10,West
2024-03-23,P106,Bluetooth Speaker,Electronics,4169.83,40,14,35026.57,S10,South
2024-03-23,P502,Hair Serum,Beauty,2701.65,0,34,91856.1,S09,North
2024-03-23,P505,Body Lotion,Beauty,1338.59,5,42,53409.74,S08,North
2024-03-23,P303,Whole Wheat Flour,Grocery,324.95,5,75,23152.69,S04,East
2024-03-23,P204,Sports Shoes,Fashion,3881.55,5,26,95874.29,S10,West
2024-03-23,P202,Women Kurti,Fashion,3039.46,0,23,69907.58,S09,East
2024-03-23,P204,Sports Shoes,Fashion,3785.67,10,36,122655.71,S05,North
2024-03-23,P403,Wall Clock,Home,2880.35,10,26,67400.19,S02,South
2024-03-23,P301,Basmati Rice 5kg,Grocery,381.88,5,79,28660.09,S09,South
2024-03-23,P305,Green Tea Pack,Grocery,78.14,0,80,6251.2,S02,North
2024-03-24,P204,Sports Shoes,Fashion,4750.96,10,26,111172.46,S06,West
2024-03-24,P102,Laptop Pro,Electronics,10001.7,10,13,117019.89,S08,West
2024-03-24,P401,Stainless Steel Cookware,Home,10704.79,5,21,213560.56,S01,South
2024-03-24,P202,Women Kurti,Fashion,710.71,5,35,23631.11,S06,North
2024-03-24,P301,Basmati Rice 5kg,Grocery,191.24,0,79,15107.96,S08,East
2024-03-24,P205,Formal Blazer,Fashion,3173.38,30,32,71083.71,S07,East
2024-03-24,P506,Perfume 100ml,Beauty,2130.76,15,30,54334.38,S05,East
2024-03-24,P302,Sunflower Oil 1L,Grocery,375.55,20,99,29743.56,S04,South
2024-03-24,P506,Perfume 100ml,Beauty,515.77,10,49,22745.46,S02,North
2024-03-24,P302,Sunflower Oil 1L,Grocery,451.29,15,152,58306.67,S04,West
2024-03-24,P402,Cotton Bedsheet,Home,11313.38,10,23,234186.97,S08,East
2024-03-24,P401,Stainless Steel Cookware,Home,2444.77,25,26,47673.01,S07,West
2024-03-25,P405,LED Desk Lamp,Home,6302.39,20,15,75628.68,S09,South
2024-03-25,P201,Men Casual Shirt,Fashion,595.87,0,15,8938.05,S03,North
2024-03-25,P303,Whole Wheat Flour,Grocery,520.69,15,78,34521.75,S08,West
2024-03-25,P106,Bluetooth Speaker,Electronics,8671.71,0,8,69373.68,S08,North
2024-03-25,P102,Laptop Pro,Electronics,69161.8,25,10,518713.5,S04,East
2024-03-25,P205,Formal Blazer,Fashion,3682.87,0,21,77340.27,S03,North
2024-03-25,P506,Perfume 100ml,Beauty,2383.65,40,36,51486.84,S06,North
2024-03-25,P104,Smart TV 43,Electronics,51292.38,30,13,466760.66,S05,North
2024-03-25,P504,Lipstick Set,Beauty,179.65,40,39,4203.81,S07,West
2024-03-25,P104,Smart TV 43,Electronics,9960.32,10,6,53785.73,S07,East
2024-03-25,P204,Sports Shoes,Fashion,815.12,25,28,17117.52,S08,West
2024-03-25,P401,Stainless Steel Cookware,Home,10268.81,30,23,165327.84,S01,South
2024-03-25,P505,Body Lotion,Beauty,2951.1,40,44,77909.04,S03,North
2024-03-25,P403,Wall Clock,Home,14942.52,20,23,274942.37,S01,South
2024-03-25,P502,Hair Serum,Beauty,655.03,10,25,14738.18,S03,North
2024-03-25,P203,Denim Jeans,Fashion,2995.82,0,33,98862.06,S01,North
2024-03-25,P505,Body Lotion,Beauty,1186.24,5,32,36061.7,S08,North
2024-03-25,P305,Green Tea Pack,Grocery,548.0,0,46,25208.0,S09,South
2024-03-26,P102,Laptop Pro,Electronics,46331.3,5,7,308103.15,S06,West
2024-03-26,P104,Smart TV 43,Electronics,30379.33,30,10,212655.31,S01,East
2024-03-26,P502,Hair Serum,Beauty,1912.16,5,46,83561.39,S01,North
2024-03-26,P305,Green Tea Pack,Grocery,566.52,0,47,26626.44,S07,East
2024-03-26,P406,Air Purifier,Home,12958.16,40,13,101073.65,S03,East
2024-03-26,P503,Sunscreen SPF50,Beauty,276.36,40,51,8456.62,S01,South
2024-03-26,P206,Summer Dress,Fashion,4147.18,0,21,87090.78,S02,East
2024-03-26,P504,Lipstick Set,Beauty,2715.91,5,27,69663.09,S02,West
2024-03-26,P301,Basmati Rice 5kg,Grocery,477.18,30,90,30062.34,S09,South
2024-03-26,P203,Denim Jeans,Fashion,1104.31,5,23,24129.17,S08,West
2024-03-26,P405,LED Desk Lamp,Home,5166.44,40,31,96095.78,S06,West
2024-03-26,P306,Mixed Nuts 500g,Grocery,413.52,10,86,32006.45,S06,North
2024-03-26,P403,Wall Clock,Home,10442.61,10,13,122178.54,S03,West
2024-03-26,P102,Laptop Pro,Electronics,69057.67,5,7,459233.51,S10,West
2024-03-26,P106,Bluetooth Speaker,Electronics,2091.62,20,9,15059.66,S02,West
2024-03-27,P405,LED Desk Lamp,Home,2602.22,40,22,34349.3,S05,West
2024-03-27,P503,Sunscreen SPF50,Beauty,2700.95,0,21,56719.95,S07,East
2024-03-27,P306,Mixed Nuts 500g,Grocery,610.18,0,53,32339.54,S07,South
2024-03-27,P202,Women Kurti,Fashion,2043.12,0,25,51078.0,S04,South
2024-03-27,P405,LED Desk Lamp,Home,12669.89,10,19,216655.12,S05,North
2024-03-27,P203,Denim Jeans,Fashion,1654.65,10,23,34251.26,S08,West
2024-03-27,P502,Hair Serum,Beauty,2612.77,0,22,57480.94,S05,East
2024-03-27,P501,Face Moisturizer,Beauty,950.06,10,30,25651.62,S03,North
2024-03-27,P405,LED Desk Lamp,Home,5463.8,20,19,83049.76,S10,North
2024-03-27,P103,Wireless Earbuds,Electronics,14731.89,0,6,88391.34,S05,South
2024-03-27,P105,Tablet Z2,Electronics,29557.77,5,7,196559.17,S10,South
2024-03-27,P401,Stainless Steel Cookware,Home,14936.27,0,13,194171.51,S07,South
2024-03-28,P501,Face Moisturizer,Beauty,2328.79,40,33,46110.04,S09,South
2024-03-28,P406,Air Purifier,Home,8457.0,10,15,114169.5,S05,North
2024-03-28,P503,Sunscreen SPF50,Beauty,1879.47,0,28,52625.16,S05,South
2024-03-28,P101,Smartphone X1,Electronics,76385.57,0,0,0.0,S08,North
2024-03-28,P206,Summer Dress,Fashion,575.23,0,31,17832.13,S01,North
2024-03-28,P105,Tablet Z2,Electronics,79430.64,5,5,377295.54,S07,North
2024-03-28,P305,Green Tea Pack,Grocery,315.65,15,106,28440.06,S06,West
2024-03-28,P506,Perfume 100ml,Beauty,1734.56,40,33,34344.29,S09,West
2024-03-28,P503,Sunscreen SPF50,Beauty,379.94,15,40,12917.96,S08,West
2024-03-28,P303,Whole Wheat Flour,Grocery,313.96,0,61,19151.56,S10,North
2024-03-28,P303,Whole Wheat Flour,Grocery,797.99,0,71,56657.29,S02,North
2024-03-29,P205,Formal Blazer,Fashion,4796.45,0,19,91132.55,S10,South
2024-03-29,P202,Women Kurti,Fashion,3729.17,5,23,81482.36,S07,West
2024-03-29,P403,Wall Clock,Home,1296.22,10,14,16332.37,S07,South
2024-03-29,P304,Organic Honey,Grocery,640.46,10,92,53030.09,S09,North
2024-03-29,P306,Mixed Nuts 500g,Grocery,780.55,5,81,60063.32,S10,West
2024-03-29,P101,Smartphone X1,Electronics,40930.01,0,7,286510.07,S10,East
2024-03-29,P206,Summer Dress,Fashion,2954.13,0,18,53174.34,S03,South
2024-03-29,P102,Laptop Pro,Electronics,6084.08,10,6,32854.03,S09,East
2024-03-29,P505,Body Lotion,Beauty,1473.69,20,35,41263.32,S04,West
2024-03-29,P405,LED Desk Lamp,Home,6526.64,20,16,83540.99,S07,South
2024-03-29,P202,Women Kurti,Fashion,4995.75,15,28,118898.85,S01,North
2024-03-30,P102,Laptop Pro,Electronics,2019.24,10,8,14538.53,S07,West
2024-03-30,P404,Wooden Bookshelf,Home,1617.87,0,23,37211.01,S01,South
2024-03-30,P106,Bluetooth Speaker,Electronics,75815.49,5,14,1008346.02,S02,North
2024-03-30,P401,Stainless Steel Cookware,Home,10025.46,0,17,170432.82,S04,West
2024-03-30,P401,Stainless Steel Cookware,Home,6187.45,0,21,129936.45,S02,East
2024-03-30,P203,Denim Jeans,Fashion,4687.63,25,31,108987.4,S05,West
2024-03-30,P505,Body Lotion,Beauty,399.4,5,41,15556.63,S10,East
2024-03-30,P506,Perfume 100ml,Beauty,960.18,10,0,0.0,S09,West
2024-03-30,P106,Bluetooth Speaker,Electronics,70904.91,5,9,606236.98,S05,East
2024-03-30,P303,Whole Wheat Flour,Grocery,128.14,25,154,14800.17,S01,West
2024-03-30,P201,Men Casual Shirt,Fashion,3899.66,25,41,119914.54,S02,South
2024-03-30,P405,LED Desk Lamp,Home,8886.31,20,25,177726.2,S08,South
2024-03-30,P502,Hair Serum,Beauty,1736.53,30,39,47407.27,S03,South
2024-03-30,P304,Organic Honey,Grocery,208.46,10,91,17072.87,S10,South
2024-03-30,P105,Tablet Z2,Electronics,33340.23,0,10,333402.3,S10,East
2024-03-31,P502,Hair Serum,Beauty,1372.56,0,44,60392.64,S06,South
2024-03-31,P203,Denim Jeans,Fashion,2592.9,5,29,71434.4,S02,South
2024-03-31,P406,Air Purifier,Home,10164.79,5,20,193131.01,S03,South
2024-03-31,P406,Air Purifier,Home,6699.25,0,14,93789.5,S09,North
2024-03-31,P403,Wall Clock,Home,4857.33,0,16,77717.28,S07,East
2024-03-31,P206,Summer Dress,Fashion,537.28,25,64,25789.44,S01,East
2024-03-31,P206,Summer Dress,Fashion,1598.12,10,21,30204.47,S05,South
2024-03-31,P104,Smart TV 43,Electronics,51150.93,30,15,537084.76,S04,West
2024-03-31,P401,Stainless Steel Cookware,Home,11930.32,15,33,334645.48,S06,North
2024-03-31,P203,Denim Jeans,Fashion,3111.82,30,38,82774.41,S07,North
2024-03-31,P303,Whole Wheat Flour,Grocery,115.47,10,106,11015.84,S02,South
2024-03-31,P106,Bluetooth Speaker,Electronics,57344.16,20,11,504628.61,S06,East
2024-03-31,P505,Body Lotion,Beauty,163.96,0,22,3607.12,S02,West
2024-03-31,P302,Sunflower Oil 1L,Grocery,605.13,40,146,53009.39,S06,East
2024-03-31,P105,Tablet Z2,Electronics,15727.09,40,17,160416.32,S08,South
2024-03-31,P304,Organic Honey,Grocery,744.94,40,160,71514.24,S06,South
2024-04-01,P302,Sunflower Oil 1L,Grocery,194.81,0,65,12662.65,S05,East
2024-04-01,P104,Smart TV 43,Electronics,59699.34,0,10,596993.4,S08,South
2024-04-01,P502,Hair Serum,Beauty,1263.87,0,31,39179.97,S04,South
2024-04-01,P503,Sunscreen SPF50,Beauty,705.35,40,36,15235.56,S05,East
2024-04-01,P106,Bluetooth Speaker,Electronics,69497.39,5,8,528180.16,S06,East
2024-04-01,P103,Wireless Earbuds,Electronics,29018.92,0,7,203132.44,S08,West
2024-04-01,P202,Women Kurti,Fashion,1370.11,10,35,43158.46,S06,West
2024-04-01,P106,Bluetooth Speaker,Electronics,32863.71,5,7,218543.67,S05,East
2024-04-02,P204,Sports Shoes,Fashion,3004.23,20,25,60084.6,S10,East
2024-04-02,P402,Cotton Bedsheet,Home,7689.24,0,17,130717.08,S04,West
2024-04-02,P404,Wooden Bookshelf,Home,11255.44,20,21,189091.39,S04,North
2024-04-02,P402,Cotton Bedsheet,Home,12503.93,25,19,178181.0,S04,North
2024-04-02,P101,Smartphone X1,Electronics,38672.74,20,10,309381.92,S02,East
2024-04-02,P304,Organic Honey,Grocery,789.31,40,106,50200.12,S10,South
2024-04-02,P106,Bluetooth Speaker,Electronics,23415.32,0,9,210737.88,S06,West
2024-04-02,P202,Women Kurti,Fashion,1828.02,10,13,21387.83,S02,East
2024-04-02,P405,LED Desk Lamp,Home,11425.23,0,13,148527.99,S03,West
2024-04-02,P505,Body Lotion,Beauty,842.61,40,47,23761.6,S04,South
2024-04-03,P403,Wall Clock,Home,3303.34,10,16,47568.1,S03,West
2024-04-03,P104,Smart TV 43,Electronics,68156.81,5,12,776987.63,S06,North
2024-04-03,P105,Tablet Z2,Electronics,73434.6,10,8,528729.12,S07,North
2024-04-03,P301,Basmati Rice 5kg,Grocery,764.55,0,60,45873.0,S01,East
2024-04-03,P102,Laptop Pro,Electronics,20903.76,0,8,167230.08,S07,West
2024-04-03,P305,Green Tea Pack,Grocery,282.15,0,55,15518.25,S03,West
2024-04-03,P505,Body Lotion,Beauty,374.53,25,25,7022.44,S05,South
2024-04-04,P404,Wooden Bookshelf,Home,1880.31,30,15,19743.25,S07,South
2024-04-04,P505,Body Lotion,Beauty,399.55,0,16,6392.8,S09,West
2024-04-04,P205,Formal Blazer,Fashion,2071.93,40,43,53455.79,S03,North
2024-04-04,P504,Lipstick Set,Beauty,736.16,10,23,15238.51,S08,South
2024-04-04,P104,Smart TV 43,Electronics,33528.17,30,11,258166.91,S03,West
2024-04-04,P504,Lipstick Set,Beauty,2815.7,10,31,78558.03,S07,North
2024-04-04,P206,Summer Dress,Fashion,3455.55,25,32,82933.2,S07,West
2024-04-04,P204,Sports Shoes,Fashion,916.08,10,26,21436.27,S07,North
2024-04-04,P401,Stainless Steel Cookware,Home,7764.6,30,19,103269.18,S09,West
2024-04-04,P502,Hair Serum,Beauty,2912.85,40,49,85637.79,S05,West
2024-04-04,P101,Smartphone X1,Electronics,75079.43,0,10,750794.3,S08,North
2024-04-04,P206,Summer Dress,Fashion,4059.11,30,44,125020.59,S06,North
2024-04-05,P303,Whole Wheat Flour,Grocery,480.44,20,102,39203.9,S08,North
2024-04-05,P404,Wooden Bookshelf,Home,12136.76,20,19,184478.75,S08,West
2024-04-05,P502,Hair Serum,Beauty,2844.6,5,25,67559.25,S07,North
2024-04-05,P404,Wooden Bookshelf,Home,14100.65,10,15,190358.77,S04,South
2024-04-05,P403,Wall Clock,Home,2595.74,20,19,39455.25,S02,West
2024-04-05,P501,Face Moisturizer,Beauty,1353.6,5,28,36005.76,S07,West
2024-04-05,P403,Wall Clock,Home,11054.96,40,26,172457.38,S08,South
2024-04-05,P306,Mixed Nuts 500g,Grocery,202.22,10,58,10555.88,S08,West
2024-04-05,P103,Wireless Earbuds,Electronics,60808.17,25,11,501667.4,S10,South
2024-04-05,P403,Wall Clock,Home,13993.39,15,18,214098.87,S06,North
2024-04-05,P305,Green Tea Pack,Grocery,613.64,30,87,37370.68,S03,South
2024-04-05,P401,Stainless Steel Cookware,Home,14654.63,5,15,208828.48,S10,South
2024-04-05,P303,Whole Wheat Flour,Grocery,390.56,30,71,19410.83,S09,East
2024-04-05,P504,Lipstick Set,Beauty,1547.86,20,21,26004.05,S05,East
2024-04-05,P403,Wall Clock,Home,5896.03,5,16,89619.66,S08,West
2024-04-05,P204,Sports Shoes,Fashion,3020.29,30,42,88796.53,S10,South
2024-04-05,P301,Basmati Rice 5kg,Grocery,595.16,20,56,26663.17,S09,West
2024-04-05,P403,Wall Clock,Home,6486.62,0,16,103785.92,S04,South
2024-04-05,P402,Cotton Bedsheet,Home,13630.72,10,13,159479.42,S03,North
2024-04-06,P102,Laptop Pro,Electronics,70838.78,0,9,637549.02,S08,South
2024-04-06,P103,Wireless Earbuds,Electronics,15050.35,20,13,156523.64,S04,East
2024-04-06,P301,Basmati Rice 5kg,Grocery,347.34,10,80,25008.48,S07,North
2024-04-06,P504,Lipstick Set,Beauty,2366.15,20,25,47323.0,S09,West
2024-04-06,P104,Smart TV 43,Electronics,29009.61,40,13,226274.96,S07,South
2024-04-06,P205,Formal Blazer,Fashion,855.0,0,23,19665.0,S09,North
2024-04-06,P505,Body Lotion,Beauty,2944.02,0,37,108928.74,S10,North
2024-04-06,P401,Stainless Steel Cookware,Home,14941.13,40,25,224116.95,S03,East
2024-04-06,P405,LED Desk Lamp,Home,5623.88,10,24,121475.81,S08,West
2024-04-06,P502,Hair Serum,Beauty,2011.16,20,37,59530.34,S07,South
2024-04-06,P402,Cotton Bedsheet,Home,11417.84,0,21,239774.64,S01,East
2024-04-06,P304,Organic Honey,Grocery,799.19,0,77,61537.63,S01,West
2024-04-06,P102,Laptop Pro,Electronics,16299.29,5,7,108390.28,S07,East
2024-04-06,P202,Women Kurti,Fashion,1490.65,40,47,42036.33,S09,North
2024-04-06,P205,Formal Blazer,Fashion,1510.88,15,25,32106.2,S09,East
2024-04-06,P105,Tablet Z2,Electronics,4291.38,40,13,33472.76,S04,East
2024-04-06,P203,Denim Jeans,Fashion,4586.72,10,26,107329.25,S05,East
2024-04-07,P303,Whole Wheat Flour,Grocery,163.51,30,121,13849.3,S03,East
2024-04-07,P105,Tablet Z2,Electronics,79468.86,25,13,774821.39,S01,East
2024-04-07,P101,Smartphone X1,Electronics,60484.28,0,10,604842.8,S08,North
2024-04-07,P504,Lipstick Set,Beauty,1721.48,40,71,73335.05,S01,North
2024-04-07,P103,Wireless Earbuds,Electronics,69358.88,10,9,561806.93,S02,East
2024-04-07,P505,Body Lotion,Beauty,1635.3,10,41,60342.57,S08,South
2024-04-07,P404,Wooden Bookshelf,Home,14618.58,5,35,486067.78,S01,West
2024-04-07,P506,Perfume 100ml,Beauty,1054.38,20,37,31209.65,S09,West
2024-04-07,P104,Smart TV 43,Electronics,69776.83,15,9,533792.75,S03,East
2024-04-07,P104,Smart TV 43,Electronics,43026.41,10,9,348513.92,S09,West
2024-04-07,P202,Women Kurti,Fashion,889.26,15,30,22676.13,S03,West
2024-04-07,P304,Organic Honey,Grocery,328.17,25,91,22397.6,S05,North
2024-04-07,P302,Sunflower Oil 1L,Grocery,795.61,40,125,59670.75,S08,East
2024-04-07,P304,Organic Honey,Grocery,117.82,30,97,7999.98,S05,North
2024-04-07,P404,Wooden Bookshelf,Home,6138.29,10,23,127062.6,S08,East
2024-04-07,P204,Sports Shoes,Fashion,2297.61,10,34,70306.87,S04,East
2024-04-07,P405,LED Desk Lamp,Home,2204.48,30,27,41664.67,S03,West
2024-04-07,P405,LED Desk Lamp,Home,2924.36,0,23,67260.28,S04,East
2024-04-07,P106,Bluetooth Speaker,Electronics,42217.85,5,12,481283.49,S02,West
2024-04-07,P506,Perfume 100ml,Beauty,2887.83,5,26,71329.4,S03,East
2024-04-08,P404,Wooden Bookshelf,Home,2568.27,10,20,46228.86,S06,South
2024-04-08,P305,Green Tea Pack,Grocery,617.16,40,70,25920.72,S03,West
2024-04-08,P405,LED Desk Lamp,Home,6083.86,20,12,58405.06,S02,South
2024-04-08,P201,Men Casual Shirt,Fashion,640.69,20,25,12813.8,S03,West
2024-04-08,P504,Lipstick Set,Beauty,755.42,30,45,23795.73,S04,West
2024-04-08,P402,Cotton Bedsheet,Home,13932.64,40,14,117034.18,S03,East
2024-04-08,P306,Mixed Nuts 500g,Grocery,53.13,0,56,2975.28,S07,North
2024-04-08,P104,Smart TV 43,Electronics,39348.1,5,9,336426.25,S03,North
2024-04-08,P101,Smartphone X1,Electronics,28625.85,30,16,320609.52,S04,North
2024-04-08,P405,LED Desk Lamp,Home,896.83,25,25,16815.56,S04,East
2024-04-08,P503,Sunscreen SPF50,Beauty,1057.84,10,23,21897.29,S09,South
2024-04-08,P102,Laptop Pro,Electronics,57584.46,10,10,518260.14,S01,West
2024-04-08,P201,Men Casual Shirt,Fashion,1895.55,0,26,49284.3,S06,North
2024-04-08,P206,Summer Dress,Fashion,2813.26,5,40,106903.88,S06,West
2024-04-08,P203,Denim Jeans,Fashion,2852.09,0,20,57041.8,S02,West
2024-04-08,P104,Smart TV 43,Electronics,38630.37,0,9,347673.33,S04,West
2024-04-08,P406,Air Purifier,Home,8530.31,40,22,112600.09,S08,East
2024-04-08,P401,Stainless Steel Cookware,Home,14815.57,30,21,217788.88,S10,South
2024-04-09,P503,Sunscreen SPF50,Beauty,441.68,5,20,8391.92,S09,West
2024-04-09,P103,Wireless Earbuds,Electronics,43072.23,0,6,258433.38,S09,West
2024-04-09,P404,Wooden Bookshelf,Home,2104.69,10,17,32201.76,S04,East
2024-04-09,P506,Perfume 100ml,Beauty,2347.04,0,19,44593.76,S09,South
2024-04-09,P405,LED Desk Lamp,Home,744.79,25,24,13406.22,S08,East
2024-04-09,P102,Laptop Pro,Electronics,6149.08,5,8,46733.01,S05,North
2024-04-09,P105,Tablet Z2,Electronics,50793.17,20,9,365710.82,S03,North
2024-04-09,P302,Sunflower Oil 1L,Grocery,272.69,20,99,21597.05,S04,South
2024-04-09,P102,Laptop Pro,Electronics,37605.72,10,10,338451.48,S06,North
2024-04-09,P105,Tablet Z2,Electronics,20131.04,0,6,120786.24,S06,South
2024-04-09,P501,Face Moisturizer,Beauty,1210.96,25,33,29971.26,S07,South
2024-04-09,P201,Men Casual Shirt,Fashion,552.3,25,30,12426.75,S03,East
2024-04-09,P101,Smartphone X1,Electronics,14327.56,0,10,143275.6,S01,South
2024-04-09,P305,Green Tea Pack,Grocery,370.24,15,56,17623.42,S05,East
2024-04-09,P301,Basmati Rice 5kg,Grocery,493.19,10,64,28407.74,S01,South
2024-04-09,P502,Hair Serum,Beauty,559.31,0,34,19016.54,S02,West
2024-04-10,P401,Stainless Steel Cookware,Home,10956.12,0,14,153385.68,S09,South
2024-04-10,P304,Organic Honey,Grocery,714.8,40,96,41172.48,S10,North
2024-04-10,P504,Lipstick Set,Beauty,2931.25,10,30,79143.75,S01,East
2024-04-10,P106,Bluetooth Speaker,Electronics,50798.06,10,14,640055.56,S06,North
2024-04-10,P506,Perfume 100ml,Beauty,607.79,0,24,14586.96,S04,South
2024-04-10,P304,Organic Honey,Grocery,587.47,15,77,38449.91,S02,West
2024-04-10,P501,Face Moisturizer,Beauty,464.82,10,36,15060.17,S08,North
2024-04-10,P102,Laptop Pro,Electronics,8391.88,0,6,50351.28,S07,West
2024-04-10,P502,Hair Serum,Beauty,2818.63,25,43,90900.82,S06,North
2024-04-10,P203,Denim Jeans,Fashion,1429.84,0,16,22877.44,S10,East
2024-04-10,P505,Body Lotion,Beauty,1202.41,5,26,29699.53,S09,South
2024-04-10,P402,Cotton Bedsheet,Home,3512.83,5,18,60069.39,S08,East
2024-04-10,P504,Lipstick Set,Beauty,2039.24,0,22,44863.28,S08,North
2024-04-10,P202,Women Kurti,Fashion,1569.43,0,16,25110.88,S09,South
2024-04-11,P206,Summer Dress,Fashion,1706.13,0,25,42653.25,S07,North
2024-04-11,P404,Wooden Bookshelf,Home,12457.15,10,14,156960.09,S06,East
2024-04-11,P502,Hair Serum,Beauty,2885.27,5,25,68525.16,S02,South
2024-04-11,P502,Hair Serum,Beauty,2932.56,25,34,74780.28,S10,East
2024-04-11,P102,Laptop Pro,Electronics,13576.58,10,6,73313.53,S09,West
2024-04-12,P403,Wall Clock,Home,2467.02,30,26,44899.76,S06,North
2024-04-12,P101,Smartphone X1,Electronics,41546.96,30,10,290828.72,S03,West
2024-04-12,P304,Organic Honey,Grocery,352.9,0,53,18703.7,S09,West
2024-04-12,P401,Stainless Steel Cookware,Home,13830.46,15,18,211606.04,S09,West
2024-04-12,P305,Green Tea Pack,Grocery,396.63,20,86,27288.14,S05,South
2024-04-12,P405,LED Desk Lamp,Home,10501.97,20,15,126023.64,S09,North
2024-04-12,P303,Whole Wheat Flour,Grocery,780.18,5,52,38540.89,S06,East
2024-04-12,P102,Laptop Pro,Electronics,78738.79,0,7,551171.53,S09,West
2024-04-12,P102,Laptop Pro,Electronics,79747.94,30,8,446588.46,S09,West
2024-04-12,P102,Laptop Pro,Electronics,76069.4,15,10,646589.9,S01,South
2024-04-12,P401,Stainless Steel Cookware,Home,13174.39,0,12,158092.68,S02,East
2024-04-12,P501,Face Moisturizer,Beauty,2202.9,40,35,46260.9,S03,West
2024-04-13,P505,Body Lotion,Beauty,719.6,0,29,20868.4,S08,East
2024-04-13,P505,Body Lotion,Beauty,1165.49,0,37,43123.13,S06,North
2024-04-13,P306,Mixed Nuts 500g,Grocery,404.13,40,108,26187.62,S04,South
2024-04-13,P301,Basmati Rice 5kg,Grocery,778.05,10,74,51818.13,S02,East
2024-04-13,P406,Air Purifier,Home,338.97,5,22,7084.47,S07,North
2024-04-13,P305,Green Tea Pack,Grocery,488.59,40,68,19934.47,S09,East
2024-04-13,P301,Basmati Rice 5kg,Grocery,54.08,15,107,4918.58,S09,North
2024-04-13,P404,Wooden Bookshelf,Home,10442.67,0,26,271509.42,S07,North
2024-04-13,P303,Whole Wheat Flour,Grocery,704.87,15,72,43138.04,S03,East
2024-04-13,P101,Smartphone X1,Electronics,51292.49,25,20,769387.35,S08,North
2024-04-13,P103,Wireless Earbuds,Electronics,77748.76,0,10,777487.6,S08,North
2024-04-13,P105,Tablet Z2,Electronics,47281.97,0,11,520101.67,S07,North
2024-04-13,P206,Summer Dress,Fashion,1250.39,0,28,35010.92,S06,East
2024-04-13,P501,Face Moisturizer,Beauty,1566.76,5,61,90793.74,S01,West
2024-04-13,P101,Smartphone X1,Electronics,66241.6,0,11,728657.6,S10,North
2024-04-13,P305,Green Tea Pack,Grocery,440.72,25,103,34045.62,S01,East
2024-04-13,P203,Denim Jeans,Fashion,949.64,10,37,31623.01,S06,North
2024-04-13,P105,Tablet Z2,Electronics,33506.07,5,143,4551799.61,S02,North
2024-04-13,P505,Body Lotion,Beauty,112.58,40,41,2769.47,S03,West
2024-04-13,P205,Formal Blazer,Fashion,4771.62,0,21,100204.02,S09,East
2024-04-13,P102,Laptop Pro,Electronics,76008.23,10,10,684074.07,S05,North
2024-04-14,P402,Cotton Bedsheet,Home,13318.85,25,35,349619.81,S06,South
2024-04-14,P203,Denim Jeans,Fashion,383.39,20,25,7667.8,S07,East
2024-04-14,P203,Denim Jeans,Fashion,3801.45,20,23,69946.68,S03,South
2024-04-14,P501,Face Moisturizer,Beauty,2927.66,40,51,89586.4,S04,East
2024-04-14,P301,Basmati Rice 5kg,Grocery,495.84,0,85,42146.4,S01,West
2024-04-14,P205,Formal Blazer,Fashion,3531.5,5,35,117422.38,S10,North
2024-04-14,P301,Basmati Rice 5kg,Grocery,425.48,20,59,20082.66,S03,East
2024-04-15,P502,Hair Serum,Beauty,1876.57,25,34,47852.53,S10,West
2024-04-15,P406,Air Purifier,Home,9924.69,0,21,208418.49,S10,North
2024-04-15,P103,Wireless Earbuds,Electronics,77381.28,0,8,619050.24,S08,South
2024-04-15,P205,Formal Blazer,Fashion,4849.33,40,29,84378.34,S05,East
2024-04-15,P105,Tablet Z2,Electronics,45526.35,20,11,400631.88,S04,West
2024-04-15,P402,Cotton Bedsheet,Home,8066.26,30,26,146805.93,S06,North
2024-04-15,P105,Tablet Z2,Electronics,52034.39,0,7,364240.73,S03,West
2024-04-15,P202,Women Kurti,Fashion,3852.74,5,23,84182.37,S02,West
2024-04-15,P401,Stainless Steel Cookware,Home,1007.96,5,17,16278.55,S02,East
2024-04-15,P202,Women Kurti,Fashion,4283.81,15,29,105595.92,S03,East
2024-04-15,P304,Organic Honey,Grocery,604.26,5,62,35590.91,S02,West
2024-04-15,P505,Body Lotion,Beauty,2088.47,5,33,65473.53,S06,South
2024-04-15,P301,Basmati Rice 5kg,Grocery,341.97,10,82,25237.39,S04,West
2024-04-15,P405,LED Desk Lamp,Home,12877.52,15,27,295539.08,S08,North
2024-04-16,P103,Wireless Earbuds,Electronics,23782.94,0,11,261612.34,S02,South
2024-04-16,P305,Green Tea Pack,Grocery,542.23,0,59,31991.57,S06,North
2024-04-16,P206,Summer Dress,Fashion,3580.86,30,36,90237.67,S05,East
2024-04-16,P504,Lipstick Set,Beauty,2328.3,20,38,70780.32,S04,North
2024-04-16,P204,Sports Shoes,Fashion,946.9,30,28,18559.24,S08,West
2024-04-16,P301,Basmati Rice 5kg,Grocery,232.49,25,83,14472.5,S07,North
2024-04-16,P302,Sunflower Oil 1L,Grocery,680.37,10,54,33065.98,S09,West
2024-04-16,P101,Smartphone X1,Electronics,66731.75,30,12,560546.7,S01,East
2024-04-16,P505,Body Lotion,Beauty,1084.76,0,21,22779.96,S02,East
2024-04-16,P302,Sunflower Oil 1L,Grocery,716.22,30,67,33590.72,S03,East
2024-04-16,P404,Wooden Bookshelf,Home,10130.27,0,16,162084.32,S05,North
2024-04-16,P105,Tablet Z2,Electronics,35908.72,40,11,236997.55,S02,West
2024-04-16,P106,Bluetooth Speaker,Electronics,70870.47,5,10,673269.46,S03,South
2024-04-16,P304,Organic Honey,Grocery,225.86,30,94,14861.59,S02,South
2024-04-16,P103,Wireless Earbuds,Electronics,73298.78,5,7,487436.89,S10,South
2024-04-16,P402,Cotton Bedsheet,Home,8719.07,30,20,122066.98,S05,South
2024-04-16,P304,Organic Honey,Grocery,198.28,5,60,11301.96,S10,North
2024-04-16,P506,Perfume 100ml,Beauty,2690.97,30,60,113020.74,S01,West
2024-04-16,P204,Sports Shoes,Fashion,4511.65,0,20,90233.0,S05,South
2024-04-17,P402,Cotton Bedsheet,Home,712.75,40,19,8125.35,S03,West
2024-04-17,P404,Wooden Bookshelf,Home,13374.84,10,14,168522.98,S03,West
2024-04-17,P506,Perfume 100ml,Beauty,2741.05,15,40,93195.7,S01,East
2024-04-17,P303,Whole Wheat Flour,Grocery,778.64,0,47,36596.08,S09,East
2024-04-17,P502,Hair Serum,Beauty,378.52,20,30,9084.48,S07,West
2024-04-17,P206,Summer Dress,Fashion,4751.25,5,18,81246.38,S03,South
2024-04-17,P403,Wall Clock,Home,2914.53,10,17,44592.31,S07,North
2024-04-17,P106,Bluetooth Speaker,Electronics,74746.94,5,9,639086.34,S03,West
2024-04-17,P403,Wall Clock,Home,14681.71,5,16,223161.99,S01,East
2024-04-17,P502,Hair Serum,Beauty,2910.15,10,24,62859.24,S02,East
2024-04-17,P202,Women Kurti,Fashion,1021.49,5,24,23289.97,S07,North
2024-04-17,P401,Stainless Steel Cookware,Home,6880.96,5,20,130738.24,S10,West
2024-04-17,P303,Whole Wheat Flour,Grocery,446.04,20,86,30687.55,S04,North
2024-04-17,P205,Formal Blazer,Fashion,4714.64,0,21,99007.44,S02,East
2024-04-17,P506,Perfume 100ml,Beauty,2629.05,0,19,49951.95,S02,East
2024-04-17,P203,Denim Jeans,Fashion,2059.5,40,37,45720.9,S08,South
2024-04-18,P303,Whole Wheat Flour,Grocery,687.5,0,67,46062.5,S05,North
2024-04-18,P202,Women Kurti,Fashion,1748.55,0,20,34971.0,S07,South
2024-04-18,P104,Smart TV 43,Electronics,66337.54,10,10,597037.86,S08,East
2024-04-18,P101,Smartphone X1,Electronics,56430.29,0,8,451442.32,S03,North
2024-04-18,P401,Stainless Steel Cookware,Home,9414.98,15,18,144049.19,S04,East
2024-04-18,P102,Laptop Pro,Electronics,6591.79,30,10,46142.53,S02,East
2024-04-18,P204,Sports Shoes,Fashion,3543.47,0,22,77956.34,S06,East
2024-04-19,P404,Wooden Bookshelf,Home,11120.32,10,17,170140.9,S03,South
2024-04-19,P104,Smart TV 43,Electronics,66143.97,5,9,565530.94,S01,West
2024-04-19,P506,Perfume 100ml,Beauty,1100.41,0,20,22008.2,S09,South
2024-04-19,P501,Face Moisturizer,Beauty,2502.62,0,28,70073.36,S05,West
2024-04-19,P202,Women Kurti,Fashion,986.06,30,52,35892.58,S01,North
2024-04-19,P405,LED Desk Lamp,Home,12677.7,0,16,202843.2,S09,West
2024-04-19,P101,Smartphone X1,Electronics,65216.73,25,10,489125.48,S07,South
2024-04-19,P406,Air Purifier,Home,6919.64,0,16,110714.24,S05,South
2024-04-20,P506,Perfume 100ml,Beauty,525.38,10,29,13712.42,S10,East
2024-04-20,P405,LED Desk Lamp,Home,12882.35,30,27,243476.41,S08,South
2024-04-20,P404,Wooden Bookshelf,Home,2112.85,25,27,42785.21,S02,East
2024-04-20,P503,Sunscreen SPF50,Beauty,2276.73,25,38,64886.81,S04,South
2024-04-20,P305,Green Tea Pack,Grocery,599.35,20,130,62332.4,S08,South
2024-04-20,P106,Bluetooth Speaker,Electronics,40261.29,20,15,483135.48,S04,North
2024-04-20,P103,Wireless Earbuds,Electronics,9824.56,5,8,74666.66,S07,East
2024-04-20,P206,Summer Dress,Fashion,3026.74,10,35,95342.31,S02,West
2024-04-20,P102,Laptop Pro,Electronics,24567.6,0,8,196540.8,S09,North
2024-04-20,P401,Stainless Steel Cookware,Home,14197.86,10,22,281117.63,S02,West
2024-04-20,P206,Summer Dress,Fashion,2075.53,0,28,58114.84,S02,West
2024-04-20,P403,Wall Clock,Home,7546.89,5,18,129051.82,S05,West
2024-04-20,P306,Mixed Nuts 500g,Grocery,154.83,0,90,13934.7,S07,North
2024-04-20,P304,Organic Honey,Grocery,764.27,5,63,45741.56,S09,West
2024-04-21,P506,Perfume 100ml,Beauty,2423.81,10,23,50172.87,S05,East
2024-04-21,P101,Smartphone X1,Electronics,44889.91,5,15,639681.22,S06,West
2024-04-21,P302,Sunflower Oil 1L,Grocery,567.72,30,101,40137.8,S07,East
2024-04-21,P102,Laptop Pro,Electronics,46942.63,10,9,380235.3,S07,East
2024-04-21,P303,Whole Wheat Flour,Grocery,464.82,0,116,53919.12,S06,North
2024-04-21,P304,Organic Honey,Grocery,126.91,0,59,7487.69,S07,North
2024-04-21,P306,Mixed Nuts 500g,Grocery,105.4,10,610,57864.6,S09,South
2024-04-21,P504,Lipstick Set,Beauty,1053.96,40,43,27192.17,S03,East
2024-04-21,P104,Smart TV 43,Electronics,73425.65,5,9,627789.31,S08,East
2024-04-21,P404,Wooden Bookshelf,Home,303.9,0,13,3950.7,S04,East
2024-04-21,P105,Tablet Z2,Electronics,13779.82,10,9,111616.54,S09,West
2024-04-22,P402,Cotton Bedsheet,Home,7774.85,10,13,90965.75,S09,East
2024-04-22,P405,LED Desk Lamp,Home,5283.12,30,22,81360.05,S03,North
2024-04-22,P102,Laptop Pro,Electronics,10589.51,20,8,67772.86,S06,East
2024-04-22,P302,Sunflower Oil 1L,Grocery,389.55,10,77,26995.82,S08,North
2024-04-22,P102,Laptop Pro,Electronics,45299.27,5,5,215171.53,S03,South
2024-04-22,P306,Mixed Nuts 500g,Grocery,488.37,0,57,27837.09,S09,West
2024-04-22,P206,Summer Dress,Fashion,2600.63,5,28,69176.76,S01,East
2024-04-22,P401,Stainless Steel Cookware,Home,13522.91,30,21,198786.78,S10,North
2024-04-23,P503,Sunscreen SPF50,Beauty,649.21,0,17,11036.57,S09,North
2024-04-23,P502,Hair Serum,Beauty,1363.93,0,35,47737.55,S01,South
2024-04-23,P305,Green Tea Pack,Grocery,354.55,0,90,31909.5,S04,North
2024-04-23,P106,Bluetooth Speaker,Electronics,69470.34,0,8,555762.72,S08,West
2024-04-23,P106,Bluetooth Speaker,Electronics,66506.8,0,10,665068.0,S01,West
2024-04-23,P404,Wooden Bookshelf,Home,1947.58,0,13,25318.54,S07,South
2024-04-23,P306,Mixed Nuts 500g,Grocery,750.98,40,85,38299.98,S09,West
2024-04-23,P503,Sunscreen SPF50,Beauty,1523.82,10,27,37028.83,S03,East
2024-04-23,P104,Smart TV 43,Electronics,52658.23,5,9,450227.87,S07,South
2024-04-23,P301,Basmati Rice 5kg,Grocery,350.96,10,71,22426.34,S10,North
2024-04-23,P401,Stainless Steel Cookware,Home,6734.49,40,27,109098.74,S08,North
2024-04-24,P403,Wall Clock,Home,8928.98,10,16,128577.31,S02,East
2024-04-24,P502,Hair Serum,Beauty,2397.83,30,28,46997.47,S07,North
2024-04-24,P401,Stainless Steel Cookware,Home,1366.43,10,13,15987.23,S03,East
2024-04-24,P206,Summer Dress,Fashion,1786.21,25,37,49567.33,S03,West
2024-04-24,P201,Men Casual Shirt,Fashion,966.44,0,27,26093.88,S06,West
2024-04-24,P305,Green Tea Pack,Grocery,101.66,0,48,4879.68,S09,South
2024-04-24,P401,Stainless Steel Cookware,Home,3687.02,10,13,43138.13,S09,South
2024-04-24,P103,Wireless Earbuds,Electronics,66118.07,40,12,476050.1,S09,West
2024-04-24,P402,Cotton Bedsheet,Home,4940.16,20,1,3952.13,S01,West
2024-04-24,P101,Smartphone X1,Electronics,76075.37,5,8,578172.81,S08,West
2024-04-24,P506,Perfume 100ml,Beauty,1001.18,5,18,17120.18,S05,South
2024-04-24,P104,Smart TV 43,Electronics,38702.58,5,9,330907.06,S05,West
2024-04-24,P401,Stainless Steel Cookware,Home,12709.86,0,14,177938.04,S08,East
2024-04-25,P402,Cotton Bedsheet,Home,13041.06,10,16,187791.26,S10,South
2024-04-25,P203,Denim Jeans,Fashion,1145.43,10,19,19586.85,S09,North
2024-04-25,P301,Basmati Rice 5kg,Grocery,252.17,30,91,16063.23,S02,East
2024-04-25,P402,Cotton Bedsheet,Home,6737.61,15,22,125993.31,S04,West
2024-04-25,P106,Bluetooth Speaker,Electronics,61186.41,10,11,605745.46,S04,West
2024-04-25,P406,Air Purifier,Home,13206.53,20,22,232434.93,S02,North
2024-04-25,P102,Laptop Pro,Electronics,62295.66,0,10,622956.6,S06,South
2024-04-25,P102,Laptop Pro,Electronics,21263.1,0,7,148841.7,S04,South
2024-04-25,P301,Basmati Rice 5kg,Grocery,481.79,30,92,31027.28,S02,South
2024-04-25,P105,Tablet Z2,Electronics,59749.59,40,16,573596.06,S01,East
2024-04-25,P202,Women Kurti,Fashion,360.32,20,30,8647.68,S04,North
2024-04-25,P302,Sunflower Oil 1L,Grocery,405.39,0,58,23512.62,S07,West
2024-04-25,P505,Body Lotion,Beauty,1087.85,0,34,36986.9,S02,South
2024-04-25,P301,Basmati Rice 5kg,Grocery,334.96,10,82,24720.05,S06,South
2024-04-25,P106,Bluetooth Speaker,Electronics,75137.64,10,10,676238.76,S10,West
2024-04-25,P501,Face Moisturizer,Beauty,2572.26,25,45,86813.78,S08,West
2024-04-26,P404,Wooden Bookshelf,Home,10513.47,10,19,179780.34,S01,East
2024-04-26,P301,Basmati Rice 5kg,Grocery,561.79,10,61,30842.27,S10,North
2024-04-26,P402,Cotton Bedsheet,Home,9984.35,0,21,209671.35,S04,West
2024-04-26,P506,Perfume 100ml,Beauty,1676.01,0,29,48604.29,S10,West
2024-04-26,P303,Whole Wheat Flour,Grocery,554.77,5,74,39000.33,S04,South
2024-04-26,P205,Formal Blazer,Fashion,2128.65,10,18,34484.13,S03,West
2024-04-26,P501,Face Moisturizer,Beauty,2278.79,30,30,47854.59,S03,West
2024-04-26,P104,Smart TV 43,Electronics,26740.79,10,7,168466.98,S05,East
2024-04-26,P106,Bluetooth Speaker,Electronics,38833.14,5,10,368914.83,S10,North
2024-04-26,P506,Perfume 100ml,Beauty,626.32,25,29,13622.46,S08,East
2024-04-26,P506,Perfume 100ml,Beauty,657.9,20,26,13684.32,S03,West
2024-04-26,P103,Wireless Earbuds,Electronics,34387.05,0,9,309483.45,S08,East
2024-04-26,P301,Basmati Rice 5kg,Grocery,468.75,20,95,35625.0,S03,North
2024-04-26,P305,Green Tea Pack,Grocery,385.14,10,53,18371.18,S09,East
2024-04-26,P406,Air Purifier,Home,10743.97,0,10,107439.7,S03,North
2024-04-26,P506,Perfume 100ml,Beauty,2724.75,0,23,62669.25,S01,South
2024-04-26,P503,Sunscreen SPF50,Beauty,518.3,0,19,9847.7,S07,South
2024-04-27,P504,Lipstick Set,Beauty,862.97,10,42,32620.27,S02,North
2024-04-27,P305,Green Tea Pack,Grocery,54.02,20,126,5445.22,S10,North
2024-04-27,P506,Perfume 100ml,Beauty,2072.99,25,56,87065.58,S04,South
2024-04-27,P106,Bluetooth Speaker,Electronics,5126.9,0,13,66649.7,S01,North
2024-04-27,P303,Whole Wheat Flour,Grocery,399.92,25,139,41691.66,S08,West
2024-04-27,P403,Wall Clock,Home,11646.53,20,24,223613.38,S05,North
2024-04-27,P304,Organic Honey,Grocery,309.03,30,104,22497.38,S03,North
2024-04-27,P102,Laptop Pro,Electronics,2145.3,10,15,28961.55,S02,West
2024-04-27,P204,Sports Shoes,Fashion,3660.78,15,256,796585.73,S10,North
2024-04-27,P406,Air Purifier,Home,902.51,40,36,19494.22,S05,South
2024-04-27,P105,Tablet Z2,Electronics,64343.27,5,11,672387.17,S07,North
2024-04-28,P201,Men Casual Shirt,Fashion,4271.28,20,43,146932.03,S02,West
2024-04-28,P205,Formal Blazer,Fashion,2756.16,0,23,63391.68,S09,West
2024-04-28,P104,Smart TV 43,Electronics,7170.87,25,15,80672.29,S08,East
2024-04-28,P503,Sunscreen SPF50,Beauty,2204.37,0,47,103605.39,S01,West
2024-04-28,P202,Women Kurti,Fashion,701.34,0,30,21040.2,S01,West
2024-04-28,P502,Hair Serum,Beauty,1119.88,30,52,40763.63,S07,North
2024-04-28,P203,Denim Jeans,Fashion,4287.85,25,50,160794.38,S08,West
2024-04-28,P503,Sunscreen SPF50,Beauty,2032.0,0,47,95504.0,S01,West
2024-04-28,P301,Basmati Rice 5kg,Grocery,302.24,5,62,17801.94,S03,South
2024-04-28,P402,Cotton Bedsheet,Home,2001.38,30,35,49033.81,S04,North
2024-04-28,P305,Green Tea Pack,Grocery,786.48,25,124,73142.64,S02,North
2024-04-28,P402,Cotton Bedsheet,Home,2630.73,40,37,58402.21,S06,South
2024-04-28,P203,Denim Jeans,Fashion,401.9,10,42,15191.82,S06,South
2024-04-28,P404,Wooden Bookshelf,Home,8450.55,20,28,189292.32,S03,North
2024-04-28,P505,Body Lotion,Beauty,598.12,15,42,21352.88,S04,North
2024-04-28,P506,Perfume 100ml,Beauty,2287.75,5,49,106494.76,S06,West
2024-04-28,P304,Organic Honey,Grocery,544.66,0,68,37036.88,S08,North
2024-04-28,P301,Basmati Rice 5kg,Grocery,673.23,40,141,56955.26,S06,North
2024-04-28,P104,Smart TV 43,Electronics,78237.53,5,11,817582.19,S02,South
2024-04-28,P101,Smartphone X1,Electronics,70915.45,40,22,936083.94,S06,South
2024-04-29,P506,Perfume 100ml,Beauty,1629.58,30,50,57035.3,S06,North
2024-04-29,P406,Air Purifier,Home,3781.98,10,12,40845.38,S07,South
2024-04-29,P304,Organic Honey,Grocery,597.87,15,72,36589.64,S02,East
2024-04-29,P504,Lipstick Set,Beauty,548.17,15,28,13046.45,S07,North
2024-04-29,P106,Bluetooth Speaker,Electronics,50080.86,10,7,315509.42,S03,East
2024-04-29,P101,Smartphone X1,Electronics,62231.26,0,11,684543.86,S04,West
2024-04-29,P203,Denim Jeans,Fashion,2740.46,5,26,67689.36,S03,North
2024-04-29,P501,Face Moisturizer,Beauty,2297.52,0,21,48247.92,S10,South
2024-04-29,P104,Smart TV 43,Electronics,69922.09,10,13,818088.45,S04,North
2024-04-29,P301,Basmati Rice 5kg,Grocery,317.73,0,31,9849.63,S04,East
2024-04-29,P305,Green Tea Pack,Grocery,294.32,5,75,20970.3,S07,West
2024-04-29,P503,Sunscreen SPF50,Beauty,2924.36,10,19,50006.56,S03,East
2024-04-29,P305,Green Tea Pack,Grocery,390.08,0,63,24575.04,S03,West
2024-04-29,P405,LED Desk Lamp,Home,3511.33,0,17,59692.61,S04,West
2024-04-29,P103,Wireless Earbuds,Electronics,16936.11,0,6,101616.66,S03,West
2024-04-29,P403,Wall Clock,Home,4546.07,40,17,46369.91,S09,East
2024-04-29,P402,Cotton Bedsheet,Home,7369.09,15,14,87692.17,S05,West
2024-04-29,P505,Body Lotion,Beauty,2990.23,20,27,64588.97,S06,West
2024-04-29,P301,Basmati Rice 5kg,Grocery,478.51,0,67,32060.17,S03,North
2024-04-29,P406,Air Purifier,Home,8458.03,0,13,109954.39,S06,East
2024-04-29,P401,Stainless Steel Cookware,Home,12286.59,10,11,121637.24,S02,East
2024-04-29,P105,Tablet Z2,Electronics,15053.43,10,5,67740.43,S09,South
2024-04-29,P504,Lipstick Set,Beauty,1727.37,0,43,74276.91,S01,North
2024-04-30,P505,Body Lotion,Beauty,574.19,5,20,10909.61,S06,East
2024-04-30,P501,Face Moisturizer,Beauty,596.04,0,32,19073.28,S10,South
2024-04-30,P401,Stainless Steel Cookware,Home,9362.38,40,23,129200.84,S05,South
2024-04-30,P201,Men Casual Shirt,Fashion,3410.25,0,20,68205.0,S09,West
2024-04-30,P103,Wireless Earbuds,Electronics,13727.23,0,7,96090.61,S07,South
2024-04-30,P505,Body Lotion,Beauty,2160.97,10,23,44732.08,S08,West
2024-04-30,P101,Smartphone X1,Electronics,60851.23,5,7,404660.68,S08,West
2024-04-30,P106,Bluetooth Speaker,Electronics,6139.77,5,8,46662.25,S03,West
2024-04-30,P101,Smartphone X1,Electronics,35686.37,40,14,299765.51,S02,North
2024-04-30,P404,Wooden Bookshelf,Home,13861.72,25,17,176736.93,S10,South
2024-04-30,P206,Summer Dress,Fashion,862.62,0,20,17252.4,S02,West
2024-04-30,P104,Smart TV 43,Electronics,66936.87,20,10,535494.96,S01,South
2024-04-30,P504,Lipstick Set,Beauty,433.08,0,22,9527.76,S05,East
2024-04-30,P306,Mixed Nuts 500g,Grocery,362.0,5,61,20977.9,S02,East
2024-04-30,P204,Sports Shoes,Fashion,1278.75,0,18,23017.5,S10,North
2024-05-01,P301,Basmati Rice 5kg,Grocery,361.9,30,134,33946.22,S04,West
2024-05-01,P103,Wireless Earbuds,Electronics,78432.05,25,14,823536.52,S06,North
2024-05-01,P502,Hair Serum,Beauty,821.29,15,35,24433.38,S06,North
2024-05-01,P104,Smart TV 43,Electronics,65913.72,0,7,461396.04,S04,South
2024-05-01,P404,Wooden Bookshelf,Home,10501.58,0,16,168025.28,S10,South
2024-05-01,P302,Sunflower Oil 1L,Grocery,775.42,0,64,49626.88,S09,North
2024-05-01,P306,Mixed Nuts 500g,Grocery,277.43,20,52,11541.09,S03,East
2024-05-01,P502,Hair Serum,Beauty,2308.87,30,36,58183.52,S03,West
2024-05-01,P103,Wireless Earbuds,Electronics,61256.48,15,9,468612.07,S03,North
2024-05-01,P402,Cotton Bedsheet,Home,9842.74,5,22,205713.27,S06,North
2024-05-01,P204,Sports Shoes,Fashion,4368.2,20,31,108331.36,S04,South
2024-05-01,P403,Wall Clock,Home,11534.04,20,20,184544.64,S04,East
2024-05-01,P204,Sports Shoes,Fashion,4014.91,15,41,139919.61,S01,North
2024-05-02,P405,LED Desk Lamp,Home,2199.7,40,26,34315.32,S05,West
2024-05-02,P106,Bluetooth Speaker,Electronics,24936.7,30,16,279291.04,S01,North
2024-05-02,P106,Bluetooth Speaker,Electronics,21257.57,40,14,178563.59,S08,North
2024-05-02,P105,Tablet Z2,Electronics,71448.91,15,9,546584.16,S08,West
2024-05-02,P302,Sunflower Oil 1L,Grocery,554.07,10,61,30418.44,S01,West
2024-05-02,P205,Formal Blazer,Fashion,4675.75,15,29,115257.24,S07,East
2024-05-02,P206,Summer Dress,Fashion,4069.21,0,35,142422.35,S02,West
2024-05-02,P105,Tablet Z2,Electronics,13688.24,0,6,82129.44,S10,North
2024-05-02,P503,Sunscreen SPF50,Beauty,789.03,25,37,21895.58,S03,North
2024-05-03,P301,Basmati Rice 5kg,Grocery,235.65,40,108,15270.12,S08,North
2024-05-03,P302,Sunflower Oil 1L,Grocery,682.33,0,66,45033.78,S04,East
2024-05-03,P302,Sunflower Oil 1L,Grocery,462.6,30,105,34001.1,S06,West
2024-05-03,P402,Cotton Bedsheet,Home,3933.36,15,18,60180.41,S08,West
2024-05-03,P303,Whole Wheat Flour,Grocery,363.62,25,109,29725.94,S06,West
2024-05-03,P304,Organic Honey,Grocery,488.89,15,75,31166.74,S09,East
2024-05-03,P104,Smart TV 43,Electronics,27853.28,5,8,211684.93,S02,East
2024-05-03,P306,Mixed Nuts 500g,Grocery,570.79,5,78,42295.54,S06,North
2024-05-03,P204,Sports Shoes,Fashion,2264.89,5,18,38729.62,S07,West
2024-05-03,P402,Cotton Bedsheet,Home,14395.92,20,17,195784.51,S02,West
2024-05-03,P501,Face Moisturizer,Beauty,539.46,15,41,18800.18,S05,South
2024-05-03,P201,Men Casual Shirt,Fashion,4192.19,15,30,106900.84,S07,South
2024-05-03,P304,Organic Honey,Grocery,788.07,10,77,54613.25,S04,South
2024-05-03,P501,Face Moisturizer,Beauty,244.74,15,38,7905.1,S05,West
2024-05-03,P405,LED Desk Lamp,Home,10709.71,15,18,163858.56,S09,West
2024-05-03,P305,Green Tea Pack,Grocery,386.96,40,116,26932.42,S10,North
2024-05-04,P404,Wooden Bookshelf,Home,248.95,40,36,5377.32,S02,South
2024-05-04,P501,Face Moisturizer,Beauty,816.5,10,30,22045.5,S10,South
2024-05-04,P406,Air Purifier,Home,2161.17,40,41,53164.78,S03,North
2024-05-04,P501,Face Moisturizer,Beauty,1241.78,30,40,34769.84,S09,East
2024-05-04,P402,Cotton Bedsheet,Home,2205.15,5,27,56562.1,S06,South
2024-05-04,P201,Men Casual Shirt,Fashion,3121.84,10,48,134863.49,S01,West
2024-05-04,P302,Sunflower Oil 1L,Grocery,313.45,0,79,24762.55,S07,North
2024-05-04,P402,Cotton Bedsheet,Home,3403.55,25,34,86790.53,S02,West
2024-05-04,P106,Bluetooth Speaker,Electronics,18243.17,20,11,160539.9,S04,East
2024-05-04,P404,Wooden Bookshelf,Home,8012.58,0,17,136213.86,S03,North
2024-05-04,P304,Organic Honey,Grocery,410.36,25,85,26160.45,S03,East
2024-05-04,P406,Air Purifier,Home,2934.11,30,40,82155.08,S01,West
2024-05-04,P103,Wireless Earbuds,Electronics,42677.65,10,12,460918.62,S06,South
2024-05-04,P506,Perfume 100ml,Beauty,994.76,40,58,34617.65,S07,South
2024-05-05,P301,Basmati Rice 5kg,Grocery,777.03,10,120,83919.24,S04,North
2024-05-05,P102,Laptop Pro,Electronics,63799.67,0,9,574197.03,S03,North
2024-05-05,P504,Lipstick Set,Beauty,1676.57,10,36,54320.87,S09,West
2024-05-05,P401,Stainless Steel Cookware,Home,2883.18,10,18,46707.52,S09,West
2024-05-05,P301,Basmati Rice 5kg,Grocery,581.07,5,67,36985.11,S03,East
2024-05-05,P101,Smartphone X1,Electronics,12704.41,5,10,120691.9,S05,West
2024-05-05,P205,Formal Blazer,Fashion,405.5,0,26,10543.0,S03,West
2024-05-05,P103,Wireless Earbuds,Electronics,21795.86,5,12,248472.8,S08,South
2024-05-05,P202,Women Kurti,Fashion,4275.74,10,39,150078.47,S04,South
2024-05-05,P201,Men Casual Shirt,Fashion,2899.25,30,48,97414.8,S03,West
2024-05-05,P105,Tablet Z2,Electronics,33054.02,0,12,396648.24,S08,West
2024-05-05,P304,Organic Honey,Grocery,327.38,5,89,27679.98,S03,West
2024-05-05,P203,Denim Jeans,Fashion,552.44,5,22,11546.0,S09,East
2024-05-05,P403,Wall Clock,Home,3379.57,10,22,66915.49,S05,East
2024-05-05,P401,Stainless Steel Cookware,Home,1484.32,10,23,30725.42,S04,East
2024-05-05,P204,Sports Shoes,Fashion,3633.5,0,32,116272.0,S10,West
2024-05-05,P504,Lipstick Set,Beauty,463.45,10,50,20855.25,S07,North
2024-05-05,P102,Laptop Pro,Electronics,26030.41,10,11,257701.06,S09,North
2024-05-06,P502,Hair Serum,Beauty,2767.64,0,26,71958.64,S03,West
2024-05-06,P203,Denim Jeans,Fashion,4482.61,15,36,137167.87,S02,North
2024-05-06,P506,Perfume 100ml,Beauty,1731.56,10,20,31168.08,S03,East
2024-05-06,P505,Body Lotion,Beauty,1244.58,40,52,38830.9,S08,North
2024-05-06,P301,Basmati Rice 5kg,Grocery,418.32,0,47,19661.04,S07,South
2024-05-06,P406,Air Purifier,Home,10584.64,0,13,137600.32,S10,East
2024-05-06,P406,Air Purifier,Home,12296.02,5,20,233624.38,S01,East
2024-05-06,P501,Face Moisturizer,Beauty,455.52,10,34,13938.91,S06,West
2024-05-06,P404,Wooden Bookshelf,Home,4760.26,15,200,809244.2,S06,North
2024-05-06,P201,Men Casual Shirt,Fashion,3036.8,10,26,71061.12,S05,South
2024-05-06,P503,Sunscreen SPF50,Beauty,2509.66,10,32,72278.21,S04,South
2024-05-06,P403,Wall Clock,Home,8518.21,5,16,129476.79,S05,East
2024-05-06,P205,Formal Blazer,Fashion,3416.83,0,228,779037.24,S09,North
2024-05-06,P504,Lipstick Set,Beauty,2094.62,40,54,67865.69,S01,West
2024-05-07,P501,Face Moisturizer,Beauty,2730.88,5,32,83018.75,S10,South
2024-05-07,P202,Women Kurti,Fashion,2389.83,10,30,64525.41,S04,South
2024-05-07,P506,Perfume 100ml,Beauty,2027.28,0,35,70954.8,S04,West
2024-05-07,P306,Mixed Nuts 500g,Grocery,350.23,0,49,17161.27,S07,South
2024-05-07,P304,Organic Honey,Grocery,296.37,40,120,21338.64,S06,West
2024-05-07,P505,Body Lotion,Beauty,1272.71,10,34,38944.93,S08,North
2024-05-07,P303,Whole Wheat Flour,Grocery,386.68,5,53,19469.34,S10,East
2024-05-07,P205,Formal Blazer,Fashion,4009.25,20,37,118673.8,S10,West
2024-05-07,P106,Bluetooth Speaker,Electronics,75432.29,25,11,622316.39,S09,North
2024-05-07,P103,Wireless Earbuds,Electronics,66502.95,0,8,532023.6,S08,North
2024-05-07,P103,Wireless Earbuds,Electronics,24204.9,15,8,164593.32,S02,East
2024-05-07,P202,Women Kurti,Fashion,3688.14,10,24,79663.82,S02,East
2024-05-07,P201,Men Casual Shirt,Fashion,1534.32,0,25,38358.0,S02,South
2024-05-07,P405,LED Desk Lamp,Home,12026.76,20,21,202049.57,S05,North
2024-05-07,P504,Lipstick Set,Beauty,677.53,40,52,21138.94,S03,North
2024-05-07,P302,Sunflower Oil 1L,Grocery,266.44,0,59,15719.96,S08,East
2024-05-07,P403,Wall Clock,Home,6627.27,0,15,99409.05,S07,North
2024-05-07,P401,Stainless Steel Cookware,Home,2060.69,20,16,26376.83,S09,East
2024-05-08,P106,Bluetooth Speaker,Electronics,40410.14,20,9,290953.01,S03,East
2024-05-08,P405,LED Desk Lamp,Home,11991.03,15,21,214039.89,S04,East
2024-05-08,P406,Air Purifier,Home,2583.17,5,15,36810.17,S04,East
2024-05-08,P104,Smart TV 43,Electronics,34296.24,0,6,205777.44,S09,South
2024-05-08,P405,LED Desk Lamp,Home,5449.45,40,19,62123.73,S03,West
2024-05-08,P505,Body Lotion,Beauty,2188.35,10,42,82719.63,S01,North
2024-05-08,P205,Formal Blazer,Fashion,4960.14,0,34,168644.76,S01,North
2024-05-08,P302,Sunflower Oil 1L,Grocery,594.58,5,76,42928.68,S02,West
2024-05-08,P103,Wireless Earbuds,Electronics,69196.34,5,8,525892.18,S05,East
2024-05-08,P503,Sunscreen SPF50,Beauty,333.75,10,22,6608.25,S08,South
2024-05-08,P504,Lipstick Set,Beauty,598.02,10,29,15608.32,S10,North
2024-05-08,P201,Men Casual Shirt,Fashion,1961.86,0,32,62779.52,S01,North
2024-05-08,P105,Tablet Z2,Electronics,28008.3,5,7,186255.2,S09,East
2024-05-08,P103,Wireless Earbuds,Electronics,31824.97,30,12,267329.75,S01,West
2024-05-08,P503,Sunscreen SPF50,Beauty,2285.63,25,42,71997.35,S08,North
2024-05-09,P203,Denim Jeans,Fashion,4182.96,10,25,94116.6,S07,North
2024-05-09,P302,Sunflower Oil 1L,Grocery,741.48,30,126,65398.54,S06,East
2024-05-09,P103,Wireless Earbuds,Electronics,11053.41,40,17,112744.78,S07,North
2024-05-09,P104,Smart TV 43,Electronics,14254.09,0,7,99778.63,S03,West
2024-05-09,P406,Air Purifier,Home,12297.87,15,30,313595.68,S04,North
2024-05-09,P503,Sunscreen SPF50,Beauty,1431.06,15,47,57170.85,S01,North
2024-05-09,P304,Organic Honey,Grocery,497.37,25,106,39540.92,S06,South
2024-05-09,P501,Face Moisturizer,Beauty,691.14,0,27,18660.78,S08,East
2024-05-09,P304,Organic Honey,Grocery,591.5,15,80,40222.0,S02,West
2024-05-10,P204,Sports Shoes,Fashion,1829.54,25,29,39792.49,S03,North
2024-05-10,P306,Mixed Nuts 500g,Grocery,785.38,5,85,63419.43,S10,East
2024-05-10,P404,Wooden Bookshelf,Home,13567.37,0,17,230645.29,S04,East
2024-05-10,P404,Wooden Bookshelf,Home,8495.26,25,18,114686.01,S09,North
2024-05-10,P203,Denim Jeans,Fashion,2182.16,0,26,56736.16,S02,West
2024-05-10,P104,Smart TV 43,Electronics,65775.02,40,9,355185.11,S10,East
2024-05-10,P501,Face Moisturizer,Beauty,2908.32,5,27,74598.41,S10,South
2024-05-10,P404,Wooden Bookshelf,Home,14033.2,30,20,196464.8,S02,West
2024-05-10,P406,Air Purifier,Home,6008.42,15,23,117464.61,S01,South
2024-05-10,P205,Formal Blazer,Fashion,918.25,5,29,25297.79,S08,South
2024-05-10,P502,Hair Serum,Beauty,766.31,0,32,24521.92,S08,West
2024-05-11,P202,Women Kurti,Fashion,4251.07,20,33,112228.25,S05,East
2024-05-11,P203,Denim Jeans,Fashion,3653.66,5,50,173548.85,S08,North
2024-05-11,P404,Wooden Bookshelf,Home,1237.28,0,22,27220.16,S01,East
2024-05-11,P105,Tablet Z2,Electronics,25945.5,30,24,435884.4,S01,West
2024-05-11,P301,Basmati Rice 5kg,Grocery,432.89,20,109,37748.01,S07,South
2024-05-11,P205,Formal Blazer,Fashion,2574.79,10,42,97327.06,S08,South
2024-05-11,P101,Smartphone X1,Electronics,60640.3,0,121,7337476.3,S01,East
2024-05-11,P504,Lipstick Set,Beauty,2557.3,5,62,150624.97,S07,North
2024-05-11,P503,Sunscreen SPF50,Beauty,290.29,40,68,11843.83,S01,South
2024-05-11,P102,Laptop Pro,Electronics,26781.89,40,13,208898.74,S03,South
2024-05-11,P204,Sports Shoes,Fashion,1263.43,15,39,41882.7,S07,East
2024-05-11,P302,Sunflower Oil 1L,Grocery,681.94,0,59,40234.46,S02,East
2024-05-11,P103,Wireless Earbuds,Electronics,29197.97,5,13,360594.93,S07,South
2024-05-11,P302,Sunflower Oil 1L,Grocery,233.66,10,78,16402.93,S09,West
2024-05-11,P501,Face Moisturizer,Beauty,2192.07,25,62,101931.26,S02,South
2024-05-11,P503,Sunscreen SPF50,Beauty,961.6,15,48,39233.28,S08,South
2024-05-11,P205,Formal Blazer,Fashion,4925.14,0,37,182230.18,S01,East
2024-05-12,P403,Wall Clock,Home,10463.18,0,15,156947.7,S10,East
2024-05-12,P504,Lipstick Set,Beauty,2729.86,20,49,107010.51,S01,South
2024-05-12,P505,Body Lotion,Beauty,772.53,0,35,27038.55,S10,West
2024-05-12,P404,Wooden Bookshelf,Home,9393.44,20,17,127750.78,S09,South
2024-05-12,P502,Hair Serum,Beauty,2807.08,20,52,116774.53,S05,South
2024-05-12,P505,Body Lotion,Beauty,599.38,10,44,23735.45,S08,North
2024-05-12,P404,Wooden Bookshelf,Home,9171.85,25,36,247639.95,S07,West
2024-05-12,P302,Sunflower Oil 1L,Grocery,671.92,0,86,57785.12,S10,South
2024-05-12,P304,Organic Honey,Grocery,202.93,0,82,16640.26,S01,East
2024-05-12,P504,Lipstick Set,Beauty,1576.82,0,35,55188.7,S10,South
2024-05-12,P205,Formal Blazer,Fashion,1542.94,10,39,54157.19,S10,West
2024-05-12,P404,Wooden Bookshelf,Home,6489.72,40,20,77876.64,S01,East
2024-05-12,P402,Cotton Bedsheet,Home,12403.55,40,46,342337.98,S06,North
2024-05-12,P506,Perfume 100ml,Beauty,2698.78,10,28,68009.26,S10,South
2024-05-12,P506,Perfume 100ml,Beauty,1428.22,25,42,44988.93,S09,West
2024-05-12,P401,Stainless Steel Cookware,Home,490.79,30,28,9619.48,S05,North
2024-05-12,P303,Whole Wheat Flour,Grocery,616.08,0,81,49902.48,S08,East
2024-05-12,P306,Mixed Nuts 500g,Grocery,239.06,25,114,20439.63,S03,North
2024-05-13,P103,Wireless Earbuds,Electronics,71125.93,25,11,586788.92,S07,East
2024-05-13,P406,Air Purifier,Home,13003.91,10,18,210663.34,S04,East
2024-05-13,P202,Women Kurti,Fashion,3594.99,5,29,99041.97,S02,North
2024-05-13,P302,Sunflower Oil 1L,Grocery,108.63,0,66,7169.58,S10,East
2024-05-13,P203,Denim Jeans,Fashion,513.73,0,33,16953.09,S06,West
2024-05-13,P504,Lipstick Set,Beauty,2662.21,30,48,89450.26,S01,South
2024-05-13,P106,Bluetooth Speaker,Electronics,12915.55,5,9,110427.95,S08,South
2024-05-13,P402,Cotton Bedsheet,Home,437.91,20,19,6656.23,S07,West
2024-05-13,P404,Wooden Bookshelf,Home,13259.27,15,16,180326.07,S08,East
2024-05-13,P205,Formal Blazer,Fashion,2965.33,5,27,76060.71,S02,West
2024-05-13,P203,Denim Jeans,Fashion,578.79,0,27,15627.33,S10,West
2024-05-13,P101,Smartphone X1,Electronics,74238.68,40,14,623604.91,S01,South
2024-05-13,P406,Air Purifier,Home,11770.94,15,21,210111.28,S04,North
2024-05-13,P206,Summer Dress,Fashion,2032.43,0,21,42681.03,S03,West
2024-05-13,P106,Bluetooth Speaker,Electronics,67557.82,5,11,705979.22,S06,West
2024-05-13,P501,Face Moisturizer,Beauty,2541.2,0,28,71153.6,S03,North
2024-05-13,P203,Denim Jeans,Fashion,2909.62,0,27,78559.74,S06,South
2024-05-14,P103,Wireless Earbuds,Electronics,40671.46,0,6,244028.76,S09,West
2024-05-14,P403,Wall Clock,Home,8309.56,10,15,112179.06,S03,North
2024-05-14,P305,Green Tea Pack,Grocery,641.23,10,71,40974.6,S04,East
2024-05-14,P403,Wall Clock,Home,11386.81,5,13,140627.1,S03,South
2024-05-14,P305,Green Tea Pack,Grocery,405.76,15,110,37938.56,S01,North
2024-05-14,P404,Wooden Bookshelf,Home,12275.2,25,17,156508.8,S07,East
2024-05-14,P303,Whole Wheat Flour,Grocery,195.62,30,117,16021.28,S04,North
2024-05-14,P202,Women Kurti,Fashion,1878.72,25,2,2818.08,S01,West
2024-05-14,P303,Whole Wheat Flour,Grocery,469.86,0,69,32420.34,S04,West
2024-05-14,P305,Green Tea Pack,Grocery,177.49,5,71,11971.7,S10,East
2024-05-14,P204,Sports Shoes,Fashion,3779.88,0,22,83157.36,S06,East
2024-05-14,P401,Stainless Steel Cookware,Home,7063.53,0,11,77698.83,S07,East
2024-05-14,P402,Cotton Bedsheet,Home,12509.32,5,18,213909.37,S04,West
2024-05-14,P102,Laptop Pro,Electronics,68555.42,5,7,455893.54,S09,West
2024-05-14,P105,Tablet Z2,Electronics,39121.06,0,9,352089.54,S08,West
2024-05-14,P506,Perfume 100ml,Beauty,462.31,30,44,14239.15,S06,North
2024-05-14,P505,Body Lotion,Beauty,1764.48,5,35,58668.96,S02,North
2024-05-14,P501,Face Moisturizer,Beauty,780.83,30,45,24596.14,S10,North
2024-05-14,P304,Organic Honey,Grocery,638.04,0,65,41472.6,S10,South
2024-05-14,P201,Men Casual Shirt,Fashion,1043.16,10,21,19715.72,S03,East
2024-05-14,P305,Green Tea Pack,Grocery,136.75,5,105,13640.81,S06,North
2024-05-14,P505,Body Lotion,Beauty,1859.22,30,43,55962.52,S10,West
2024-05-15,P101,Smartphone X1,Electronics,7270.03,0,6,43620.18,S09,East
2024-05-15,P402,Cotton Bedsheet,Home,9329.38,15,20,158599.46,S06,East
2024-05-15,P106,Bluetooth Speaker,Electronics,40745.05,30,14,399301.49,S04,East
2024-05-15,P505,Body Lotion,Beauty,2671.21,10,34,81739.03,S06,North
2024-05-15,P501,Face Moisturizer,Beauty,1279.46,0,37,47340.02,S04,South
2024-05-15,P403,Wall Clock,Home,13500.73,40,18,145807.88,S02,East
2024-05-15,P304,Organic Honey,Grocery,689.96,5,71,46537.8,S03,North
2024-05-15,P205,Formal Blazer,Fashion,1612.1,40,39,37723.14,S08,West
2024-05-15,P501,Face Moisturizer,Beauty,767.73,0,25,19193.25,S04,East
2024-05-15,P503,Sunscreen SPF50,Beauty,827.01,40,39,19352.03,S04,North
2024-05-15,P504,Lipstick Set,Beauty,1581.79,0,36,56944.44,S01,East
2024-05-16,P102,Laptop Pro,Electronics,51412.03,10,9,416437.44,S10,West
2024-05-16,P503,Sunscreen SPF50,Beauty,145.33,10,20,2615.94,S07,East
2024-05-16,P206,Summer Dress,Fashion,473.62,25,39,13853.39,S08,West
2024-05-16,P205,Formal Blazer,Fashion,3190.65,5,30,90933.52,S05,North
2024-05-16,P303,Whole Wheat Flour,Grocery,138.93,40,774,64519.09,S09,West
2024-05-16,P103,Wireless Earbuds,Electronics,17181.56,25,10,128861.7,S07,East
2024-05-16,P505,Body Lotion,Beauty,1411.72,25,39,41292.81,S05,West
2024-05-16,P203,Denim Jeans,Fashion,4857.05,0,29,140854.45,S01,West
2024-05-16,P104,Smart TV 43,Electronics,57170.07,10,10,514530.63,S06,West
2024-05-16,P504,Lipstick Set,Beauty,1562.32,20,44,54993.66,S06,West
2024-05-16,P502,Hair Serum,Beauty,1269.27,15,34,36681.9,S02,South
2024-05-16,P403,Wall Clock,Home,6724.37,0,17,114314.29,S06,East
2024-05-16,P505,Body Lotion,Beauty,183.27,10,21,3463.8,S03,South
2024-05-16,P401,Stainless Steel Cookware,Home,7662.27,10,17,117232.73,S04,West
2024-05-16,P203,Denim Jeans,Fashion,2955.32,15,31,77872.68,S01,West
2024-05-16,P201,Men Casual Shirt,Fashion,4718.39,40,33,93424.12,S10,East
2024-05-16,P506,Perfume 100ml,Beauty,1872.79,25,40,56183.7,S06,West
2024-05-17,P503,Sunscreen SPF50,Beauty,1503.92,40,33,29777.62,S05,East
2024-05-17,P206,Summer Dress,Fashion,1994.1,0,33,65805.3,S08,West
2024-05-17,P401,Stainless Steel Cookware,Home,12313.41,0,23,283208.43,S10,West
2024-05-17,P404,Wooden Bookshelf,Home,11111.9,5,18,190013.49,S10,North
2024-05-17,P403,Wall Clock,Home,5174.67,15,1,4398.47,S02,West
2024-05-17,P203,Denim Jeans,Fashion,2329.69,30,27,44031.14,S09,West
2024-05-17,P306,Mixed Nuts 500g,Grocery,615.68,0,52,32015.36,S10,East
2024-05-17,P206,Summer Dress,Fashion,2346.05,25,41,72141.04,S05,West
2024-05-17,P404,Wooden Bookshelf,Home,12998.57,5,15,185229.62,S08,East
2024-05-17,P103,Wireless Earbuds,Electronics,44283.31,0,7,309983.17,S01,West
2024-05-17,P202,Women Kurti,Fashion,1705.02,30,45,53708.13,S02,South
2024-05-17,P404,Wooden Bookshelf,Home,5055.76,5,11,52832.69,S03,East
2024-05-17,P204,Sports Shoes,Fashion,2410.32,30,36,60740.06,S04,West
2024-05-18,P203,Denim Jeans,Fashion,2924.17,10,31,81584.34,S04,East
2024-05-18,P503,Sunscreen SPF50,Beauty,2670.82,0,37,98820.34,S06,North
2024-05-18,P404,Wooden Bookshelf,Home,14704.73,0,25,367618.25,S01,South
2024-05-18,P104,Smart TV 43,Electronics,15529.93,0,13,201889.09,S01,South
2024-05-18,P203,Denim Jeans,Fashion,3140.93,30,58,127521.76,S10,South
2024-05-18,P503,Sunscreen SPF50,Beauty,2767.2,30,54,104600.16,S09,North
2024-05-18,P103,Wireless Earbuds,Electronics,49553.73,5,10,470760.43,S09,West
2024-05-18,P102,Laptop Pro,Electronics,29629.22,20,10,237033.76,S07,North
2024-05-18,P406,Air Purifier,Home,1065.45,10,20,19178.1,S01,East
2024-05-18,P305,Green Tea Pack,Grocery,443.49,15,145,54660.14,S06,North
2024-05-18,P201,Men Casual Shirt,Fashion,1169.62,5,43,47778.98,S01,West
2024-05-18,P105,Tablet Z2,Electronics,72901.49,0,8,583211.92,S09,South
2024-05-18,P406,Air Purifier,Home,854.53,0,25,21363.25,S01,West
2024-05-18,P405,LED Desk Lamp,Home,506.59,20,20,8105.44,S06,East
2024-05-18,P103,Wireless Earbuds,Electronics,34365.04,20,14,384888.45,S07,South
2024-05-18,P104,Smart TV 43,Electronics,54541.42,0,12,654497.04,S06,South
2024-05-18,P303,Whole Wheat Flour,Grocery,423.98,15,98,35317.53,S02,South
2024-05-18,P306,Mixed Nuts 500g,Grocery,161.7,5,80,12289.2,S05,East
2024-05-19,P501,Face Moisturizer,Beauty,2559.23,10,36,82919.05,S09,North
2024-05-19,P205,Formal Blazer,Fashion,3600.12,25,58,156605.22,S04,East
2024-05-19,P401,Stainless Steel Cookware,Home,11381.66,40,41,279988.84,S01,West
2024-05-19,P401,Stainless Steel Cookware,Home,5926.9,5,21,118241.65,S08,North
2024-05-19,P104,Smart TV 43,Electronics,39413.16,20,10,315305.28,S09,South
2024-05-19,P206,Summer Dress,Fashion,1495.16,5,43,61077.29,S07,North
2024-05-19,P503,Sunscreen SPF50,Beauty,210.09,0,30,6302.7,S03,West
2024-05-19,P105,Tablet Z2,Electronics,46114.82,5,13,569518.03,S06,West
2024-05-19,P501,Face Moisturizer,Beauty,102.08,0,31,3164.48,S08,South
2024-05-20,P501,Face Moisturizer,Beauty,1171.82,25,31,27244.81,S09,East
2024-05-20,P302,Sunflower Oil 1L,Grocery,341.76,40,90,18455.04,S03,North
2024-05-20,P405,LED Desk Lamp,Home,10280.78,25,25,192764.63,S10,West
2024-05-20,P103,Wireless Earbuds,Electronics,17059.24,5,10,162062.78,S06,South
2024-05-20,P106,Bluetooth Speaker,Electronics,71631.17,25,13,698403.91,S05,East
2024-05-20,P302,Sunflower Oil 1L,Grocery,422.35,20,87,29395.56,S10,South
2024-05-20,P302,Sunflower Oil 1L,Grocery,601.53,0,46,27670.38,S03,North
2024-05-20,P106,Bluetooth Speaker,Electronics,61712.95,5,8,469018.42,S07,South
2024-05-20,P105,Tablet Z2,Electronics,65546.01,20,9,471931.27,S05,West
2024-05-20,P103,Wireless Earbuds,Electronics,57557.6,40,19,656156.64,S06,North
2024-05-20,P201,Men Casual Shirt,Fashion,1805.26,5,26,44589.92,S06,East
2024-05-20,P202,Women Kurti,Fashion,4375.68,5,21,87294.82,S09,North
2024-05-20,P206,Summer Dress,Fashion,3796.28,30,37,98323.65,S09,North
2024-05-21,P402,Cotton Bedsheet,Home,13411.37,0,13,174347.81,S03,North
2024-05-21,P403,Wall Clock,Home,11690.88,0,15,175363.2,S03,West
2024-05-21,P204,Sports Shoes,Fashion,2732.65,5,22,57112.39,S07,East
2024-05-21,P102,Laptop Pro,Electronics,38515.73,10,11,381305.73,S01,South
2024-05-21,P403,Wall Clock,Home,9232.94,40,19,105255.52,S09,South
2024-05-21,P204,Sports Shoes,Fashion,680.26,10,27,16530.32,S05,South
2024-05-21,P505,Body Lotion,Beauty,1912.34,0,38,72668.92,S06,North
2024-05-21,P401,Stainless Steel Cookware,Home,9643.62,0,17,163941.54,S04,West
2024-05-21,P105,Tablet Z2,Electronics,71377.72,0,8,571021.76,S10,South
2024-05-21,P504,Lipstick Set,Beauty,1382.8,30,40,38718.4,S07,South
2024-05-21,P106,Bluetooth Speaker,Electronics,53446.98,5,8,406197.05,S02,South
2024-05-21,P404,Wooden Bookshelf,Home,2386.23,40,29,41520.4,S06,North
2024-05-21,P306,Mixed Nuts 500g,Grocery,785.86,10,67,47387.36,S07,North
2024-05-22,P404,Wooden Bookshelf,Home,6904.24,10,24,149131.58,S01,South
2024-05-22,P506,Perfume 100ml,Beauty,1822.75,0,19,34632.25,S03,West
2024-05-22,P206,Summer Dress,Fashion,957.37,20,28,21445.09,S09,West
2024-05-22,P404,Wooden Bookshelf,Home,966.16,20,18,13912.7,S02,South
2024-05-22,P403,Wall Clock,Home,13699.6,10,24,295911.36,S01,South
2024-05-22,P502,Hair Serum,Beauty,2067.41,5,37,72669.46,S10,South
2024-05-22,P302,Sunflower Oil 1L,Grocery,60.49,40,48,1742.11,S03,East
2024-05-22,P205,Formal Blazer,Fashion,2506.24,5,27,64285.06,S07,North
2024-05-22,P405,LED Desk Lamp,Home,11006.73,15,23,215181.57,S04,South
2024-05-23,P106,Bluetooth Speaker,Electronics,75171.56,0,9,676544.04,S10,North
2024-05-23,P302,Sunflower Oil 1L,Grocery,214.25,5,66,13433.47,S10,East
2024-05-23,P301,Basmati Rice 5kg,Grocery,185.48,5,76,13391.66,S05,North
2024-05-23,P305,Green Tea Pack,Grocery,424.34,25,87,27688.18,S08,East
2024-05-23,P403,Wall Clock,Home,3842.16,40,26,59937.7,S10,North
2024-05-23,P101,Smartphone X1,Electronics,48814.99,0,10,488149.9,S08,North
2024-05-23,P202,Women Kurti,Fashion,1677.9,30,24,28188.72,S09,North
2024-05-23,P404,Wooden Bookshelf,Home,8090.53,20,22,142393.33,S04,North
2024-05-23,P102,Laptop Pro,Electronics,65336.94,0,10,653369.4,S02,West
2024-05-23,P301,Basmati Rice 5kg,Grocery,215.89,10,87,16904.19,S08,North
2024-05-23,P202,Women Kurti,Fashion,931.25,40,37,20673.75,S04,East
2024-05-23,P106,Bluetooth Speaker,Electronics,59899.93,0,8,479199.44,S08,West
2024-05-23,P305,Green Tea Pack,Grocery,370.35,30,94,24369.03,S03,West
2024-05-23,P306,Mixed Nuts 500g,Grocery,400.68,10,100,36061.2,S06,South
2024-05-23,P302,Sunflower Oil 1L,Grocery,763.12,40,90,41208.48,S04,North
2024-05-23,P402,Cotton Bedsheet,Home,4870.12,15,13,53814.83,S03,South
2024-05-23,P105,Tablet Z2,Electronics,5555.8,40,13,43335.24,S08,West
2024-05-23,P105,Tablet Z2,Electronics,22682.1,5,7,150835.96,S04,East
2024-05-23,P405,LED Desk Lamp,Home,13567.54,5,21,270672.42,S04,East
2024-05-23,P506,Perfume 100ml,Beauty,2964.06,5,36,101370.85,S01,West
2024-05-23,P201,Men Casual Shirt,Fashion,3034.6,0,23,69795.8,S06,South
2024-05-23,P305,Green Tea Pack,Grocery,175.22,0,44,7709.68,S09,East
2024-05-24,P206,Summer Dress,Fashion,3423.65,5,22,71554.29,S01,North
2024-05-24,P101,Smartphone X1,Electronics,60249.28,40,8,289196.54,S07,South
2024-05-24,P305,Green Tea Pack,Grocery,354.22,0,41,14523.02,S06,East
2024-05-24,P402,Cotton Bedsheet,Home,10687.09,5,18,182749.24,S10,South
2024-05-24,P502,Hair Serum,Beauty,1035.54,30,33,23920.97,S10,East
2024-05-24,P101,Smartphone X1,Electronics,77401.56,5,9,661783.34,S07,West
2024-05-24,P306,Mixed Nuts 500g,Grocery,191.06,0,75,14329.5,S01,North
2024-05-24,P202,Women Kurti,Fashion,2504.1,0,20,50082.0,S09,North
2024-05-24,P301,Basmati Rice 5kg,Grocery,351.91,25,124,32727.63,S01,North
2024-05-24,P406,Air Purifier,Home,2496.57,20,20,39945.12,S01,East
2024-05-24,P506,Perfume 100ml,Beauty,1447.51,25,50,54281.62,S01,South
2024-05-24,P202,Women Kurti,Fashion,779.43,5,33,24435.13,S06,South
2024-05-24,P205,Formal Blazer,Fashion,4208.04,5,28,111933.86,S04,East
2024-05-25,P103,Wireless Earbuds,Electronics,25432.2,0,8,203457.6,S05,West
2024-05-25,P305,Green Tea Pack,Grocery,567.93,40,137,46683.85,S05,East
2024-05-25,P506,Perfume 100ml,Beauty,835.61,40,61,30583.33,S03,East
2024-05-25,P205,Formal Blazer,Fashion,1501.76,0,30,45052.8,S03,West
2024-05-25,P205,Formal Blazer,Fashion,3675.45,5,546,1906455.91,S04,West
2024-05-25,P405,LED Desk Lamp,Home,5971.3,10,20,107483.4,S08,South
2024-05-25,P105,Tablet Z2,Electronics,57653.4,10,15,778320.9,S08,North
2024-05-25,P304,Organic Honey,Grocery,504.11,10,138,62610.46,S01,West
2024-05-25,P305,Green Tea Pack,Grocery,76.58,0,84,6432.72,S10,South
2024-05-25,P404,Wooden Bookshelf,Home,12392.42,0,16,198278.72,S08,West
2024-05-25,P405,LED Desk Lamp,Home,2816.89,0,25,70422.25,S04,North
2024-05-25,P103,Wireless Earbuds,Electronics,11679.23,0,9,105113.07,S07,North
2024-05-26,P105,Tablet Z2,Electronics,33029.92,30,14,323693.22,S02,South
2024-05-26,P406,Air Purifier,Home,13442.91,0,0,0.0,S06,North
2024-05-26,P305,Green Tea Pack,Grocery,374.83,5,104,37033.2,S02,North
2024-05-26,P102,Laptop Pro,Electronics,41537.59,30,16,465221.01,S04,South
2024-05-26,P306,Mixed Nuts 500g,Grocery,617.23,30,63,27219.84,S10,East
2024-05-26,P303,Whole Wheat Flour,Grocery,142.0,0,87,12354.0,S07,North
2024-05-26,P204,Sports Shoes,Fashion,320.18,40,72,13831.78,S06,South
2024-05-26,P103,Wireless Earbuds,Electronics,29832.88,40,17,304295.38,S08,East
2024-05-26,P102,Laptop Pro,Electronics,17647.37,10,12,190591.6,S05,West
2024-05-26,P401,Stainless Steel Cookware,Home,11029.84,0,25,275746.0,S10,North
2024-05-26,P404,Wooden Bookshelf,Home,14542.68,0,16,232682.88,S03,West
2024-05-26,P506,Perfume 100ml,Beauty,1200.31,0,50,60015.5,S04,North
2024-05-26,P505,Body Lotion,Beauty,134.06,15,54,6153.35,S10,East
2024-05-26,P102,Laptop Pro,Electronics,30815.64,0,12,369787.68,S05,West
2024-05-26,P103,Wireless Earbuds,Electronics,40060.99,25,17,510777.62,S01,West
2024-05-27,P302,Sunflower Oil 1L,Grocery,274.42,5,81,21116.62,S05,West
2024-05-27,P303,Whole Wheat Flour,Grocery,498.59,10,68,30513.71,S02,West
2024-05-27,P105,Tablet Z2,Electronics,40723.19,0,7,285062.33,S10,East
2024-05-27,P304,Organic Honey,Grocery,459.46,0,77,35378.42,S10,North
2024-05-27,P504,Lipstick Set,Beauty,1834.31,10,32,52828.13,S08,North
2024-05-27,P303,Whole Wheat Flour,Grocery,651.2,15,74,40960.48,S10,South
2024-05-27,P401,Stainless Steel Cookware,Home,1290.97,5,12,14717.06,S10,East
2024-05-27,P404,Wooden Bookshelf,Home,12473.3,40,20,149679.6,S10,East
2024-05-27,P101,Smartphone X1,Electronics,56181.78,0,7,393272.46,S07,South
2024-05-27,P404,Wooden Bookshelf,Home,11889.54,25,18,160508.79,S02,South
2024-05-27,P106,Bluetooth Speaker,Electronics,34222.37,0,6,205334.22,S07,East
2024-05-27,P203,Denim Jeans,Fashion,3120.58,0,32,99858.56,S08,North
2024-05-27,P305,Green Tea Pack,Grocery,389.6,25,86,25129.2,S10,East
2024-05-27,P502,Hair Serum,Beauty,1801.39,10,21,34046.27,S02,East
2024-05-27,P401,Stainless Steel Cookware,Home,12121.53,30,33,280007.34,S06,West
2024-05-27,P202,Women Kurti,Fashion,3975.51,20,340,1081338.72,S06,South
2024-05-27,P302,Sunflower Oil 1L,Grocery,782.4,0,62,48508.8,S03,North
2024-05-28,P301,Basmati Rice 5kg,Grocery,717.8,0,58,41632.4,S05,West
2024-05-28,P204,Sports Shoes,Fashion,3889.08,0,22,85559.76,S04,South
2024-05-28,P106,Bluetooth Speaker,Electronics,5456.28,20,8,34920.19,S07,West
2024-05-28,P102,Laptop Pro,Electronics,23723.18,0,7,166062.26,S09,East
2024-05-28,P501,Face Moisturizer,Beauty,1768.85,5,31,52092.63,S09,North
2024-05-28,P503,Sunscreen SPF50,Beauty,1027.37,0,30,30821.1,S06,West
2024-05-28,P303,Whole Wheat Flour,Grocery,258.65,20,91,18829.72,S06,East
2024-05-28,P505,Body Lotion,Beauty,2232.8,0,24,53587.2,S09,South
2024-05-28,P406,Air Purifier,Home,7348.8,20,24,141096.96,S08,North
2024-05-28,P405,LED Desk Lamp,Home,3345.45,0,12,40145.4,S06,East
2024-05-28,P505,Body Lotion,Beauty,195.7,5,36,6692.94,S04,South
2024-05-28,P105,Tablet Z2,Electronics,48784.31,20,5,195137.24,S09,North
2024-05-28,P504,Lipstick Set,Beauty,1596.42,10,30,43103.34,S10,North
2024-05-28,P505,Body Lotion,Beauty,2787.16,0,20,55743.2,S02,East
2024-05-28,P403,Wall Clock,Home,4462.88,40,25,66943.2,S02,North
2024-05-29,P106,Bluetooth Speaker,Electronics,70674.42,5,10,671406.99,S08,West
2024-05-29,P401,Stainless Steel Cookware,Home,12223.38,10,12,132012.5,S02,West
2024-05-29,P105,Tablet Z2,Electronics,2040.45,5,8,15507.42,S02,East
2024-05-29,P202,Women Kurti,Fashion,2602.46,20,25,52049.2,S09,West
2024-05-29,P101,Smartphone X1,Electronics,6757.73,0,7,47304.11,S05,East
2024-05-29,P506,Perfume 100ml,Beauty,2431.32,25,33,60175.17,S05,West
2024-05-29,P105,Tablet Z2,Electronics,58933.88,10,7,371283.44,S05,West
2024-05-29,P101,Smartphone X1,Electronics,29434.03,25,12,264906.27,S06,West
2024-05-29,P406,Air Purifier,Home,6948.08,5,14,92409.46,S07,East
2024-05-29,P304,Organic Honey,Grocery,404.15,0,39,15761.85,S03,East
2024-05-30,P201,Men Casual Shirt,Fashion,2876.0,20,34,78227.2,S10,North
2024-05-30,P403,Wall Clock,Home,3798.44,10,20,68371.92,S02,North
2024-05-30,P502,Hair Serum,Beauty,706.72,0,32,22615.04,S04,North
2024-05-30,P303,Whole Wheat Flour,Grocery,84.85,0,63,5345.55,S08,South
2024-05-30,P101,Smartphone X1,Electronics,72354.81,20,10,578838.48,S08,South
2024-05-30,P503,Sunscreen SPF50,Beauty,2489.15,5,33,78034.85,S03,North
2024-05-30,P305,Green Tea Pack,Grocery,784.69,15,67,44688.1,S07,West
2024-05-30,P304,Organic Honey,Grocery,399.78,30,86,24066.76,S08,East
2024-05-30,P105,Tablet Z2,Electronics,75748.14,10,8,545386.61,S10,West
2024-05-30,P502,Hair Serum,Beauty,2175.99,5,47,97157.95,S06,North
2024-05-30,P206,Summer Dress,Fashion,4606.27,20,37,136345.59,S02,West
2024-05-30,P105,Tablet Z2,Electronics,47799.69,10,8,344157.77,S03,North
2024-05-30,P306,Mixed Nuts 500g,Grocery,782.92,0,73,57153.16,S08,North
2024-05-30,P102,Laptop Pro,Electronics,78416.0,5,12,893942.4,S05,West
2024-05-30,P203,Denim Jeans,Fashion,1855.81,5,20,35260.39,S10,South
2024-05-30,P401,Stainless Steel Cookware,Home,3973.62,0,19,75498.78,S01,West
2024-05-31,P304,Organic Honey,Grocery,200.06,10,44,7922.38,S09,East
2024-05-31,P201,Men Casual Shirt,Fashion,1797.24,10,25,40437.9,S04,West
2024-05-31,P201,Men Casual Shirt,Fashion,4957.63,20,38,150711.95,S04,West
2024-05-31,P304,Organic Honey,Grocery,246.91,30,90,15555.33,S03,South
2024-05-31,P104,Smart TV 43,Electronics,39383.01,40,12,283557.67,S09,West
2024-05-31,P401,Stainless Steel Cookware,Home,3301.74,5,24,75279.67,S01,North
2024-05-31,P506,Perfume 100ml,Beauty,1968.32,0,38,74796.16,S06,South
2024-05-31,P503,Sunscreen SPF50,Beauty,1639.19,0,23,37701.37,S08,West
2024-05-31,P201,Men Casual Shirt,Fashion,2063.4,30,41,59219.58,S06,North
2024-05-31,P401,Stainless Steel Cookware,Home,8255.67,5,15,117643.3,S07,South
2024-06-01,P106,Bluetooth Speaker,Electronics,52078.43,40,16,499952.93,S02,South
2024-06-01,P302,Sunflower Oil 1L,Grocery,795.72,20,114,72569.66,S08,West
2024-06-01,P202,Women Kurti,Fashion,897.77,5,47,40085.43,S01,South
2024-06-01,P106,Bluetooth Speaker,Electronics,53671.9,30,17,638695.61,S08,East
2024-06-01,P302,Sunflower Oil 1L,Grocery,214.56,20,184,31583.23,S01,North
2024-06-01,P204,Sports Shoes,Fashion,1834.0,5,33,57495.9,S08,South
2024-06-01,P206,Summer Dress,Fashion,2788.07,10,43,107898.31,S06,North
2024-06-01,P501,Face Moisturizer,Beauty,1865.76,10,39,65488.18,S01,East
2024-06-01,P501,Face Moisturizer,Beauty,210.66,0,38,8005.08,S08,North
2024-06-01,P104,Smart TV 43,Electronics,61162.58,30,15,642207.09,S10,North
2024-06-01,P204,Sports Shoes,Fashion,4849.75,20,43,166831.4,S08,South
2024-06-01,P301,Basmati Rice 5kg,Grocery,750.91,0,115,86354.65,S01,North
2024-06-01,P506,Perfume 100ml,Beauty,2476.85,15,52,109476.77,S07,South
2024-06-01,P205,Formal Blazer,Fashion,792.82,0,28,22198.96,S10,North
2024-06-01,P502,Hair Serum,Beauty,343.59,30,39,9380.01,S05,East
2024-06-01,P403,Wall Clock,Home,7033.35,20,23,129413.64,S07,North
2024-06-01,P501,Face Moisturizer,Beauty,1936.47,25,62,90045.85,S01,West
2024-06-02,P406,Air Purifier,Home,9372.07,10,18,151827.53,S03,North
2024-06-02,P104,Smart TV 43,Electronics,58948.83,0,9,530539.47,S07,East
2024-06-02,P306,Mixed Nuts 500g,Grocery,543.63,0,76,41315.88,S10,East
2024-06-02,P506,Perfume 100ml,Beauty,572.36,5,37,20118.45,S09,North
2024-06-02,P203,Denim Jeans,Fashion,1624.14,40,27,26311.07,S09,East
2024-06-02,P201,Men Casual Shirt,Fashion,2305.97,30,40,64567.16,S02,East
2024-06-02,P404,Wooden Bookshelf,Home,4337.16,0,14,60720.24,S09,West
2024-06-02,P203,Denim Jeans,Fashion,2413.65,15,51,104631.73,S01,North
2024-06-02,P306,Mixed Nuts 500g,Grocery,685.11,5,81,52719.21,S08,East
2024-06-02,P201,Men Casual Shirt,Fashion,3798.39,20,630,1914388.56,S02,South
2024-06-02,P202,Women Kurti,Fashion,1914.0,20,2,3062.4,S05,East
2024-06-02,P104,Smart TV 43,Electronics,6187.61,40,13,48263.36,S09,West
2024-06-02,P104,Smart TV 43,Electronics,48101.52,10,14,606079.15,S05,West
2024-06-02,P202,Women Kurti,Fashion,3115.69,0,35,109049.15,S06,North
2024-06-02,P402,Cotton Bedsheet,Home,2771.31,5,22,57920.38,S09,North
2024-06-03,P205,Formal Blazer,Fashion,4140.39,0,26,107650.14,S07,West
2024-06-03,P504,Lipstick Set,Beauty,1757.8,5,42,70136.22,S04,North
2024-06-03,P406,Air Purifier,Home,9321.72,25,17,118851.93,S10,East
2024-06-03,P503,Sunscreen SPF50,Beauty,2944.94,20,29,68322.61,S04,East
2024-06-03,P202,Women Kurti,Fashion,1828.06,40,38,41679.77,S03,South
2024-06-03,P102,Laptop Pro,Electronics,73056.89,0,8,584455.12,S02,South
2024-06-03,P104,Smart TV 43,Electronics,76410.59,10,7,481386.72,S07,East
2024-06-03,P102,Laptop Pro,Electronics,29526.51,30,11,227354.13,S02,West
2024-06-03,P204,Sports Shoes,Fashion,4695.88,0,29,136180.52,S01,North
2024-06-03,P304,Organic Honey,Grocery,96.29,0,62,5969.98,S01,South
2024-06-03,P106,Bluetooth Speaker,Electronics,76073.85,40,11,502087.41,S10,East
2024-06-03,P102,Laptop Pro,Electronics,2099.49,10,9,17005.87,S05,South
2024-06-03,P101,Smartphone X1,Electronics,60624.11,10,8,436493.59,S07,South
2024-06-03,P204,Sports Shoes,Fashion,549.42,0,25,13735.5,S04,East
2024-06-04,P503,Sunscreen SPF50,Beauty,2220.96,25,50,83286.0,S10,North
2024-06-04,P301,Basmati Rice 5kg,Grocery,327.34,0,73,23895.82,S08,East
2024-06-04,P106,Bluetooth Speaker,Electronics,73895.78,10,10,665062.02,S09,West
2024-06-04,P506,Perfume 100ml,Beauty,2173.11,0,23,49981.53,S09,West
2024-06-04,P305,Green Tea Pack,Grocery,796.36,10,49,35119.48,S07,East
2024-06-04,P305,Green Tea Pack,Grocery,487.66,0,62,30234.92,S10,South
2024-06-04,P301,Basmati Rice 5kg,Grocery,181.41,10,51,8326.72,S09,North
2024-06-04,P506,Perfume 100ml,Beauty,1052.07,5,30,29983.99,S02,East
2024-06-04,P203,Denim Jeans,Fashion,3764.71,40,39,88094.21,S03,West
2024-06-04,P501,Face Moisturizer,Beauty,2025.74,15,39,67153.28,S01,South
2024-06-04,P405,LED Desk Lamp,Home,6552.03,0,13,85176.39,S03,North
2024-06-04,P202,Women Kurti,Fashion,4246.5,30,35,104039.25,S07,North
2024-06-04,P504,Lipstick Set,Beauty,1061.93,5,23,23203.17,S03,East
2024-06-04,P402,Cotton Bedsheet,Home,11145.66,25,17,142107.17,S05,East
2024-06-05,P304,Organic Honey,Grocery,191.52,5,60,10916.64,S01,East
2024-06-05,P401,Stainless Steel Cookware,Home,2462.05,0,16,39392.8,S01,North
2024-06-05,P306,Mixed Nuts 500g,Grocery,674.4,0,83,55975.2,S01,North
2024-06-05,P103,Wireless Earbuds,Electronics,58855.74,0,10,588557.4,S06,North
2024-06-05,P302,Sunflower Oil 1L,Grocery,400.78,5,56,21321.5,S03,West
2024-06-05,P205,Formal Blazer,Fashion,828.96,15,25,17615.4,S09,East
2024-06-05,P206,Summer Dress,Fashion,3337.0,5,19,60232.85,S07,East
2024-06-05,P306,Mixed Nuts 500g,Grocery,618.43,10,71,39517.68,S01,East
2024-06-05,P304,Organic Honey,Grocery,232.8,20,63,11733.12,S08,West
2024-06-05,P404,Wooden Bookshelf,Home,13991.86,10,9,113334.07,S07,East
2024-06-05,P304,Organic Honey,Grocery,184.25,40,83,9175.65,S09,West
2024-06-05,P506,Perfume 100ml,Beauty,840.31,0,36,30251.16,S01,East
2024-06-05,P303,Whole Wheat Flour,Grocery,263.88,15,67,15027.97,S06,West
2024-06-05,P401,Stainless Steel Cookware,Home,12472.28,10,20,224501.04,S06,West
2024-06-05,P205,Formal Blazer,Fashion,356.95,0,19,6782.05,S08,South
2024-06-06,P104,Smart TV 43,Electronics,20385.57,0,9,183470.13,S01,South
2024-06-06,P101,Smartphone X1,Electronics,24211.33,0,7,169479.31,S07,East
2024-06-06,P104,Smart TV 43,Electronics,47737.84,5,8,362807.58,S09,North
2024-06-06,P305,Green Tea Pack,Grocery,122.52,10,43,4741.52,S02,West
2024-06-06,P206,Summer Dress,Fashion,2945.73,0,16,47131.68,S05,North
2024-06-06,P203,Denim Jeans,Fashion,2444.64,10,25,55004.4,S10,West
2024-06-06,P401,Stainless Steel Cookware,Home,958.82,0,12,11505.84,S04,North
2024-06-06,P405,LED Desk Lamp,Home,3041.33,0,17,51702.61,S01,North
2024-06-06,P505,Body Lotion,Beauty,2423.88,20,44,85320.58,S05,North
2024-06-06,P104,Smart TV 43,Electronics,53688.92,25,15,604000.35,S06,North
2024-06-06,P305,Green Tea Pack,Grocery,625.42,20,105,52535.28,S04,North
2024-06-06,P406,Air Purifier,Home,12621.28,20,20,201940.48,S01,East
2024-06-06,P301,Basmati Rice 5kg,Grocery,755.02,40,90,40771.08,S07,South
2024-06-07,P106,Bluetooth Speaker,Electronics,6519.22,20,12,62584.51,S06,South
2024-06-07,P304,Organic Honey,Grocery,438.89,25,100,32916.75,S01,South
2024-06-07,P305,Green Tea Pack,Grocery,273.86,0,36,9858.96,S10,East
2024-06-07,P405,LED Desk Lamp,Home,7324.74,40,20,87896.88,S08,East
2024-06-07,P404,Wooden Bookshelf,Home,7146.06,0,15,107190.9,S10,South
2024-06-07,P406,Air Purifier,Home,13835.54,5,15,197156.45,S05,West
2024-06-07,P505,Body Lotion,Beauty,1198.64,25,47,42252.06,S06,South
2024-06-07,P106,Bluetooth Speaker,Electronics,69838.96,20,13,726325.18,S06,South
2024-06-07,P505,Body Lotion,Beauty,1198.83,0,22,26374.26,S07,East
2024-06-07,P403,Wall Clock,Home,5993.9,0,17,101896.3,S05,North
2024-06-07,P402,Cotton Bedsheet,Home,13899.08,40,27,225165.1,S07,South
2024-06-07,P202,Women Kurti,Fashion,4361.58,40,47,122996.56,S05,North
2024-06-07,P504,Lipstick Set,Beauty,2524.09,15,50,107273.82,S01,North
2024-06-07,P306,Mixed Nuts 500g,Grocery,621.69,25,75,34970.06,S03,West
2024-06-08,P503,Sunscreen SPF50,Beauty,1455.9,10,279,365576.49,S07,West
2024-06-08,P402,Cotton Bedsheet,Home,9126.94,20,23,167935.7,S08,East
2024-06-08,P101,Smartphone X1,Electronics,37440.8,0,11,411848.8,S05,North
2024-06-08,P303,Whole Wheat Flour,Grocery,384.36,25,99,28538.73,S07,North
2024-06-08,P306,Mixed Nuts 500g,Grocery,628.35,15,135,72103.16,S04,North
2024-06-08,P404,Wooden Bookshelf,Home,12946.42,0,17,220089.14,S04,North
2024-06-08,P101,Smartphone X1,Electronics,47684.46,10,10,429160.14,S05,East
2024-06-08,P202,Women Kurti,Fashion,4523.29,0,36,162838.44,S06,North
2024-06-08,P204,Sports Shoes,Fashion,1508.64,15,45,57705.48,S02,West
2024-06-08,P506,Perfume 100ml,Beauty,2734.5,10,29,71370.45,S02,West
2024-06-09,P406,Air Purifier,Home,3181.71,20,20,50907.36,S05,South
2024-06-09,P502,Hair Serum,Beauty,646.8,40,64,24837.12,S05,North
2024-06-09,P105,Tablet Z2,Electronics,32716.84,0,12,392602.08,S09,North
2024-06-09,P404,Wooden Bookshelf,Home,11472.11,10,24,247797.58,S02,West
2024-06-09,P405,LED Desk Lamp,Home,12218.86,20,15,146626.32,S09,South
2024-06-09,P106,Bluetooth Speaker,Electronics,73098.2,30,26,1330387.24,S01,West
2024-06-09,P504,Lipstick Set,Beauty,1910.3,20,36,55016.64,S07,East
2024-06-09,P303,Whole Wheat Flour,Grocery,452.03,15,56,21516.63,S09,East
2024-06-09,P105,Tablet Z2,Electronics,9369.78,30,17,111500.38,S07,West
2024-06-09,P501,Face Moisturizer,Beauty,2841.71,0,36,102301.56,S08,South
2024-06-09,P104,Smart TV 43,Electronics,22367.5,25,17,285185.62,S08,South
2024-06-10,P303,Whole Wheat Flour,Grocery,518.2,0,50,25910.0,S02,South
2024-06-10,P305,Green Tea Pack,Grocery,344.19,0,83,28567.77,S02,West
2024-06-10,P102,Laptop Pro,Electronics,44850.52,5,8,340863.95,S09,East
2024-06-10,P203,Denim Jeans,Fashion,2834.4,40,35,59522.4,S08,South
2024-06-10,P303,Whole Wheat Flour,Grocery,685.86,0,66,45266.76,S08,South
2024-06-10,P206,Summer Dress,Fashion,3114.18,0,17,52941.06,S03,North
2024-06-10,P106,Bluetooth Speaker,Electronics,9573.49,5,7,63663.71,S09,East
2024-06-10,P102,Laptop Pro,Electronics,3574.64,0,10,35746.4,S01,East
2024-06-10,P101,Smartphone X1,Electronics,8291.93,0,7,58043.51,S08,West
2024-06-10,P301,Basmati Rice 5kg,Grocery,334.32,10,52,15646.18,S07,West
2024-06-10,P504,Lipstick Set,Beauty,366.11,0,36,13179.96,S01,North
2024-06-10,P102,Laptop Pro,Electronics,17520.97,10,11,173457.6,S10,South
2024-06-10,P104,Smart TV 43,Electronics,23770.76,5,11,248404.44,S01,West
2024-06-11,P306,Mixed Nuts 500g,Grocery,375.92,0,62,23307.04,S04,South
2024-06-11,P105,Tablet Z2,Electronics,50748.84,0,10,507488.4,S04,South
2024-06-11,P202,Women Kurti,Fashion,3114.88,40,30,56067.84,S05,North
2024-06-11,P303,Whole Wheat Flour,Grocery,175.51,10,108,17059.57,S01,North
2024-06-11,P506,Perfume 100ml,Beauty,2986.2,5,38,107801.82,S10,East
2024-06-11,P301,Basmati Rice 5kg,Grocery,476.66,10,78,33461.53,S08,West
2024-06-11,P503,Sunscreen SPF50,Beauty,2051.11,5,19,37022.54,S02,South
2024-06-11,P301,Basmati Rice 5kg,Grocery,615.46,5,94,54960.58,S06,North
2024-06-11,P501,Face Moisturizer,Beauty,1799.77,15,27,41304.72,S07,East
2024-06-11,P202,Women Kurti,Fashion,3528.62,5,20,67043.78,S03,East
2024-06-11,P302,Sunflower Oil 1L,Grocery,398.74,40,62,14833.13,S03,East
2024-06-11,P202,Women Kurti,Fashion,2961.65,40,29,51532.71,S09,West
2024-06-12,P305,Green Tea Pack,Grocery,571.13,5,57,30926.69,S04,East
2024-06-12,P205,Formal Blazer,Fashion,2422.0,40,34,49408.8,S07,East
2024-06-12,P404,Wooden Bookshelf,Home,3099.08,0,17,52684.36,S08,South
2024-06-12,P102,Laptop Pro,Electronics,42437.47,15,14,505005.89,S01,West
2024-06-12,P501,Face Moisturizer,Beauty,2536.86,20,30,60884.64,S02,South
2024-06-12,P505,Body Lotion,Beauty,1036.92,10,42,39195.58,S01,West
2024-06-12,P205,Formal Blazer,Fashion,1990.78,30,29,40412.83,S03,North
2024-06-12,P301,Basmati Rice 5kg,Grocery,627.61,40,140,52719.24,S08,South
2024-06-12,P403,Wall Clock,Home,11931.33,25,28,250557.93,S06,West
2024-06-12,P104,Smart TV 43,Electronics,17518.21,10,11,173430.28,S08,South
2024-06-13,P501,Face Moisturizer,Beauty,2661.73,40,41,65478.56,S09,South
2024-06-13,P305,Green Tea Pack,Grocery,694.59,0,79,54872.61,S04,West
2024-06-13,P101,Smartphone X1,Electronics,33328.77,0,8,266630.16,S06,East
2024-06-13,P406,Air Purifier,Home,10178.95,0,18,183221.1,S01,West
2024-06-13,P206,Summer Dress,Fashion,2456.23,0,18,44212.14,S07,West
2024-06-13,P304,Organic Honey,Grocery,357.29,5,46,15613.57,S05,South
2024-06-13,P505,Body Lotion,Beauty,1459.99,30,53,54165.63,S02,North
2024-06-14,P305,Green Tea Pack,Grocery,474.34,15,72,29029.61,S08,West
2024-06-14,P202,Women Kurti,Fashion,2107.86,40,34,43000.34,S10,West
2024-06-14,P403,Wall Clock,Home,10111.33,5,14,134480.69,S05,West
2024-06-14,P304,Organic Honey,Grocery,711.16,0,72,51203.52,S08,West
2024-06-14,P202,Women Kurti,Fashion,4185.27,10,31,116769.03,S02,North
2024-06-14,P102,Laptop Pro,Electronics,32506.21,0,10,325062.1,S06,West
2024-06-14,P502,Hair Serum,Beauty,2730.24,10,29,71259.26,S03,North
2024-06-14,P504,Lipstick Set,Beauty,1460.94,10,36,47334.46,S01,East
2024-06-14,P203,Denim Jeans,Fashion,4249.88,30,31,92222.4,S05,East
2024-06-14,P304,Organic Honey,Grocery,525.81,15,83,37095.9,S02,West
2024-06-14,P205,Formal Blazer,Fashion,2536.52,30,39,69247.0,S05,North
2024-06-14,P406,Air Purifier,Home,6162.11,25,12,55458.99,S03,East
2024-06-14,P105,Tablet Z2,Electronics,13189.82,15,12,134536.16,S01,South
2024-06-15,P302,Sunflower Oil 1L,Grocery,609.23,5,86,49774.09,S07,West
2024-06-15,P301,Basmati Rice 5kg,Grocery,372.96,0,65,24242.4,S07,North
2024-06-15,P202,Women Kurti,Fashion,3435.54,20,43,118182.58,S05,North
2024-06-15,P402,Cotton Bedsheet,Home,6910.87,25,28,145128.27,S05,West
2024-06-15,P204,Sports Shoes,Fashion,882.3,0,33,29115.9,S10,South
2024-06-15,P506,Perfume 100ml,Beauty,396.64,20,51,16182.91,S01,East
2024-06-15,P402,Cotton Bedsheet,Home,5556.17,0,23,127791.91,S10,West
2024-06-15,P405,LED Desk Lamp,Home,8559.71,0,14,119835.94,S07,South
2024-06-15,P304,Organic Honey,Grocery,437.95,40,102,26802.54,S07,East
2024-06-15,P103,Wireless Earbuds,Electronics,7264.91,15,19,117328.3,S08,North
2024-06-15,P302,Sunflower Oil 1L,Grocery,706.53,10,119,75669.36,S06,West
2024-06-15,P106,Bluetooth Speaker,Electronics,63379.99,10,14,798587.87,S08,South
2024-06-15,P306,Mixed Nuts 500g,Grocery,761.12,5,88,63629.63,S10,East
2024-06-15,P104,Smart TV 43,Electronics,75431.13,20,14,844828.66,S05,North
2024-06-15,P102,Laptop Pro,Electronics,53430.62,0,9,480875.58,S07,South
2024-06-16,P102,Laptop Pro,Electronics,38951.91,20,18,560907.5,S04,North
2024-06-16,P101,Smartphone X1,Electronics,68387.46,20,15,820649.52,S05,South
2024-06-16,P504,Lipstick Set,Beauty,1194.77,10,46,49463.48,S03,East
2024-06-16,P105,Tablet Z2,Electronics,50913.76,25,18,687335.76,S04,East
2024-06-16,P303,Whole Wheat Flour,Grocery,67.13,10,106,6404.2,S01,West
2024-06-16,P406,Air Purifier,Home,11291.12,0,17,191949.04,S08,East
2024-06-16,P504,Lipstick Set,Beauty,888.33,5,43,36288.28,S10,South
2024-06-16,P401,Stainless Steel Cookware,Home,1865.28,0,21,39170.88,S10,West
2024-06-16,P506,Perfume 100ml,Beauty,2991.88,40,60,107707.68,S04,North
2024-06-16,P103,Wireless Earbuds,Electronics,62825.16,40,18,678511.73,S10,East
2024-06-16,P201,Men Casual Shirt,Fashion,1266.95,30,51,45230.11,S05,South
2024-06-16,P505,Body Lotion,Beauty,1194.06,40,0,0.0,S07,North
2024-06-16,P505,Body Lotion,Beauty,567.81,10,45,22996.3,S04,South
2024-06-16,P103,Wireless Earbuds,Electronics,23145.79,10,11,229143.32,S02,East
2024-06-16,P205,Formal Blazer,Fashion,1800.9,0,38,68434.2,S01,West
2024-06-16,P304,Organic Honey,Grocery,541.82,10,100,48763.8,S10,East
2024-06-17,P302,Sunflower Oil 1L,Grocery,761.89,30,75,39999.22,S09,North
2024-06-17,P306,Mixed Nuts 500g,Grocery,500.15,0,38,19005.7,S09,East
2024-06-17,P102,Laptop Pro,Electronics,46663.51,40,14,391973.48,S02,North
2024-06-17,P106,Bluetooth Speaker,Electronics,68581.42,20,9,493786.22,S01,East
2024-06-17,P305,Green Tea Pack,Grocery,486.23,15,70,28930.68,S08,East
2024-06-17,P306,Mixed Nuts 500g,Grocery,238.16,20,100,19052.8,S06,North
2024-06-17,P501,Face Moisturizer,Beauty,2253.88,0,32,72124.16,S06,East
2024-06-17,P405,LED Desk Lamp,Home,9117.35,0,14,127642.9,S10,West
2024-06-17,P202,Women Kurti,Fashion,1009.46,0,28,28264.88,S10,North
2024-06-18,P405,LED Desk Lamp,Home,3405.33,15,17,49207.02,S07,East
2024-06-18,P505,Body Lotion,Beauty,1586.9,15,28,37768.22,S03,East
2024-06-18,P505,Body Lotion,Beauty,1832.49,0,33,60472.17,S06,East
2024-06-18,P406,Air Purifier,Home,13035.9,40,21,164252.34,S03,South
2024-06-18,P403,Wall Clock,Home,5829.81,10,12,62961.95,S09,South
2024-06-18,P205,Formal Blazer,Fashion,3572.76,5,36,122188.39,S06,West
2024-06-18,P205,Formal Blazer,Fashion,3246.8,0,24,77923.2,S08,West
2024-06-18,P103,Wireless Earbuds,Electronics,39230.32,15,10,333457.72,S09,South
2024-06-18,P301,Basmati Rice 5kg,Grocery,190.43,10,60,10283.22,S10,North
2024-06-19,P505,Body Lotion,Beauty,1723.5,30,50,60322.5,S02,North
2024-06-19,P406,Air Purifier,Home,14255.04,25,20,213825.6,S03,North
2024-06-19,P506,Perfume 100ml,Beauty,2651.69,10,29,69209.11,S07,West
2024-06-19,P405,LED Desk Lamp,Home,2896.93,5,17,46785.42,S02,North
2024-06-19,P402,Cotton Bedsheet,Home,6510.16,15,13,71937.27,S02,South
2024-06-19,P206,Summer Dress,Fashion,3846.9,10,34,117715.14,S04,North
2024-06-19,P301,Basmati Rice 5kg,Grocery,371.29,0,54,20049.66,S03,West
2024-06-19,P201,Men Casual Shirt,Fashion,1587.65,20,31,39373.72,S01,East
2024-06-19,P105,Tablet Z2,Electronics,46779.28,25,13,456097.98,S02,West
2024-06-19,P303,Whole Wheat Flour,Grocery,88.42,40,118,6260.14,S04,West
2024-06-19,P304,Organic Honey,Grocery,488.54,0,50,24427.0,S06,East
2024-06-19,P502,Hair Serum,Beauty,830.87,5,39,30783.73,S01,West
2024-06-19,P104,Smart TV 43,Electronics,28775.56,10,10,258980.04,S02,North
2024-06-19,P502,Hair Serum,Beauty,2762.02,10,29,72088.72,S06,East
2024-06-20,P306,Mixed Nuts 500g,Grocery,200.35,10,49,8835.43,S10,West
2024-06-20,P202,Women Kurti,Fashion,4131.51,5,23,90273.49,S04,East
2024-06-20,P403,Wall Clock,Home,12163.68,0,14,170291.52,S09,West
2024-06-20,P101,Smartphone X1,Electronics,8576.28,10,11,84905.17,S05,South
2024-06-20,P101,Smartphone X1,Electronics,57733.78,0,8,461870.24,S08,South
2024-06-20,P202,Women Kurti,Fashion,3821.04,5,15,54449.82,S09,East
2024-06-20,P104,Smart TV 43,Electronics,22587.8,20,13,234913.12,S04,South
2024-06-20,P104,Smart TV 43,Electronics,59706.49,40,15,537358.41,S02,South
2024-06-20,P201,Men Casual Shirt,Fashion,4301.99,0,23,98945.77,S03,North
2024-06-20,P306,Mixed Nuts 500g,Grocery,302.54,15,73,18772.61,S08,North
2024-06-20,P103,Wireless Earbuds,Electronics,75510.68,0,7,528574.76,S07,East
2024-06-20,P402,Cotton Bedsheet,Home,4237.99,0,10,42379.9,S09,West
2024-06-21,P303,Whole Wheat Flour,Grocery,581.19,20,73,33941.5,S04,East
2024-06-21,P106,Bluetooth Speaker,Electronics,8205.58,0,10,82055.8,S04,West
2024-06-21,P404,Wooden Bookshelf,Home,4325.95,20,20,69215.2,S06,East
2024-06-21,P402,Cotton Bedsheet,Home,499.79,0,15,7496.85,S01,East
2024-06-21,P405,LED Desk Lamp,Home,7845.36,40,18,84729.89,S10,South
2024-06-21,P405,LED Desk Lamp,Home,767.55,0,13,9978.15,S07,North
2024-06-21,P505,Body Lotion,Beauty,210.97,10,35,6645.56,S02,South
2024-06-21,P204,Sports Shoes,Fashion,1755.37,15,16,23873.03,S09,West
2024-06-21,P105,Tablet Z2,Electronics,67753.45,40,13,528476.91,S09,North
2024-06-21,P205,Formal Blazer,Fashion,688.32,10,23,14248.22,S10,East
2024-06-22,P302,Sunflower Oil 1L,Grocery,751.76,5,520,371369.44,S02,North
2024-06-22,P403,Wall Clock,Home,13699.44,10,21,258919.42,S03,West
2024-06-22,P502,Hair Serum,Beauty,813.86,15,58,40123.3,S07,North
2024-06-22,P202,Women Kurti,Fashion,3764.12,5,28,100125.59,S09,North
2024-06-22,P502,Hair Serum,Beauty,740.75,15,61,38407.89,S10,North
2024-06-22,P402,Cotton Bedsheet,Home,7914.94,30,25,138511.45,S08,South
2024-06-22,P404,Wooden Bookshelf,Home,11149.5,0,21,234139.5,S04,East
2024-06-22,P501,Face Moisturizer,Beauty,1016.67,40,31,18910.06,S09,West
2024-06-22,P503,Sunscreen SPF50,Beauty,754.95,10,39,26498.75,S02,East
2024-06-22,P506,Perfume 100ml,Beauty,1236.7,0,47,58124.9,S10,North
2024-06-22,P304,Organic Honey,Grocery,583.23,5,112,62055.67,S01,South
2024-06-22,P405,LED Desk Lamp,Home,13105.82,25,26,255563.49,S09,West
2024-06-22,P302,Sunflower Oil 1L,Grocery,191.33,30,149,19955.72,S05,North
2024-06-22,P403,Wall Clock,Home,5889.22,30,30,123673.62,S02,West
2024-06-22,P401,Stainless Steel Cookware,Home,11653.24,0,25,291331.0,S01,East
2024-06-22,P505,Body Lotion,Beauty,2927.37,0,28,81966.36,S03,South
2024-06-22,P401,Stainless Steel Cookware,Home,12601.14,0,13,163814.82,S08,East
2024-06-22,P203,Denim Jeans,Fashion,450.16,5,32,13684.86,S10,East
2024-06-22,P204,Sports Shoes,Fashion,4395.28,15,53,198007.36,S04,South
2024-06-23,P305,Green Tea Pack,Grocery,316.98,30,121,26848.21,S10,East
2024-06-23,P506,Perfume 100ml,Beauty,782.06,0,50,39103.0,S04,North
2024-06-23,P502,Hair Serum,Beauty,1060.24,5,43,43310.8,S09,North
2024-06-23,P506,Perfume 100ml,Beauty,1180.47,20,39,36830.66,S07,West
2024-06-23,P505,Body Lotion,Beauty,2295.08,30,49,78721.24,S09,West
2024-06-23,P503,Sunscreen SPF50,Beauty,441.34,15,38,14255.28,S02,North
2024-06-23,P205,Formal Blazer,Fashion,2941.06,0,24,70585.44,S07,South
2024-06-23,P201,Men Casual Shirt,Fashion,4343.73,10,47,183739.78,S01,East
2024-06-23,P503,Sunscreen SPF50,Beauty,990.04,15,55,46284.37,S04,South
2024-06-23,P405,LED Desk Lamp,Home,2108.44,5,23,46069.41,S01,East
2024-06-23,P202,Women Kurti,Fashion,4060.29,0,25,101507.25,S05,South
2024-06-24,P506,Perfume 100ml,Beauty,2279.23,25,38,64958.06,S07,West
2024-06-24,P305,Green Tea Pack,Grocery,460.81,10,89,36910.88,S06,South
2024-06-24,P103,Wireless Earbuds,Electronics,32173.38,25,9,217170.32,S06,South
2024-06-24,P105,Tablet Z2,Electronics,24856.7,25,14,260995.35,S05,North
2024-06-24,P502,Hair Serum,Beauty,2842.93,10,39,99786.84,S06,North
2024-06-24,P105,Tablet Z2,Electronics,26721.27,5,11,279237.27,S08,West
2024-06-24,P301,Basmati Rice 5kg,Grocery,290.37,0,66,19164.42,S08,North
2024-06-24,P105,Tablet Z2,Electronics,25557.45,10,9,207015.35,S07,West
2024-06-24,P106,Bluetooth Speaker,Electronics,47144.94,0,6,282869.64,S07,South
2024-06-24,P501,Face Moisturizer,Beauty,1986.43,5,34,64161.69,S02,West
2024-06-24,P406,Air Purifier,Home,2277.69,0,14,31887.66,S08,East
2024-06-24,P401,Stainless Steel Cookware,Home,2305.71,40,28,38735.93,S04,West
2024-06-24,P502,Hair Serum,Beauty,1967.25,20,37,58230.6,S07,West
2024-06-24,P104,Smart TV 43,Electronics,15863.23,5,10,150700.68,S01,East
2024-06-24,P104,Smart TV 43,Electronics,45153.94,5,9,386066.19,S10,East
2024-06-25,P101,Smartphone X1,Electronics,60629.92,0,11,666929.12,S01,North
2024-06-25,P203,Denim Jeans,Fashion,2514.19,0,28,70397.32,S02,North
2024-06-25,P104,Smart TV 43,Electronics,14079.15,0,10,140791.5,S05,South
2024-06-25,P301,Basmati Rice 5kg,Grocery,516.66,30,113,40867.81,S02,North
2024-06-25,P103,Wireless Earbuds,Electronics,19317.37,10,8,139085.06,S10,West
2024-06-25,P505,Body Lotion,Beauty,2064.35,20,34,56150.32,S10,North
2024-06-25,P502,Hair Serum,Beauty,2706.27,15,38,87412.52,S10,West
2024-06-25,P402,Cotton Bedsheet,Home,3012.45,0,12,36149.4,S10,East
2024-06-25,P306,Mixed Nuts 500g,Grocery,86.81,0,57,4948.17,S05,East
2024-06-25,P204,Sports Shoes,Fashion,2197.31,5,30,62623.33,S10,West
2024-06-25,P101,Smartphone X1,Electronics,25888.58,25,18,349495.83,S06,West
2024-06-25,P305,Green Tea Pack,Grocery,460.34,10,62,25686.97,S03,South
2024-06-25,P406,Air Purifier,Home,9189.25,10,14,115784.55,S09,West
2024-06-25,P106,Bluetooth Speaker,Electronics,38921.73,40,18,420354.68,S04,West
2024-06-25,P202,Women Kurti,Fashion,4540.5,0,17,77188.5,S03,East
2024-06-25,P505,Body Lotion,Beauty,1331.54,0,29,38614.66,S01,East
2024-06-25,P305,Green Tea Pack,Grocery,561.28,20,86,38616.06,S01,North
2024-06-25,P201,Men Casual Shirt,Fashion,4058.87,10,33,120548.44,S01,South
2024-06-25,P405,LED Desk Lamp,Home,2564.19,5,16,38975.69,S05,West
2024-06-26,P201,Men Casual Shirt,Fashion,2910.85,0,23,66949.55,S05,West
2024-06-26,P402,Cotton Bedsheet,Home,9204.18,5,16,139903.54,S05,West
2024-06-26,P202,Women Kurti,Fashion,1225.19,10,26,28669.45,S09,North
2024-06-26,P401,Stainless Steel Cookware,Home,11351.92,5,12,129411.89,S09,North
2024-06-26,P205,Formal Blazer,Fashion,1082.67,5,22,22627.8,S03,North
2024-06-26,P204,Sports Shoes,Fashion,1255.68,30,36,31643.14,S04,East
2024-06-26,P106,Bluetooth Speaker,Electronics,39619.16,40,12,285257.95,S10,East
2024-06-26,P403,Wall Clock,Home,11396.51,10,21,215394.04,S01,South
2024-06-26,P101,Smartphone X1,Electronics,39945.58,15,13,441398.66,S01,West
2024-06-26,P402,Cotton Bedsheet,Home,5387.66,40,27,87280.09,S08,West
2024-06-26,P501,Face Moisturizer,Beauty,118.28,30,49,4057.0,S05,West
2024-06-26,P303,Whole Wheat Flour,Grocery,388.62,15,64,21140.93,S05,East
2024-06-27,P502,Hair Serum,Beauty,241.25,10,32,6948.0,S06,North
2024-06-27,P401,Stainless Steel Cookware,Home,14997.23,40,21,188965.1,S02,South
2024-06-27,P106,Bluetooth Speaker,Electronics,59601.37,0,9,536412.33,S08,East
2024-06-27,P306,Mixed Nuts 500g,Grocery,388.94,30,96,26136.77,S04,East
2024-06-27,P106,Bluetooth Speaker,Electronics,8688.5,0,7,60819.5,S02,North
2024-06-27,P502,Hair Serum,Beauty,938.88,30,54,35489.66,S01,West
2024-06-27,P202,Women Kurti,Fashion,2612.81,25,22,43111.36,S02,South
2024-06-27,P405,LED Desk Lamp,Home,10100.29,15,23,197460.67,S01,North
2024-06-27,P405,LED Desk Lamp,Home,2791.03,25,19,39772.18,S03,South
2024-06-27,P106,Bluetooth Speaker,Electronics,67318.74,25,11,555379.6,S07,East
2024-06-27,P205,Formal Blazer,Fashion,2847.49,20,26,59227.79,S07,West
2024-06-27,P202,Women Kurti,Fashion,2527.28,15,43,92372.08,S04,North
2024-06-28,P203,Denim Jeans,Fashion,3811.71,10,23,78902.4,S08,West
2024-06-28,P504,Lipstick Set,Beauty,2507.22,30,35,61426.89,S07,South
2024-06-28,P103,Wireless Earbuds,Electronics,73639.57,5,11,769533.51,S01,North
2024-06-28,P301,Basmati Rice 5kg,Grocery,83.81,0,50,4190.5,S03,South
2024-06-28,P106,Bluetooth Speaker,Electronics,7144.83,30,9,45012.43,S09,West
2024-06-28,P101,Smartphone X1,Electronics,53218.0,10,8,383169.6,S03,South
2024-06-28,P505,Body Lotion,Beauty,1817.7,5,34,58711.71,S07,West
2024-06-28,P405,LED Desk Lamp,Home,12571.21,5,12,143311.79,S07,South
2024-06-28,P303,Whole Wheat Flour,Grocery,453.31,15,57,21962.87,S10,East
2024-06-28,P205,Formal Blazer,Fashion,3167.15,5,24,72211.02,S02,West
2024-06-28,P304,Organic Honey,Grocery,742.33,10,70,46766.79,S06,South
2024-06-28,P304,Organic Honey,Grocery,108.22,0,48,5194.56,S05,South
2024-06-28,P402,Cotton Bedsheet,Home,8117.78,0,11,89295.58,S03,North
2024-06-28,P304,Organic Honey,Grocery,186.81,5,87,15439.85,S04,North
2024-06-28,P105,Tablet Z2,Electronics,41312.38,5,8,313974.09,S09,South
2024-06-29,P301,Basmati Rice 5kg,Grocery,741.02,5,86,60541.33,S04,West
2024-06-29,P204,Sports Shoes,Fashion,1534.34,20,40,49098.88,S07,West
2024-06-29,P503,Sunscreen SPF50,Beauty,728.41,0,38,27679.58,S02,South
2024-06-29,P203,Denim Jeans,Fashion,1177.07,0,30,35312.1,S09,South
2024-06-29,P304,Organic Honey,Grocery,768.13,0,130,99856.9,S04,West
2024-06-29,P502,Hair Serum,Beauty,1784.8,10,43,69071.76,S07,North
2024-06-29,P506,Perfume 100ml,Beauty,2919.16,5,50,138660.1,S10,South
2024-06-29,P205,Formal Blazer,Fashion,2768.58,40,55,91363.14,S04,North
2024-06-29,P406,Air Purifier,Home,11440.43,5,25,271710.21,S04,South
2024-06-29,P304,Organic Honey,Grocery,510.41,0,93,47468.13,S08,South
2024-06-30,P106,Bluetooth Speaker,Electronics,54286.14,5,11,567290.16,S02,South
2024-06-30,P502,Hair Serum,Beauty,972.0,5,41,37859.4,S10,North
2024-06-30,P206,Summer Dress,Fashion,1431.62,0,32,45811.84,S01,East
2024-06-30,P501,Face Moisturizer,Beauty,1246.38,0,32,39884.16,S05,North
2024-06-30,P501,Face Moisturizer,Beauty,2647.19,15,70,157507.81,S01,West
2024-06-30,P202,Women Kurti,Fashion,4530.33,10,31,126396.21,S05,West
2024-06-30,P503,Sunscreen SPF50,Beauty,2784.32,10,42,105247.3,S02,South
2024-06-30,P502,Hair Serum,Beauty,2980.15,40,61,109073.49,S07,North
2024-06-30,P103,Wireless Earbuds,Electronics,2770.35,25,12,24933.15,S05,East
2024-06-30,P106,Bluetooth Speaker,Electronics,10968.81,5,10,104203.69,S10,East
2024-06-30,P105,Tablet Z2,Electronics,72927.97,25,19,1039223.57,S08,West
2024-06-30,P202,Women Kurti,Fashion,4320.41,5,47,192906.31,S01,East
2024-06-30,P206,Summer Dress,Fashion,4584.09,0,27,123770.43,S07,West
2024-07-01,P206,Summer Dress,Fashion,4148.93,0,19,78829.67,S03,North
2024-07-01,P203,Denim Jeans,Fashion,4203.05,0,29,121888.45,S01,West
2024-07-01,P302,Sunflower Oil 1L,Grocery,626.36,5,68,40462.86,S08,East
2024-07-01,P201,Men Casual Shirt,Fashion,1240.46,15,20,21087.82,S03,North
2024-07-01,P406,Air Purifier,Home,508.86,20,22,8955.94,S06,North
2024-07-01,P305,Green Tea Pack,Grocery,602.58,0,44,26513.52,S02,East
2024-07-01,P204,Sports Shoes,Fashion,1898.85,10,30,51268.95,S06,North
2024-07-01,P401,Stainless Steel Cookware,Home,456.59,5,25,10844.01,S01,South
2024-07-01,P103,Wireless Earbuds,Electronics,22518.57,5,7,149748.49,S02,South
2024-07-01,P104,Smart TV 43,Electronics,46769.29,10,10,420923.61,S08,West
2024-07-01,P102,Laptop Pro,Electronics,74845.96,0,8,598767.68,S07,South
2024-07-01,P103,Wireless Earbuds,Electronics,45117.67,0,9,406059.03,S07,South
2024-07-01,P105,Tablet Z2,Electronics,36468.5,25,9,246162.38,S09,West
2024-07-01,P304,Organic Honey,Grocery,497.34,0,44,21882.96,S07,East
2024-07-01,P106,Bluetooth Speaker,Electronics,30722.65,30,7,150540.99,S09,West
2024-07-01,P402,Cotton Bedsheet,Home,5066.85,15,21,90443.27,S08,North
2024-07-01,P106,Bluetooth Speaker,Electronics,25369.62,10,7,159828.61,S08,West
2024-07-02,P404,Wooden Bookshelf,Home,5002.79,10,16,72040.18,S01,East
2024-07-02,P301,Basmati Rice 5kg,Grocery,651.09,15,56,30991.88,S08,South
2024-07-02,P204,Sports Shoes,Fashion,2290.08,15,22,42824.5,S08,West
2024-07-02,P202,Women Kurti,Fashion,2841.09,30,32,63640.42,S06,East
2024-07-02,P103,Wireless Earbuds,Electronics,56460.89,15,11,527909.32,S10,North
2024-07-02,P503,Sunscreen SPF50,Beauty,649.65,25,44,21438.45,S05,North
2024-07-02,P402,Cotton Bedsheet,Home,1119.66,5,13,13827.8,S09,South
2024-07-02,P204,Sports Shoes,Fashion,489.5,10,23,10132.65,S06,South
2024-07-02,P406,Air Purifier,Home,12059.02,10,13,141090.53,S04,East
2024-07-02,P301,Basmati Rice 5kg,Grocery,411.52,40,111,27407.23,S06,West
2024-07-03,P502,Hair Serum,Beauty,460.68,0,36,16584.48,S06,West
2024-07-03,P201,Men Casual Shirt,Fashion,2741.3,10,19,46876.23,S04,East
2024-07-03,P303,Whole Wheat Flour,Grocery,675.49,30,123,58159.69,S06,North
2024-07-03,P105,Tablet Z2,Electronics,49948.48,30,8,279711.49,S10,South
2024-07-03,P203,Denim Jeans,Fashion,1975.72,20,23,36353.25,S04,East
2024-07-03,P104,Smart TV 43,Electronics,70636.73,5,10,671048.93,S01,South
2024-07-03,P104,Smart TV 43,Electronics,69561.36,0,6,417368.16,S07,East
2024-07-03,P101,Smartphone X1,Electronics,14032.47,10,8,101033.78,S09,South
2024-07-03,P304,Organic Honey,Grocery,273.54,10,72,17725.39,S05,South
2024-07-03,P406,Air Purifier,Home,504.74,10,8,3634.13,S05,South
2024-07-03,P305,Green Tea Pack,Grocery,615.72,0,69,42484.68,S02,West
2024-07-03,P402,Cotton Bedsheet,Home,13130.35,10,16,189077.04,S08,West
2024-07-03,P101,Smartphone X1,Electronics,52628.02,30,11,405235.75,S06,East
2024-07-03,P302,Sunflower Oil 1L,Grocery,579.7,10,74,38608.02,S04,South
2024-07-03,P504,Lipstick Set,Beauty,1712.2,0,25,42805.0,S08,North
2024-07-03,P406,Air Purifier,Home,5177.03,10,15,69889.9,S08,North
2024-07-03,P501,Face Moisturizer,Beauty,2456.6,0,27,66328.2,S01,South
2024-07-04,P106,Bluetooth Speaker,Electronics,70898.91,0,8,567191.28,S01,East
2024-07-04,P304,Organic Honey,Grocery,489.19,15,69,28690.99,S05,South
2024-07-04,P201,Men Casual Shirt,Fashion,2036.84,5,29,56114.94,S08,North
2024-07-04,P106,Bluetooth Speaker,Electronics,17659.59,30,12,148340.56,S06,South
2024-07-04,P204,Sports Shoes,Fashion,3146.06,5,18,53797.63,S10,South
2024-07-04,P205,Formal Blazer,Fashion,1657.52,0,18,29835.36,S03,West
2024-07-04,P503,Sunscreen SPF50,Beauty,1470.86,0,26,38242.36,S04,West
2024-07-04,P106,Bluetooth Speaker,Electronics,41682.16,30,10,291775.12,S07,South
2024-07-04,P204,Sports Shoes,Fashion,2913.48,20,33,76915.87,S01,West
2024-07-04,P406,Air Purifier,Home,7066.83,20,14,79148.5,S05,North
2024-07-04,P504,Lipstick Set,Beauty,1820.53,20,26,37867.02,S09,South
2024-07-04,P405,LED Desk Lamp,Home,495.94,10,13,5802.5,S04,East
2024-07-04,P302,Sunflower Oil 1L,Grocery,520.8,30,98,35726.88,S10,North
2024-07-04,P204,Sports Shoes,Fashion,755.81,5,21,15078.41,S10,North
2024-07-05,P403,Wall Clock,Home,12590.81,15,14,149830.64,S03,East
2024-07-05,P505,Body Lotion,Beauty,147.56,40,45,3984.12,S05,West
2024-07-05,P404,Wooden Bookshelf,Home,10535.04,0,13,136955.52,S02,North
2024-07-05,P505,Body Lotion,Beauty,2452.6,5,29,67569.13,S08,West
2024-07-05,P203,Denim Jeans,Fashion,4492.89,20,27,97046.42,S02,North
2024-07-05,P405,LED Desk Lamp,Home,4559.55,15,17,65885.5,S02,North
2024-07-05,P506,Perfume 100ml,Beauty,2230.38,0,23,51298.74,S03,West
2024-07-05,P201,Men Casual Shirt,Fashion,1664.06,10,16,23962.46,S09,South
2024-07-05,P206,Summer Dress,Fashion,894.45,5,31,26341.55,S01,West
2024-07-05,P302,Sunflower Oil 1L,Grocery,91.22,5,77,6672.74,S08,South
2024-07-05,P201,Men Casual Shirt,Fashion,1900.14,5,18,32492.39,S03,West
2024-07-05,P403,Wall Clock,Home,6746.28,10,14,85003.13,S10,West
2024-07-06,P406,Air Purifier,Home,5925.97,0,15,88889.55,S08,South
2024-07-06,P505,Body Lotion,Beauty,2355.28,15,21,42041.75,S03,East
2024-07-06,P506,Perfume 100ml,Beauty,1581.16,0,37,58502.92,S07,North
2024-07-06,P205,Formal Blazer,Fashion,3265.92,30,38,86873.47,S10,West
2024-07-06,P103,Wireless Earbuds,Electronics,62936.18,30,18,792995.87,S04,North
2024-07-06,P405,LED Desk Lamp,Home,2540.95,0,15,38114.25,S09,South
2024-07-06,P401,Stainless Steel Cookware,Home,2008.04,0,19,38152.76,S02,East
2024-07-06,P305,Green Tea Pack,Grocery,419.6,25,101,31784.7,S02,West
2024-07-06,P306,Mixed Nuts 500g,Grocery,570.51,0,80,45640.8,S06,South
2024-07-06,P206,Summer Dress,Fashion,2060.02,0,24,49440.48,S09,South
2024-07-06,P104,Smart TV 43,Electronics,26878.1,5,12,306410.34,S07,North
2024-07-06,P501,Face Moisturizer,Beauty,1516.96,0,31,47025.76,S10,East
2024-07-06,P201,Men Casual Shirt,Fashion,2019.18,5,32,61383.07,S08,East
2024-07-06,P205,Formal Blazer,Fashion,4626.04,10,38,158210.57,S05,North
2024-07-07,P206,Summer Dress,Fashion,369.29,40,279,61819.15,S09,East
2024-07-07,P504,Lipstick Set,Beauty,2723.35,0,30,81700.5,S09,East
2024-07-07,P206,Summer Dress,Fashion,1281.52,15,14,15250.09,S09,East
2024-07-07,P104,Smart TV 43,Electronics,58639.49,0,13,762313.37,S04,North
2024-07-07,P201,Men Casual Shirt,Fashion,558.14,0,30,16744.2,S02,West
2024-07-07,P506,Perfume 100ml,Beauty,1588.76,40,78,74353.97,S06,South
2024-07-07,P106,Bluetooth Speaker,Electronics,41434.91,10,10,372914.19,S07,East
2024-07-07,P404,Wooden Bookshelf,Home,5559.31,0,25,138982.75,S10,South
2024-07-07,P406,Air Purifier,Home,3978.43,20,24,76385.86,S05,West
2024-07-08,P205,Formal Blazer,Fashion,3982.18,5,24,90793.7,S01,South
2024-07-08,P203,Denim Jeans,Fashion,4014.45,5,17,64833.37,S02,North
2024-07-08,P301,Basmati Rice 5kg,Grocery,481.28,0,54,25989.12,S10,East
2024-07-08,P403,Wall Clock,Home,3341.56,5,12,38093.78,S02,East
2024-07-08,P506,Perfume 100ml,Beauty,1976.97,20,30,47447.28,S01,East
2024-07-08,P305,Green Tea Pack,Grocery,67.69,5,41,2636.53,S02,South
2024-07-08,P502,Hair Serum,Beauty,1864.8,25,45,62937.0,S05,North
2024-07-08,P301,Basmati Rice 5kg,Grocery,343.91,0,68,23385.88,S10,West
2024-07-08,P102,Laptop Pro,Electronics,69172.47,0,8,553379.76,S03,South
2024-07-08,P502,Hair Serum,Beauty,663.42,25,40,19902.6,S02,West
2024-07-08,P204,Sports Shoes,Fashion,2386.14,30,36,60130.73,S06,West
2024-07-08,P206,Summer Dress,Fashion,1094.22,20,26,22759.78,S04,West
2024-07-08,P205,Formal Blazer,Fashion,2016.98,10,17,30859.79,S07,South
2024-07-08,P106,Bluetooth Speaker,Electronics,72692.91,30,7,356195.26,S09,East
2024-07-08,P205,Formal Blazer,Fashion,3415.93,15,23,66781.43,S04,East
2024-07-08,P101,Smartphone X1,Electronics,38910.06,0,9,350190.54,S09,North
2024-07-08,P103,Wireless Earbuds,Electronics,8396.69,0,9,75570.21,S03,South
2024-07-09,P204,Sports Shoes,Fashion,4482.31,0,22,98610.82,S01,North
2024-07-09,P302,Sunflower Oil 1L,Grocery,472.75,0,81,38292.75,S01,North
2024-07-09,P402,Cotton Bedsheet,Home,3946.65,10,15,53279.78,S06,East
2024-07-09,P504,Lipstick Set,Beauty,1214.64,30,49,41662.15,S01,North
2024-07-09,P102,Laptop Pro,Electronics,4166.6,10,9,33749.46,S10,South
2024-07-09,P302,Sunflower Oil 1L,Grocery,362.8,15,57,17577.66,S05,East
2024-07-09,P505,Body Lotion,Beauty,523.69,0,15,7855.35,S09,East
2024-07-09,P404,Wooden Bookshelf,Home,12526.79,10,16,180385.78,S01,South
2024-07-09,P204,Sports Shoes,Fashion,3858.34,25,34,98387.67,S08,West
2024-07-09,P402,Cotton Bedsheet,Home,14344.24,15,14,170696.46,S07,North
2024-07-09,P404,Wooden Bookshelf,Home,10482.36,25,20,157235.4,S02,South
2024-07-09,P101,Smartphone X1,Electronics,70234.52,25,9,474083.01,S03,South
2024-07-09,P305,Green Tea Pack,Grocery,600.25,20,60,28812.0,S07,North
2024-07-09,P202,Women Kurti,Fashion,4374.01,5,21,87261.5,S09,North
2024-07-09,P104,Smart TV 43,Electronics,75283.96,5,8,572158.1,S10,South
2024-07-09,P303,Whole Wheat Flour,Grocery,645.27,20,64,33037.82,S03,South
2024-07-10,P404,Wooden Bookshelf,Home,13518.02,10,14,170327.05,S05,North
2024-07-10,P104,Smart TV 43,Electronics,45492.85,15,8,309351.38,S09,South
2024-07-10,P206,Summer Dress,Fashion,4747.82,0,19,90208.58,S05,South
2024-07-10,P304,Organic Honey,Grocery,469.86,0,44,20673.84,S09,North
2024-07-10,P402,Cotton Bedsheet,Home,14368.15,0,19,272994.85,S01,South
2024-07-10,P102,Laptop Pro,Electronics,47048.84,0,7,329341.88,S09,North
2024-07-10,P506,Perfume 100ml,Beauty,1252.93,10,21,23680.38,S07,North
2024-07-10,P404,Wooden Bookshelf,Home,14754.7,30,23,237550.67,S04,North
2024-07-10,P105,Tablet Z2,Electronics,59902.49,0,8,479219.92,S07,North
2024-07-10,P301,Basmati Rice 5kg,Grocery,666.73,10,41,24602.34,S05,East
2024-07-10,P402,Cotton Bedsheet,Home,12295.31,0,15,184429.65,S04,East
2024-07-10,P101,Smartphone X1,Electronics,14553.4,25,13,141895.65,S01,West
2024-07-10,P303,Whole Wheat Flour,Grocery,564.08,40,94,31814.11,S05,East
2024-07-10,P305,Green Tea Pack,Grocery,459.76,10,83,34344.07,S01,West
2024-07-11,P502,Hair Serum,Beauty,1254.37,20,30,30104.88,S03,North
2024-07-11,P205,Formal Blazer,Fashion,481.85,40,32,9251.52,S08,East
2024-07-11,P305,Green Tea Pack,Grocery,348.75,10,90,28248.75,S06,South
2024-07-11,P105,Tablet Z2,Electronics,14741.63,30,9,92872.27,S03,South
2024-07-11,P505,Body Lotion,Beauty,1232.32,15,33,34566.58,S09,North
2024-07-11,P506,Perfume 100ml,Beauty,354.57,30,36,8935.16,S06,North
2024-07-11,P502,Hair Serum,Beauty,672.29,30,36,16941.71,S09,North
2024-07-11,P201,Men Casual Shirt,Fashion,310.08,0,22,6821.76,S08,North
2024-07-11,P204,Sports Shoes,Fashion,1712.82,20,38,52069.73,S01,South
2024-07-11,P405,LED Desk Lamp,Home,13672.84,10,13,159972.23,S03,East
2024-07-11,P302,Sunflower Oil 1L,Grocery,691.22,5,65,42682.83,S07,West
2024-07-11,P404,Wooden Bookshelf,Home,7279.15,0,10,72791.5,S02,West
2024-07-11,P504,Lipstick Set,Beauty,2787.34,0,22,61321.48,S02,West
2024-07-11,P302,Sunflower Oil 1L,Grocery,675.59,25,100,50669.25,S10,North
2024-07-11,P104,Smart TV 43,Electronics,43078.5,10,9,348935.85,S02,North
2024-07-11,P105,Tablet Z2,Electronics,48278.78,30,11,371746.61,S04,South
2024-07-11,P203,Denim Jeans,Fashion,1807.34,30,29,36689.0,S06,South
2024-07-11,P106,Bluetooth Speaker,Electronics,54081.39,10,9,438059.26,S08,North
2024-07-11,P303,Whole Wheat Flour,Grocery,300.23,0,46,13810.58,S06,East
2024-07-12,P401,Stainless Steel Cookware,Home,3067.59,20,12,29448.86,S07,West
2024-07-12,P302,Sunflower Oil 1L,Grocery,646.67,0,56,36213.52,S07,North
2024-07-12,P303,Whole Wheat Flour,Grocery,744.8,20,71,42304.64,S03,East
2024-07-12,P301,Basmati Rice 5kg,Grocery,698.73,15,90,53452.85,S01,North
2024-07-12,P306,Mixed Nuts 500g,Grocery,557.97,40,69,23099.96,S03,East
2024-07-12,P402,Cotton Bedsheet,Home,13719.86,15,21,244899.5,S04,North
2024-07-12,P106,Bluetooth Speaker,Electronics,43647.95,0,8,349183.6,S06,West
2024-07-12,P101,Smartphone X1,Electronics,49807.8,40,15,448270.2,S06,North
2024-07-12,P303,Whole Wheat Flour,Grocery,295.94,5,90,25302.87,S02,North
2024-07-12,P501,Face Moisturizer,Beauty,1801.26,25,32,43230.24,S01,South
2024-07-12,P205,Formal Blazer,Fashion,3507.48,25,29,76287.69,S05,South
2024-07-12,P205,Formal Blazer,Fashion,1649.76,20,29,38274.43,S10,West
2024-07-12,P406,Air Purifier,Home,6225.6,5,19,112372.08,S08,North
2024-07-12,P405,LED Desk Lamp,Home,11322.56,10,14,142664.26,S04,East
2024-07-12,P402,Cotton Bedsheet,Home,1357.25,25,20,20358.75,S07,South
2024-07-12,P302,Sunflower Oil 1L,Grocery,790.54,25,96,56918.88,S06,South
2024-07-12,P204,Sports Shoes,Fashion,1804.88,0,20,36097.6,S03,South
2024-07-12,P102,Laptop Pro,Electronics,56794.99,0,9,511154.91,S07,West
2024-07-12,P306,Mixed Nuts 500g,Grocery,323.22,0,63,20362.86,S08,East
2024-07-12,P103,Wireless Earbuds,Electronics,67462.43,40,11,445252.04,S07,West
2024-07-12,P405,LED Desk Lamp,Home,7204.91,0,14,100868.74,S05,East
2024-07-12,P503,Sunscreen SPF50,Beauty,1868.49,25,33,46245.13,S09,West
2024-07-13,P101,Smartphone X1,Electronics,31923.13,10,11,316038.99,S07,North
2024-07-13,P103,Wireless Earbuds,Electronics,24832.58,15,12,253292.32,S08,North
2024-07-13,P404,Wooden Bookshelf,Home,5003.22,30,31,108569.87,S06,West
2024-07-13,P306,Mixed Nuts 500g,Grocery,194.2,5,85,15681.65,S05,West
2024-07-13,P202,Women Kurti,Fashion,3131.1,5,24,71389.08,S10,South
2024-07-13,P403,Wall Clock,Home,11273.12,10,22,223207.78,S01,West
2024-07-13,P503,Sunscreen SPF50,Beauty,2698.33,25,44,89044.89,S05,West
2024-07-13,P302,Sunflower Oil 1L,Grocery,346.94,5,83,27356.22,S10,West
2024-07-13,P306,Mixed Nuts 500g,Grocery,785.61,15,101,67444.62,S03,West
2024-07-13,P305,Green Tea Pack,Grocery,702.22,10,127,80263.75,S08,North
2024-07-13,P404,Wooden Bookshelf,Home,9736.38,5,22,203490.34,S08,East
2024-07-13,P301,Basmati Rice 5kg,Grocery,338.31,0,92,31124.52,S07,North
2024-07-13,P506,Perfume 100ml,Beauty,2606.04,5,31,76747.88,S09,North
2024-07-13,P206,Summer Dress,Fashion,3649.31,0,22,80284.82,S09,West
2024-07-13,P206,Summer Dress,Fashion,3065.41,10,24,66212.86,S05,West
2024-07-14,P106,Bluetooth Speaker,Electronics,74743.37,40,13,582998.29,S07,North
2024-07-14,P202,Women Kurti,Fashion,1302.62,0,34,44289.08,S01,West
2024-07-14,P304,Organic Honey,Grocery,571.39,30,86,34397.68,S03,South
2024-07-14,P104,Smart TV 43,Electronics,26470.06,5,12,301758.68,S02,West
2024-07-14,P301,Basmati Rice 5kg,Grocery,519.43,5,102,50332.77,S09,North
2024-07-14,P403,Wall Clock,Home,7261.97,0,19,137977.43,S03,North
2024-07-14,P104,Smart TV 43,Electronics,78116.99,40,21,984274.07,S04,West
2024-07-14,P203,Denim Jeans,Fashion,448.17,20,39,13982.9,S04,South
2024-07-14,P201,Men Casual Shirt,Fashion,2064.35,25,39,60382.24,S07,South
2024-07-15,P103,Wireless Earbuds,Electronics,28406.62,15,9,217310.64,S05,East
2024-07-15,P403,Wall Clock,Home,4208.31,5,12,47974.73,S01,East
2024-07-15,P401,Stainless Steel Cookware,Home,9238.25,25,19,131645.06,S10,North
2024-07-15,P506,Perfume 100ml,Beauty,1986.35,0,25,49658.75,S07,West
2024-07-15,P506,Perfume 100ml,Beauty,2015.55,0,21,42326.55,S09,North
2024-07-15,P402,Cotton Bedsheet,Home,8850.09,0,12,106201.08,S05,East
2024-07-15,P405,LED Desk Lamp,Home,9399.25,20,12,90232.8,S09,East
2024-07-15,P105,Tablet Z2,Electronics,28395.4,40,9,153335.16,S09,South
2024-07-15,P404,Wooden Bookshelf,Home,11038.01,5,17,178263.86,S06,South
2024-07-16,P506,Perfume 100ml,Beauty,2789.69,20,26,58025.55,S07,East
2024-07-16,P203,Denim Jeans,Fashion,4832.51,20,21,81186.17,S09,West
2024-07-16,P202,Women Kurti,Fashion,2605.39,5,30,74253.61,S01,West
2024-07-16,P403,Wall Clock,Home,4900.57,0,18,88210.26,S01,West
2024-07-16,P303,Whole Wheat Flour,Grocery,582.14,30,80,32599.84,S06,East
2024-07-16,P302,Sunflower Oil 1L,Grocery,578.77,25,114,49484.83,S04,South
2024-07-16,P402,Cotton Bedsheet,Home,606.19,40,19,6910.57,S02,West
2024-07-16,P503,Sunscreen SPF50,Beauty,2743.53,0,21,57614.13,S09,West
2024-07-16,P204,Sports Shoes,Fashion,527.8,10,21,9975.42,S03,North
2024-07-16,P303,Whole Wheat Flour,Grocery,61.05,30,87,3717.94,S08,North
2024-07-16,P206,Summer Dress,Fashion,2690.96,0,28,75346.88,S01,North
2024-07-16,P406,Air Purifier,Home,11496.39,5,156,1703765.0,S02,East
2024-07-17,P504,Lipstick Set,Beauty,2774.07,5,29,76425.63,S08,East
2024-07-17,P105,Tablet Z2,Electronics,21428.06,30,11,164996.06,S03,West
2024-07-17,P403,Wall Clock,Home,6950.36,10,12,75063.89,S09,North
2024-07-17,P205,Formal Blazer,Fashion,3266.16,5,21,65159.89,S08,West
2024-07-17,P304,Organic Honey,Grocery,52.94,5,51,2564.94,S10,South
2024-07-17,P304,Organic Honey,Grocery,545.39,20,73,31850.78,S03,West
2024-07-17,P303,Whole Wheat Flour,Grocery,669.62,10,48,28927.58,S07,West
2024-07-17,P305,Green Tea Pack,Grocery,386.36,40,93,21558.89,S06,East
2024-07-17,P102,Laptop Pro,Electronics,78787.21,25,8,472723.26,S03,South
2024-07-17,P201,Men Casual Shirt,Fashion,1103.77,10,27,26821.61,S08,North
2024-07-17,P206,Summer Dress,Fashion,2599.15,10,23,53802.41,S04,East
2024-07-17,P402,Cotton Bedsheet,Home,7114.36,15,18,108849.71,S06,South
2024-07-17,P506,Perfume 100ml,Beauty,2890.1,20,31,71674.48,S07,West
2024-07-18,P401,Stainless Steel Cookware,Home,5958.53,15,13,65841.76,S09,South
2024-07-18,P302,Sunflower Oil 1L,Grocery,426.93,0,68,29031.24,S05,North
2024-07-18,P105,Tablet Z2,Electronics,19526.65,0,8,156213.2,S07,North
2024-07-18,P101,Smartphone X1,Electronics,74569.63,0,7,521987.41,S03,South
2024-07-18,P302,Sunflower Oil 1L,Grocery,657.36,10,56,33130.94,S03,West
2024-07-18,P301,Basmati Rice 5kg,Grocery,243.51,5,67,15499.41,S08,South
2024-07-18,P401,Stainless Steel Cookware,Home,2357.36,0,17,40075.12,S04,South
2024-07-19,P201,Men Casual Shirt,Fashion,796.67,30,21,11711.05,S09,West
2024-07-19,P502,Hair Serum,Beauty,403.82,20,26,8399.46,S03,East
2024-07-19,P404,Wooden Bookshelf,Home,7922.89,5,16,120427.93,S08,North
2024-07-19,P206,Summer Dress,Fashion,1776.09,10,20,31969.62,S05,West
2024-07-19,P305,Green Tea Pack,Grocery,175.6,10,68,10746.72,S06,East
2024-07-19,P502,Hair Serum,Beauty,2883.58,20,47,108422.61,S01,North
2024-07-19,P403,Wall Clock,Home,10415.69,15,16,141653.38,S09,West
2024-07-19,P404,Wooden Bookshelf,Home,13769.44,10,14,173494.94,S05,North
2024-07-19,P406,Air Purifier,Home,11920.34,10,13,139467.98,S08,East
2024-07-19,P106,Bluetooth Speaker,Electronics,16650.6,20,14,186486.72,S06,North
2024-07-20,P303,Whole Wheat Flour,Grocery,248.58,40,121,18046.91,S04,West
2024-07-20,P203,Denim Jeans,Fashion,3672.78,5,27,94206.81,S05,South
2024-07-20,P406,Air Purifier,Home,10579.17,5,12,120602.54,S02,East
2024-07-20,P501,Face Moisturizer,Beauty,2533.52,5,34,81832.7,S02,West
2024-07-20,P505,Body Lotion,Beauty,1943.38,15,51,84245.52,S04,West
2024-07-20,P203,Denim Jeans,Fashion,1737.48,5,30,49518.18,S07,West
2024-07-20,P403,Wall Clock,Home,11550.64,10,24,249493.82,S01,South
2024-07-20,P206,Summer Dress,Fashion,1457.69,0,36,52476.84,S04,North
2024-07-20,P106,Bluetooth Speaker,Electronics,31379.08,40,22,414203.86,S01,East
2024-07-20,P502,Hair Serum,Beauty,1206.53,30,50,42228.55,S09,West
2024-07-20,P103,Wireless Earbuds,Electronics,37341.86,5,11,390222.44,S02,East
2024-07-20,P103,Wireless Earbuds,Electronics,41342.8,10,13,483710.76,S02,North
2024-07-20,P105,Tablet Z2,Electronics,35999.73,40,14,302397.73,S09,East
2024-07-20,P306,Mixed Nuts 500g,Grocery,55.93,5,85,4516.35,S06,East
2024-07-20,P506,Perfume 100ml,Beauty,2914.27,0,42,122399.34,S09,North
2024-07-20,P502,Hair Serum,Beauty,1042.8,10,38,35663.76,S04,South
2024-07-20,P203,Denim Jeans,Fashion,2279.39,5,31,67128.04,S02,North
2024-07-20,P203,Denim Jeans,Fashion,3760.71,5,31,110752.91,S09,West
2024-07-21,P201,Men Casual Shirt,Fashion,1791.07,0,28,50149.96,S08,North
2024-07-21,P202,Women Kurti,Fashion,1540.06,30,37,39887.55,S06,West
2024-07-21,P503,Sunscreen SPF50,Beauty,2126.43,10,25,47844.67,S01,East
2024-07-21,P204,Sports Shoes,Fashion,1048.74,25,1,786.56,S09,West
2024-07-21,P405,LED Desk Lamp,Home,5369.83,5,23,117330.79,S08,West
2024-07-21,P304,Organic Honey,Grocery,401.82,40,169,40744.55,S01,North
2024-07-21,P504,Lipstick Set,Beauty,1956.73,40,85,99793.23,S04,North
2024-07-22,P402,Cotton Bedsheet,Home,4839.22,0,17,82266.74,S06,North
2024-07-22,P305,Green Tea Pack,Grocery,433.38,40,99,25742.77,S04,East
2024-07-22,P502,Hair Serum,Beauty,743.84,10,30,20083.68,S01,West
2024-07-22,P202,Women Kurti,Fashion,4554.32,0,24,109303.68,S04,West
2024-07-22,P105,Tablet Z2,Electronics,72811.18,30,9,458710.43,S03,South
2024-07-22,P505,Body Lotion,Beauty,2670.53,0,22,58751.66,S10,East
2024-07-22,P403,Wall Clock,Home,11658.08,10,13,136399.54,S05,East
2024-07-22,P205,Formal Blazer,Fashion,1917.84,15,25,40754.1,S08,West
2024-07-22,P303,Whole Wheat Flour,Grocery,782.14,0,61,47710.54,S02,East
2024-07-22,P301,Basmati Rice 5kg,Grocery,329.17,0,59,19421.03,S03,North
2024-07-22,P402,Cotton Bedsheet,Home,3878.58,40,18,41888.66,S07,East
2024-07-22,P401,Stainless Steel Cookware,Home,11237.72,0,12,134852.64,S03,South
2024-07-22,P103,Wireless Earbuds,Electronics,7847.18,0,8,62777.44,S07,West
2024-07-22,P404,Wooden Bookshelf,Home,7185.33,10,22,142269.53,S06,West
2024-07-22,P104,Smart TV 43,Electronics,62751.05,40,13,489458.19,S10,West
2024-07-22,P305,Green Tea Pack,Grocery,333.51,30,78,18209.65,S08,South
2024-07-22,P302,Sunflower Oil 1L,Grocery,722.88,30,60,30360.96,S03,East
2024-07-22,P103,Wireless Earbuds,Electronics,55869.56,20,10,446956.48,S10,South
2024-07-23,P405,LED Desk Lamp,Home,4763.05,5,16,72398.36,S05,North
2024-07-23,P304,Organic Honey,Grocery,241.16,0,58,13987.28,S03,West
2024-07-23,P402,Cotton Bedsheet,Home,13434.67,5,16,204206.98,S02,South
2024-07-23,P304,Organic Honey,Grocery,199.99,0,50,9999.5,S04,East
2024-07-23,P302,Sunflower Oil 1L,Grocery,272.82,10,62,15223.36,S10,West
2024-07-23,P202,Women Kurti,Fashion,1587.31,25,36,42857.37,S08,North
2024-07-23,P303,Whole Wheat Flour,Grocery,52.15,40,90,2816.1,S02,South
2024-07-23,P505,Body Lotion,Beauty,2637.31,0,21,55383.51,S09,South
2024-07-23,P101,Smartphone X1,Electronics,54350.82,10,8,391325.9,S10,West
2024-07-23,P506,Perfume 100ml,Beauty,1678.98,10,30,45332.46,S06,South
2024-07-23,P103,Wireless Earbuds,Electronics,51875.13,5,10,492813.73,S02,East
2024-07-23,P404,Wooden Bookshelf,Home,5382.72,20,22,94735.87,S04,West
2024-07-23,P504,Lipstick Set,Beauty,354.41,25,44,11695.53,S06,South
2024-07-23,P405,LED Desk Lamp,Home,406.38,0,9,3657.42,S05,South
2024-07-24,P403,Wall Clock,Home,13107.37,0,12,157288.44,S01,East
2024-07-24,P302,Sunflower Oil 1L,Grocery,579.8,15,65,32033.95,S09,North
2024-07-24,P501,Face Moisturizer,Beauty,2681.32,20,24,51481.34,S02,East
2024-07-24,P201,Men Casual Shirt,Fashion,2792.74,20,29,64791.57,S06,West
2024-07-24,P502,Hair Serum,Beauty,1240.12,10,39,43528.21,S06,East
2024-07-24,P101,Smartphone X1,Electronics,30763.99,0,6,184583.94,S03,East
2024-07-24,P406,Air Purifier,Home,14837.53,25,19,211434.8,S09,South
2024-07-24,P503,Sunscreen SPF50,Beauty,752.87,0,18,13551.66,S05,East
2024-07-24,P405,LED Desk Lamp,Home,8256.48,0,10,82564.8,S09,West
2024-07-24,P404,Wooden Bookshelf,Home,3146.87,0,18,56643.66,S06,East
2024-07-25,P504,Lipstick Set,Beauty,2056.03,40,44,54279.19,S02,East
2024-07-25,P405,LED Desk Lamp,Home,4509.45,10,19,77111.6,S01,South
2024-07-25,P203,Denim Jeans,Fashion,372.86,40,36,8053.78,S08,East
2024-07-25,P203,Denim Jeans,Fashion,4988.92,0,27,134700.84,S06,South
2024-07-25,P505,Body Lotion,Beauty,2941.6,0,27,79423.2,S06,South
2024-07-25,P506,Perfume 100ml,Beauty,1590.88,25,49,58464.84,S04,West
2024-07-25,P104,Smart TV 43,Electronics,75908.03,30,9,478220.59,S02,South
2024-07-25,P503,Sunscreen SPF50,Beauty,2010.01,25,24,36180.18,S10,East
2024-07-25,P406,Air Purifier,Home,1072.1,25,25,20101.87,S04,South
2024-07-25,P404,Wooden Bookshelf,Home,2059.88,0,12,24718.56,S10,East
2024-07-25,P302,Sunflower Oil 1L,Grocery,425.06,0,71,30179.26,S04,West
2024-07-26,P404,Wooden Bookshelf,Home,5738.98,15,11,53659.46,S09,North
2024-07-26,P201,Men Casual Shirt,Fashion,2000.01,0,26,52000.26,S01,South
2024-07-26,P404,Wooden Bookshelf,Home,297.63,0,10,2976.3,S03,West
2024-07-26,P402,Cotton Bedsheet,Home,1576.28,5,17,25456.92,S05,North
2024-07-26,P402,Cotton Bedsheet,Home,13688.18,20,16,175208.7,S09,West
2024-07-26,P103,Wireless Earbuds,Electronics,9474.76,10,10,85272.84,S07,West
2024-07-26,P105,Tablet Z2,Electronics,71032.43,5,6,404884.85,S09,East
2024-07-26,P501,Face Moisturizer,Beauty,1008.25,30,52,36700.3,S08,West
2024-07-26,P206,Summer Dress,Fashion,2955.19,0,31,91610.89,S01,South
2024-07-26,P505,Body Lotion,Beauty,2636.26,0,23,60633.98,S03,North
2024-07-26,P401,Stainless Steel Cookware,Home,9124.47,5,12,104018.96,S09,West
2024-07-27,P506,Perfume 100ml,Beauty,2549.62,10,24,55071.79,S04,East
2024-07-27,P502,Hair Serum,Beauty,790.87,0,440,347982.8,S01,East
2024-07-27,P306,Mixed Nuts 500g,Grocery,107.04,0,69,7385.76,S03,East
2024-07-27,P206,Summer Dress,Fashion,1003.92,10,35,31623.48,S02,North
2024-07-27,P301,Basmati Rice 5kg,Grocery,756.01,5,114,81875.88,S06,North
2024-07-27,P303,Whole Wheat Flour,Grocery,644.96,15,92,50435.87,S02,West
2024-07-27,P301,Basmati Rice 5kg,Grocery,655.91,20,82,43027.7,S05,South
2024-07-27,P302,Sunflower Oil 1L,Grocery,760.43,0,69,52469.67,S03,East
2024-07-27,P203,Denim Jeans,Fashion,2235.17,5,22,46715.05,S03,North
2024-07-27,P202,Women Kurti,Fashion,4522.03,15,30,115311.76,S05,North
2024-07-27,P103,Wireless Earbuds,Electronics,9525.01,25,15,107156.36,S08,West
2024-07-27,P503,Sunscreen SPF50,Beauty,2886.47,25,60,129891.15,S10,South
2024-07-27,P501,Face Moisturizer,Beauty,2283.01,40,54,73969.52,S05,West
2024-07-27,P101,Smartphone X1,Electronics,44668.33,30,14,437749.63,S03,East
2024-07-27,P101,Smartphone X1,Electronics,37325.39,5,14,496427.69,S04,East
2024-07-27,P105,Tablet Z2,Electronics,57338.21,5,12,653655.59,S02,West
2024-07-28,P302,Sunflower Oil 1L,Grocery,60.66,10,75,4094.55,S09,South
2024-07-28,P502,Hair Serum,Beauty,2625.38,20,47,98714.29,S08,East
2024-07-28,P405,LED Desk Lamp,Home,3848.34,10,20,69270.12,S03,West
2024-07-28,P402,Cotton Bedsheet,Home,2545.08,0,21,53446.68,S10,West
2024-07-28,P403,Wall Clock,Home,9471.6,30,37,245314.44,S08,North
2024-07-28,P505,Body Lotion,Beauty,1930.37,25,42,60806.65,S07,East
2024-07-28,P205,Formal Blazer,Fashion,522.18,30,38,13889.99,S05,East
2024-07-28,P404,Wooden Bookshelf,Home,12718.41,0,18,228931.38,S08,North
2024-07-28,P101,Smartphone X1,Electronics,28018.43,10,16,403465.39,S04,East
2024-07-28,P406,Air Purifier,Home,13798.51,5,13,170411.6,S07,South
2024-07-28,P102,Laptop Pro,Electronics,68918.59,20,13,716753.34,S01,South
2024-07-29,P303,Whole Wheat Flour,Grocery,550.88,20,96,42307.58,S04,North
2024-07-29,P402,Cotton Bedsheet,Home,3778.49,5,13,46664.35,S09,North
2024-07-29,P204,Sports Shoes,Fashion,3988.96,0,17,67812.32,S05,East
2024-07-29,P201,Men Casual Shirt,Fashion,1812.35,5,27,46486.78,S10,West
2024-07-29,P306,Mixed Nuts 500g,Grocery,75.75,20,85,5151.0,S04,West
2024-07-29,P505,Body Lotion,Beauty,755.77,15,28,17987.33,S05,West
2024-07-29,P201,Men Casual Shirt,Fashion,1397.47,10,24,30185.35,S08,South
2024-07-29,P505,Body Lotion,Beauty,2673.78,15,25,56817.82,S09,North
2024-07-29,P404,Wooden Bookshelf,Home,9229.96,25,23,159216.81,S08,South
2024-07-29,P503,Sunscreen SPF50,Beauty,2239.1,30,47,73666.39,S01,North
2024-07-29,P301,Basmati Rice 5kg,Grocery,429.61,10,69,26678.78,S02,North
2024-07-29,P204,Sports Shoes,Fashion,1288.7,10,31,35954.73,S01,East
2024-07-30,P305,Green Tea Pack,Grocery,192.28,40,82,9460.18,S05,East
2024-07-30,P402,Cotton Bedsheet,Home,11458.81,0,14,160423.34,S05,North
2024-07-30,P402,Cotton Bedsheet,Home,10287.6,25,25,192892.5,S06,West
2024-07-30,P105,Tablet Z2,Electronics,44822.4,0,7,313756.8,S02,South
2024-07-30,P506,Perfume 100ml,Beauty,1270.92,20,28,28468.61,S07,South
2024-07-30,P404,Wooden Bookshelf,Home,9266.11,40,24,133431.98,S10,West
2024-07-30,P201,Men Casual Shirt,Fashion,1897.03,25,36,51219.81,S06,North
2024-07-30,P501,Face Moisturizer,Beauty,1637.24,5,36,55993.61,S06,South
2024-07-30,P401,Stainless Steel Cookware,Home,1164.33,30,18,14670.56,S03,South
2024-07-30,P104,Smart TV 43,Electronics,63958.31,10,8,460499.83,S08,East
2024-07-30,P301,Basmati Rice 5kg,Grocery,527.36,15,43,19275.01,S03,South
2024-07-30,P102,Laptop Pro,Electronics,53552.96,20,8,342738.94,S07,South
2024-07-31,P204,Sports Shoes,Fashion,3441.62,0,11,37857.82,S03,East
2024-07-31,P306,Mixed Nuts 500g,Grocery,758.59,0,28,21240.52,S05,East
2024-07-31,P303,Whole Wheat Flour,Grocery,220.93,10,80,15906.96,S01,West
2024-07-31,P406,Air Purifier,Home,4971.11,0,15,74566.65,S10,North
2024-07-31,P405,LED Desk Lamp,Home,3664.25,5,11,38291.41,S03,East
2024-07-31,P306,Mixed Nuts 500g,Grocery,543.13,10,76,37150.09,S04,South
2024-07-31,P406,Air Purifier,Home,4428.4,10,14,55797.84,S08,West
2024-07-31,P102,Laptop Pro,Electronics,3301.25,20,13,34333.0,S05,North
2024-07-31,P105,Tablet Z2,Electronics,41023.61,0,8,328188.88,S02,South
2024-07-31,P401,Stainless Steel Cookware,Home,4560.15,15,20,77522.55,S02,South
2024-07-31,P505,Body Lotion,Beauty,927.25,10,33,27539.33,S10,West
2024-07-31,P202,Women Kurti,Fashion,3908.1,0,22,85978.2,S01,East
2024-07-31,P405,LED Desk Lamp,Home,13652.06,15,13,150855.26,S09,East
2024-07-31,P504,Lipstick Set,Beauty,2155.39,15,33,60458.69,S04,East
2024-07-31,P101,Smartphone X1,Electronics,69614.41,0,7,487300.87,S07,South
2024-08-01,P405,LED Desk Lamp,Home,13919.2,5,10,132232.4,S09,West
2024-08-01,P501,Face Moisturizer,Beauty,480.24,15,40,16328.16,S02,North
2024-08-01,P102,Laptop Pro,Electronics,40211.92,25,135,4071456.9,S01,South
2024-08-01,P401,Stainless Steel Cookware,Home,5834.1,0,15,87511.5,S08,East
2024-08-01,P401,Stainless Steel Cookware,Home,8748.53,0,17,148725.01,S03,West
2024-08-01,P503,Sunscreen SPF50,Beauty,1468.38,5,28,39058.91,S02,West
2024-08-01,P505,Body Lotion,Beauty,1663.01,0,23,38249.23,S09,West
2024-08-01,P205,Formal Blazer,Fashion,1175.0,0,22,25850.0,S01,South
2024-08-01,P402,Cotton Bedsheet,Home,5647.6,5,19,101939.18,S03,North
2024-08-02,P203,Denim Jeans,Fashion,3131.02,30,33,72326.56,S06,South
2024-08-02,P504,Lipstick Set,Beauty,2982.26,25,378,845470.71,S08,North
2024-08-02,P404,Wooden Bookshelf,Home,12359.39,10,25,278086.28,S01,West
2024-08-02,P206,Summer Dress,Fashion,489.97,15,21,8745.96,S08,East
2024-08-02,P402,Cotton Bedsheet,Home,9703.73,0,12,116444.76,S03,South
2024-08-02,P306,Mixed Nuts 500g,Grocery,190.33,25,107,15273.98,S03,North
2024-08-02,P201,Men Casual Shirt,Fashion,2294.75,5,23,50140.29,S02,West
2024-08-02,P405,LED Desk Lamp,Home,8676.17,5,15,123635.42,S09,North
2024-08-02,P505,Body Lotion,Beauty,2959.26,5,27,75905.02,S08,South
2024-08-02,P202,Women Kurti,Fashion,476.4,0,24,11433.6,S10,West
2024-08-02,P503,Sunscreen SPF50,Beauty,589.05,10,31,16434.49,S06,West
2024-08-02,P201,Men Casual Shirt,Fashion,1684.47,30,24,28299.1,S03,East
2024-08-02,P105,Tablet Z2,Electronics,56216.45,40,12,404758.44,S10,North
2024-08-03,P101,Smartphone X1,Electronics,78193.23,40,20,938318.76,S02,East
2024-08-03,P302,Sunflower Oil 1L,Grocery,340.94,0,98,33412.12,S01,East
2024-08-03,P403,Wall Clock,Home,2396.05,25,24,43128.9,S07,North
2024-08-03,P403,Wall Clock,Home,8309.35,5,28,221028.71,S05,North
2024-08-03,P102,Laptop Pro,Electronics,3543.88,15,24,72295.15,S01,North
2024-08-03,P201,Men Casual Shirt,Fashion,4463.36,10,35,140595.84,S07,North
2024-08-03,P303,Whole Wheat Flour,Grocery,171.83,15,103,15043.72,S02,South
2024-08-03,P305,Green Tea Pack,Grocery,546.96,0,99,54149.04,S04,South
2024-08-03,P302,Sunflower Oil 1L,Grocery,616.24,0,73,44985.52,S09,South
2024-08-03,P402,Cotton Bedsheet,Home,12987.48,5,28,345466.97,S06,North
2024-08-03,P206,Summer Dress,Fashion,3468.07,30,53,128665.4,S08,West
2024-08-03,P202,Women Kurti,Fashion,3644.95,20,38,110806.48,S09,North
2024-08-03,P303,Whole Wheat Flour,Grocery,424.2,30,131,38899.14,S02,North
2024-08-03,P201,Men Casual Shirt,Fashion,504.98,10,29,13179.98,S07,East
2024-08-04,P304,Organic Honey,Grocery,165.83,40,132,13133.74,S08,East
2024-08-04,P201,Men Casual Shirt,Fashion,1311.95,5,37,46115.04,S01,East
2024-08-04,P301,Basmati Rice 5kg,Grocery,97.82,25,107,7850.06,S10,West
2024-08-04,P504,Lipstick Set,Beauty,886.32,10,44,35098.27,S01,West
2024-08-04,P505,Body Lotion,Beauty,707.91,0,36,25484.76,S08,North
2024-08-04,P504,Lipstick Set,Beauty,2118.28,25,59,93733.89,S05,North
2024-08-04,P503,Sunscreen SPF50,Beauty,174.92,10,63,9917.96,S01,West
2024-08-04,P206,Summer Dress,Fashion,4521.47,5,36,154634.27,S08,West
2024-08-04,P302,Sunflower Oil 1L,Grocery,188.76,25,75,10617.75,S03,East
2024-08-04,P106,Bluetooth Speaker,Electronics,75061.26,40,21,945771.88,S07,North
2024-08-04,P105,Tablet Z2,Electronics,11068.41,0,11,121752.51,S08,North
2024-08-04,P102,Laptop Pro,Electronics,39974.13,20,16,511668.86,S02,West
2024-08-04,P102,Laptop Pro,Electronics,46318.89,25,14,486348.34,S03,East
2024-08-05,P105,Tablet Z2,Electronics,19898.51,0,13,258680.63,S08,North
2024-08-05,P206,Summer Dress,Fashion,1896.14,15,32,51575.01,S04,North
2024-08-05,P202,Women Kurti,Fashion,1818.9,0,19,34559.1,S01,East
2024-08-05,P205,Formal Blazer,Fashion,4100.3,40,31,76265.58,S03,West
2024-08-05,P506,Perfume 100ml,Beauty,366.37,10,37,12200.12,S06,South
2024-08-05,P303,Whole Wheat Flour,Grocery,626.49,0,68,42601.32,S05,North
2024-08-05,P206,Summer Dress,Fashion,3629.1,10,19,62057.61,S08,West
2024-08-05,P301,Basmati Rice 5kg,Grocery,531.3,15,67,30257.53,S09,North
2024-08-05,P502,Hair Serum,Beauty,938.57,5,42,37448.94,S01,West
2024-08-05,P503,Sunscreen SPF50,Beauty,1255.37,25,28,26362.77,S09,West
2024-08-06,P404,Wooden Bookshelf,Home,4291.39,40,25,64370.85,S04,East
2024-08-06,P106,Bluetooth Speaker,Electronics,59827.47,10,8,430757.78,S09,South
2024-08-06,P303,Whole Wheat Flour,Grocery,293.16,30,83,17032.6,S01,East
2024-08-06,P403,Wall Clock,Home,4205.92,0,17,71500.64,S02,West
2024-08-06,P401,Stainless Steel Cookware,Home,11406.63,0,14,159692.82,S06,South
2024-08-06,P105,Tablet Z2,Electronics,48092.9,15,9,367910.68,S07,South
2024-08-06,P205,Formal Blazer,Fashion,4220.9,15,25,89694.12,S02,West
2024-08-06,P106,Bluetooth Speaker,Electronics,45832.85,30,12,384995.94,S10,East
2024-08-06,P303,Whole Wheat Flour,Grocery,244.71,25,87,15967.33,S02,North
2024-08-06,P103,Wireless Earbuds,Electronics,6770.11,10,12,73117.19,S04,North
2024-08-06,P403,Wall Clock,Home,2813.33,20,10,22506.64,S07,East
2024-08-06,P506,Perfume 100ml,Beauty,1085.62,0,23,24969.26,S04,East
2024-08-06,P306,Mixed Nuts 500g,Grocery,373.12,0,78,29103.36,S01,West
2024-08-06,P406,Air Purifier,Home,14754.21,0,15,221313.15,S04,West
2024-08-06,P101,Smartphone X1,Electronics,50921.46,30,14,499030.31,S08,North
2024-08-07,P205,Formal Blazer,Fashion,4793.0,30,25,83877.5,S04,East
2024-08-07,P402,Cotton Bedsheet,Home,578.9,25,20,8683.5,S07,South
2024-08-07,P401,Stainless Steel Cookware,Home,1351.57,30,16,15137.58,S09,South
2024-08-07,P402,Cotton Bedsheet,Home,1201.65,20,16,15381.12,S02,East
2024-08-07,P506,Perfume 100ml,Beauty,1250.71,10,21,23638.42,S09,East
2024-08-07,P401,Stainless Steel Cookware,Home,13341.53,5,18,228140.16,S03,North
2024-08-07,P405,LED Desk Lamp,Home,6892.62,10,21,130270.52,S06,South
2024-08-07,P101,Smartphone X1,Electronics,46279.55,5,7,307759.01,S07,South
2024-08-07,P405,LED Desk Lamp,Home,8291.68,40,32,159200.26,S01,North
2024-08-07,P305,Green Tea Pack,Grocery,163.78,20,98,12840.35,S06,South
2024-08-07,P405,LED Desk Lamp,Home,1263.45,10,15,17056.58,S07,South
2024-08-07,P406,Air Purifier,Home,13186.66,10,9,106811.95,S09,East
2024-08-07,P403,Wall Clock,Home,3045.86,20,23,56043.82,S06,South
2024-08-07,P502,Hair Serum,Beauty,2517.46,10,27,61174.28,S07,South
2024-08-07,P406,Air Purifier,Home,926.47,5,16,14082.34,S08,East
2024-08-07,P202,Women Kurti,Fashion,4196.14,10,27,101966.2,S04,South
2024-08-07,P504,Lipstick Set,Beauty,1547.32,5,44,64677.98,S04,North
2024-08-07,P406,Air Purifier,Home,12499.36,5,16,189990.27,S08,South
2024-08-07,P504,Lipstick Set,Beauty,2441.74,5,41,95105.77,S04,West
2024-08-07,P403,Wall Clock,Home,12413.5,5,13,153306.73,S05,South
2024-08-08,P505,Body Lotion,Beauty,1065.58,25,36,28770.66,S09,South
2024-08-08,P501,Face Moisturizer,Beauty,2100.69,10,22,41593.66,S07,South
2024-08-08,P505,Body Lotion,Beauty,1609.88,15,26,35578.35,S09,North
2024-08-08,P203,Denim Jeans,Fashion,931.35,0,26,24215.1,S05,North
2024-08-08,P301,Basmati Rice 5kg,Grocery,138.31,5,69,9066.22,S09,South
2024-08-08,P205,Formal Blazer,Fashion,1438.88,5,20,27338.72,S10,South
2024-08-08,P402,Cotton Bedsheet,Home,4960.11,5,15,70681.57,S08,North
2024-08-08,P403,Wall Clock,Home,6855.13,40,23,94600.79,S10,West
2024-08-08,P103,Wireless Earbuds,Electronics,8617.38,40,14,72385.99,S02,North
2024-08-08,P503,Sunscreen SPF50,Beauty,780.04,30,26,14196.73,S02,East
2024-08-08,P304,Organic Honey,Grocery,687.18,0,42,28861.56,S03,East
2024-08-09,P302,Sunflower Oil 1L,Grocery,249.52,0,59,14721.68,S10,East
2024-08-09,P105,Tablet Z2,Electronics,72102.68,10,14,908493.77,S04,South
2024-08-09,P404,Wooden Bookshelf,Home,11442.72,15,19,184799.93,S03,North
2024-08-09,P305,Green Tea Pack,Grocery,741.18,15,94,59220.28,S05,North
2024-08-09,P306,Mixed Nuts 500g,Grocery,365.92,15,86,26748.75,S04,East
2024-08-09,P302,Sunflower Oil 1L,Grocery,482.69,0,106,51165.14,S06,West
2024-08-09,P504,Lipstick Set,Beauty,983.6,40,31,18294.96,S09,North
2024-08-09,P506,Perfume 100ml,Beauty,2621.78,30,37,67904.1,S07,West
2024-08-09,P201,Men Casual Shirt,Fashion,4635.5,20,15,55626.0,S03,East
2024-08-09,P204,Sports Shoes,Fashion,3097.34,5,23,67676.88,S06,South
2024-08-09,P205,Formal Blazer,Fashion,791.78,0,20,15835.6,S01,East
2024-08-09,P202,Women Kurti,Fashion,1855.84,0,0,0.0,S04,East
2024-08-09,P203,Denim Jeans,Fashion,4956.22,15,24,101106.89,S08,West
2024-08-09,P205,Formal Blazer,Fashion,3214.82,10,27,78120.13,S08,East
2024-08-09,P405,LED Desk Lamp,Home,13295.24,0,10,132952.4,S08,East
2024-08-09,P202,Women Kurti,Fashion,850.02,10,30,22950.54,S10,East
2024-08-09,P403,Wall Clock,Home,6866.5,5,9,58708.57,S09,East
2024-08-09,P205,Formal Blazer,Fashion,2516.83,15,34,72736.39,S02,North
2024-08-10,P502,Hair Serum,Beauty,2146.87,20,42,72134.83,S02,East
2024-08-10,P402,Cotton Bedsheet,Home,10822.06,25,40,324661.8,S10,North
2024-08-10,P304,Organic Honey,Grocery,181.36,0,108,19586.88,S04,West
2024-08-10,P304,Organic Honey,Grocery,780.24,10,80,56177.28,S09,South
2024-08-10,P304,Organic Honey,Grocery,213.69,0,98,20941.62,S02,South
2024-08-10,P302,Sunflower Oil 1L,Grocery,526.94,30,145,53484.41,S01,South
2024-08-10,P302,Sunflower Oil 1L,Grocery,602.83,5,78,44669.7,S04,West
2024-08-10,P502,Hair Serum,Beauty,1459.33,15,42,52098.08,S03,East
2024-08-10,P102,Laptop Pro,Electronics,5434.96,0,9,48914.64,S09,North
2024-08-10,P206,Summer Dress,Fashion,1318.42,10,27,32037.61,S05,West
2024-08-10,P404,Wooden Bookshelf,Home,2249.94,10,27,54673.54,S07,West
2024-08-11,P306,Mixed Nuts 500g,Grocery,783.46,30,113,61971.69,S05,North
2024-08-11,P103,Wireless Earbuds,Electronics,79657.69,5,9,681073.25,S09,East
2024-08-11,P504,Lipstick Set,Beauty,2264.86,10,47,95803.58,S04,South
2024-08-11,P105,Tablet Z2,Electronics,54312.25,30,12,456222.9,S09,East
2024-08-11,P204,Sports Shoes,Fashion,3229.42,20,46,118842.66,S01,North
2024-08-11,P301,Basmati Rice 5kg,Grocery,594.22,10,107,57223.39,S04,West
2024-08-11,P402,Cotton Bedsheet,Home,1683.2,10,22,33327.36,S07,South
2024-08-11,P503,Sunscreen SPF50,Beauty,781.85,20,56,35026.88,S01,East
2024-08-11,P204,Sports Shoes,Fashion,1167.13,20,33,30812.23,S05,East
2024-08-11,P403,Wall Clock,Home,2159.45,25,20,32391.75,S03,West
2024-08-11,P504,Lipstick Set,Beauty,352.42,15,49,14678.29,S06,North
2024-08-11,P202,Women Kurti,Fashion,1257.13,15,29,30988.25,S04,East
2024-08-11,P503,Sunscreen SPF50,Beauty,1543.65,20,33,40752.36,S10,West
2024-08-11,P204,Sports Shoes,Fashion,3043.1,25,45,102704.62,S10,South
2024-08-11,P202,Women Kurti,Fashion,2832.09,0,33,93458.97,S06,South
2024-08-11,P201,Men Casual Shirt,Fashion,4064.84,30,31,88207.03,S07,East
2024-08-11,P503,Sunscreen SPF50,Beauty,925.89,0,27,24999.03,S02,East
2024-08-11,P304,Organic Honey,Grocery,722.78,5,76,52184.72,S06,East
2024-08-11,P205,Formal Blazer,Fashion,4142.5,0,27,111847.5,S02,West
2024-08-11,P503,Sunscreen SPF50,Beauty,860.33,0,29,24949.57,S03,South
2024-08-11,P405,LED Desk Lamp,Home,4928.08,5,26,121723.58,S01,East
2024-08-11,P505,Body Lotion,Beauty,171.05,30,61,7303.84,S05,West
2024-08-11,P306,Mixed Nuts 500g,Grocery,351.52,25,122,32164.08,S02,West
2024-08-12,P401,Stainless Steel Cookware,Home,7289.24,0,18,131206.32,S06,North
2024-08-12,P103,Wireless Earbuds,Electronics,35015.83,5,14,465710.54,S01,North
2024-08-12,P502,Hair Serum,Beauty,2316.26,25,35,60801.83,S06,South
2024-08-12,P404,Wooden Bookshelf,Home,5558.45,30,21,81709.21,S05,West
2024-08-12,P501,Face Moisturizer,Beauty,2313.02,0,26,60138.52,S05,North
2024-08-12,P405,LED Desk Lamp,Home,4182.28,5,17,67543.82,S05,South
2024-08-12,P304,Organic Honey,Grocery,459.64,25,107,36886.11,S04,South
2024-08-12,P403,Wall Clock,Home,8365.28,15,20,142209.76,S07,South
2024-08-12,P406,Air Purifier,Home,13170.8,0,16,210732.8,S04,South
2024-08-12,P302,Sunflower Oil 1L,Grocery,649.25,10,91,53173.58,S06,South
2024-08-12,P401,Stainless Steel Cookware,Home,7886.83,0,13,102528.79,S04,East
2024-08-12,P201,Men Casual Shirt,Fashion,2910.1,10,19,49762.71,S05,South
2024-08-13,P304,Organic Honey,Grocery,401.73,30,76,21372.04,S03,North
2024-08-13,P402,Cotton Bedsheet,Home,5993.22,40,24,86302.37,S04,West
2024-08-13,P204,Sports Shoes,Fashion,2097.95,20,24,40280.64,S07,West
2024-08-13,P301,Basmati Rice 5kg,Grocery,578.66,0,67,38770.22,S01,West
2024-08-13,P401,Stainless Steel Cookware,Home,14648.1,0,20,292962.0,S06,South
2024-08-13,P401,Stainless Steel Cookware,Home,5433.95,0,13,70641.35,S06,West
2024-08-13,P405,LED Desk Lamp,Home,12626.38,40,28,212123.18,S06,North
2024-08-13,P204,Sports Shoes,Fashion,514.14,40,33,10179.97,S06,East
2024-08-13,P302,Sunflower Oil 1L,Grocery,331.68,0,51,16915.68,S03,East
2024-08-13,P504,Lipstick Set,Beauty,1722.59,10,28,43409.27,S04,South
2024-08-13,P505,Body Lotion,Beauty,1627.46,30,44,50125.77,S06,East
2024-08-13,P501,Face Moisturizer,Beauty,202.56,20,21,3403.01,S05,West
2024-08-13,P205,Formal Blazer,Fashion,3601.5,0,24,86436.0,S06,East
2024-08-13,P106,Bluetooth Speaker,Electronics,57632.67,5,10,547510.36,S03,North
2024-08-14,P504,Lipstick Set,Beauty,2486.95,5,33,77965.88,S04,East
2024-08-14,P301,Basmati Rice 5kg,Grocery,132.49,25,97,9638.65,S02,West
2024-08-14,P206,Summer Dress,Fashion,1101.41,30,45,34694.42,S01,West
2024-08-14,P302,Sunflower Oil 1L,Grocery,384.75,20,64,19699.2,S08,East
2024-08-14,P306,Mixed Nuts 500g,Grocery,66.26,10,73,4353.28,S06,North
2024-08-14,P406,Air Purifier,Home,1864.63,10,17,28528.84,S10,South
2024-08-14,P202,Women Kurti,Fashion,432.3,40,42,10893.96,S05,North
2024-08-14,P406,Air Purifier,Home,6280.4,20,24,120583.68,S04,East
2024-08-14,P202,Women Kurti,Fashion,950.51,10,23,19675.56,S05,East
2024-08-14,P306,Mixed Nuts 500g,Grocery,429.62,5,74,30202.29,S03,West
2024-08-14,P404,Wooden Bookshelf,Home,14847.76,0,15,222716.4,S04,West
2024-08-14,P306,Mixed Nuts 500g,Grocery,399.66,20,70,22380.96,S02,South
2024-08-14,P204,Sports Shoes,Fashion,1365.31,25,26,26623.54,S03,South
2024-08-15,P202,Women Kurti,Fashion,3789.64,15,34,109520.6,S04,North
2024-08-15,P302,Sunflower Oil 1L,Grocery,205.67,10,57,10550.87,S07,East
2024-08-15,P303,Whole Wheat Flour,Grocery,644.62,5,77,47153.95,S04,North
2024-08-15,P502,Hair Serum,Beauty,1944.56,0,25,48614.0,S02,West
2024-08-15,P406,Air Purifier,Home,838.39,10,12,9054.61,S01,East
2024-08-15,P502,Hair Serum,Beauty,141.14,15,37,4438.85,S06,East
2024-08-15,P505,Body Lotion,Beauty,1995.66,10,26,46698.44,S03,West
2024-08-15,P202,Women Kurti,Fashion,4727.71,0,17,80371.07,S02,East
2024-08-15,P302,Sunflower Oil 1L,Grocery,604.9,40,91,33027.54,S09,East
2024-08-15,P206,Summer Dress,Fashion,937.75,20,26,19505.2,S04,East
2024-08-15,P405,LED Desk Lamp,Home,5986.34,10,18,96978.71,S04,South
2024-08-15,P304,Organic Honey,Grocery,242.78,5,81,18681.92,S01,East
2024-08-15,P303,Whole Wheat Flour,Grocery,76.62,15,900,58614.3,S04,North
2024-08-15,P201,Men Casual Shirt,Fashion,2700.21,10,27,65615.1,S08,West
2024-08-15,P102,Laptop Pro,Electronics,49016.21,0,12,588194.52,S10,North
2024-08-15,P301,Basmati Rice 5kg,Grocery,292.12,10,80,21032.64,S02,East
2024-08-15,P501,Face Moisturizer,Beauty,1259.76,30,34,29982.29,S02,North
2024-08-15,P404,Wooden Bookshelf,Home,11413.12,10,15,154077.12,S07,West
2024-08-16,P406,Air Purifier,Home,1571.61,30,28,30803.56,S01,West
2024-08-16,P204,Sports Shoes,Fashion,3925.22,15,13,43373.68,S09,East
2024-08-16,P304,Organic Honey,Grocery,448.06,0,71,31812.26,S05,North
2024-08-16,P103,Wireless Earbuds,Electronics,37775.07,10,12,407970.76,S04,North
2024-08-16,P506,Perfume 100ml,Beauty,1190.97,40,42,30012.44,S08,North
2024-08-16,P104,Smart TV 43,Electronics,27031.21,40,12,194624.71,S03,North
2024-08-16,P401,Stainless Steel Cookware,Home,6422.81,15,15,81890.83,S09,East
2024-08-16,P106,Bluetooth Speaker,Electronics,34205.66,10,6,184710.56,S03,East
2024-08-16,P203,Denim Jeans,Fashion,2983.06,0,15,44745.9,S07,South
2024-08-16,P304,Organic Honey,Grocery,222.55,0,57,12685.35,S04,East
2024-08-16,P302,Sunflower Oil 1L,Grocery,670.32,20,75,40219.2,S04,East
2024-08-16,P301,Basmati Rice 5kg,Grocery,664.89,0,47,31249.83,S10,South
2024-08-16,P501,Face Moisturizer,Beauty,2178.06,15,48,88864.85,S01,East
2024-08-16,P506,Perfume 100ml,Beauty,1114.84,15,21,19899.89,S04,East
2024-08-16,P506,Perfume 100ml,Beauty,1357.03,15,50,57673.78,S06,North
2024-08-16,P105,Tablet Z2,Electronics,5780.67,30,13,52604.1,S06,East
2024-08-16,P405,LED Desk Lamp,Home,13295.03,40,19,151563.34,S09,South
2024-08-16,P206,Summer Dress,Fashion,2932.7,30,31,63639.59,S05,West
2024-08-16,P306,Mixed Nuts 500g,Grocery,225.68,30,99,15639.62,S06,South
2024-08-17,P406,Air Purifier,Home,11252.53,40,37,249806.17,S10,West
2024-08-17,P105,Tablet Z2,Electronics,47653.51,10,12,514657.91,S07,West
2024-08-17,P402,Cotton Bedsheet,Home,11269.48,0,16,180311.68,S10,East
2024-08-17,P206,Summer Dress,Fashion,1844.27,5,33,57817.86,S09,North
2024-08-17,P506,Perfume 100ml,Beauty,2758.93,20,47,103735.77,S01,East
2024-08-17,P203,Denim Jeans,Fashion,318.39,40,46,8787.56,S03,North
2024-08-17,P502,Hair Serum,Beauty,447.44,0,22,9843.68,S09,West
2024-08-17,P101,Smartphone X1,Electronics,24880.36,0,10,248803.6,S09,North
2024-08-17,P406,Air Purifier,Home,11006.74,20,20,176107.84,S02,South
2024-08-17,P203,Denim Jeans,Fashion,385.61,10,32,11105.57,S02,West
2024-08-17,P106,Bluetooth Speaker,Electronics,31998.19,0,13,415976.47,S05,South
2024-08-17,P102,Laptop Pro,Electronics,43437.95,10,15,586412.33,S03,West
2024-08-17,P106,Bluetooth Speaker,Electronics,53061.45,25,19,756125.66,S05,West
2024-08-18,P401,Stainless Steel Cookware,Home,8600.84,0,28,240823.52,S01,North
2024-08-18,P505,Body Lotion,Beauty,1225.79,20,48,47070.34,S08,North
2024-08-18,P401,Stainless Steel Cookware,Home,8916.28,30,32,199724.67,S08,South
2024-08-18,P303,Whole Wheat Flour,Grocery,380.73,10,69,23643.33,S05,North
2024-08-18,P206,Summer Dress,Fashion,3917.84,0,24,94028.16,S03,West
2024-08-18,P106,Bluetooth Speaker,Electronics,2990.75,15,15,38132.06,S01,East
2024-08-18,P106,Bluetooth Speaker,Electronics,15502.84,40,18,167430.67,S03,South
2024-08-18,P505,Body Lotion,Beauty,949.61,25,42,29912.72,S02,West
2024-08-18,P202,Women Kurti,Fashion,2369.41,5,35,78782.88,S06,West
2024-08-18,P305,Green Tea Pack,Grocery,209.58,20,119,19952.02,S03,West
2024-08-18,P302,Sunflower Oil 1L,Grocery,67.14,10,65,3927.69,S07,West
2024-08-18,P506,Perfume 100ml,Beauty,1115.98,5,30,31805.43,S09,South
2024-08-18,P404,Wooden Bookshelf,Home,4919.1,30,29,99857.73,S02,North
2024-08-18,P106,Bluetooth Speaker,Electronics,59874.08,5,12,682564.51,S09,North
2024-08-18,P302,Sunflower Oil 1L,Grocery,116.56,30,86,7016.91,S09,South
2024-08-19,P401,Stainless Steel Cookware,Home,2171.43,10,25,48857.17,S01,West
2024-08-19,P105,Tablet Z2,Electronics,45389.22,0,10,453892.2,S06,East
2024-08-19,P104,Smart TV 43,Electronics,24758.64,40,20,297103.68,S06,West
2024-08-19,P104,Smart TV 43,Electronics,27439.2,40,13,214025.76,S01,East
2024-08-19,P301,Basmati Rice 5kg,Grocery,326.87,20,108,28241.57,S04,North
2024-08-19,P502,Hair Serum,Beauty,864.64,40,49,25420.42,S02,North
2024-08-19,P505,Body Lotion,Beauty,2516.14,25,38,71709.99,S04,North
2024-08-19,P505,Body Lotion,Beauty,1738.79,5,31,51207.37,S04,North
2024-08-19,P304,Organic Honey,Grocery,674.65,10,57,34609.54,S10,East
2024-08-19,P105,Tablet Z2,Electronics,27710.07,10,8,199512.5,S05,West
2024-08-19,P505,Body Lotion,Beauty,2805.05,10,19,47966.36,S07,South
2024-08-19,P505,Body Lotion,Beauty,491.37,25,41,15109.63,S10,West
2024-08-19,P403,Wall Clock,Home,5203.07,5,22,108744.16,S01,North
2024-08-19,P403,Wall Clock,Home,9101.02,40,29,158357.75,S08,South
2024-08-19,P303,Whole Wheat Flour,Grocery,780.41,10,75,52677.68,S08,South
2024-08-19,P102,Laptop Pro,Electronics,51033.33,20,2,81653.33,S05,South
2024-08-20,P306,Mixed Nuts 500g,Grocery,542.48,0,67,36346.16,S10,East
2024-08-20,P306,Mixed Nuts 500g,Grocery,155.6,5,79,11677.78,S10,West
2024-08-20,P505,Body Lotion,Beauty,1866.87,25,48,67207.32,S08,West
2024-08-20,P205,Formal Blazer,Fashion,838.31,30,42,24646.31,S06,North
2024-08-20,P302,Sunflower Oil 1L,Grocery,527.49,15,93,41698.08,S07,West
2024-08-20,P206,Summer Dress,Fashion,2793.17,0,29,81001.93,S06,West
2024-08-20,P203,Denim Jeans,Fashion,937.22,10,25,21087.45,S10,North
2024-08-20,P401,Stainless Steel Cookware,Home,12168.64,15,16,165493.5,S09,West
2024-08-20,P104,Smart TV 43,Electronics,70187.52,10,13,821193.98,S08,South
2024-08-20,P301,Basmati Rice 5kg,Grocery,344.94,10,71,22041.67,S10,East
2024-08-20,P406,Air Purifier,Home,12336.02,5,15,175788.29,S09,North
2024-08-20,P101,Smartphone X1,Electronics,39112.09,10,15,528013.21,S06,West
2024-08-20,P401,Stainless Steel Cookware,Home,14539.51,0,14,203553.14,S02,South
2024-08-20,P301,Basmati Rice 5kg,Grocery,421.17,30,108,31840.45,S01,East
2024-08-20,P303,Whole Wheat Flour,Grocery,798.83,10,59,42417.87,S07,East
2024-08-20,P404,Wooden Bookshelf,Home,2599.99,5,16,39519.85,S08,North
2024-08-20,P505,Body Lotion,Beauty,1598.62,15,23,31253.02,S05,East
2024-08-20,P102,Laptop Pro,Electronics,14493.89,0,11,159432.79,S04,North
2024-08-20,P201,Men Casual Shirt,Fashion,4394.37,0,22,96676.14,S01,East
2024-08-20,P301,Basmati Rice 5kg,Grocery,575.93,30,98,39508.8,S05,West
2024-08-21,P104,Smart TV 43,Electronics,45921.77,10,8,330636.74,S03,West
2024-08-21,P401,Stainless Steel Cookware,Home,11472.8,15,26,253548.88,S01,South
2024-08-21,P305,Green Tea Pack,Grocery,627.45,25,89,41882.29,S08,South
2024-08-21,P302,Sunflower Oil 1L,Grocery,202.36,25,86,13052.22,S03,West
2024-08-21,P101,Smartphone X1,Electronics,15224.78,5,13,188026.03,S01,West
2024-08-21,P105,Tablet Z2,Electronics,2459.89,10,10,22139.01,S07,West
2024-08-21,P503,Sunscreen SPF50,Beauty,2238.39,0,14,31337.46,S03,East
2024-08-21,P406,Air Purifier,Home,3060.35,20,20,48965.6,S02,North
2024-08-21,P302,Sunflower Oil 1L,Grocery,760.8,0,35,26628.0,S10,East
2024-08-21,P505,Body Lotion,Beauty,274.64,5,37,9653.6,S01,South
2024-08-21,P105,Tablet Z2,Electronics,12297.5,0,9,110677.5,S09,South
2024-08-22,P206,Summer Dress,Fashion,3648.01,10,26,85363.43,S02,North
2024-08-22,P304,Organic Honey,Grocery,440.43,30,84,25897.28,S03,South
2024-08-22,P101,Smartphone X1,Electronics,76340.92,0,9,687068.28,S04,West
2024-08-22,P501,Face Moisturizer,Beauty,2282.92,40,30,41092.56,S07,East
2024-08-22,P401,Stainless Steel Cookware,Home,12011.22,40,16,115307.71,S10,East
2024-08-22,P202,Women Kurti,Fashion,1798.45,10,26,42083.73,S05,East
2024-08-22,P501,Face Moisturizer,Beauty,2605.62,20,30,62534.88,S02,North
2024-08-22,P304,Organic Honey,Grocery,218.39,0,44,9609.16,S09,West
2024-08-22,P401,Stainless Steel Cookware,Home,8585.18,0,15,128777.7,S05,North
2024-08-22,P101,Smartphone X1,Electronics,20066.66,5,9,171569.94,S04,South
2024-08-23,P204,Sports Shoes,Fashion,3193.77,0,21,67069.17,S10,West
2024-08-23,P103,Wireless Earbuds,Electronics,9869.52,5,7,65632.31,S07,East
2024-08-23,P304,Organic Honey,Grocery,385.5,0,77,29683.5,S10,South
2024-08-23,P202,Women Kurti,Fashion,3298.34,0,21,69265.14,S01,South
2024-08-23,P401,Stainless Steel Cookware,Home,5955.02,15,18,91111.81,S07,South
2024-08-23,P201,Men Casual Shirt,Fashion,4814.63,10,12,51998.0,S09,East
2024-08-23,P403,Wall Clock,Home,6094.94,0,13,79234.22,S10,East
2024-08-24,P504,Lipstick Set,Beauty,633.27,0,36,22797.72,S07,South
2024-08-24,P506,Perfume 100ml,Beauty,2542.13,25,45,85796.89,S08,East
2024-08-24,P306,Mixed Nuts 500g,Grocery,392.63,5,85,31704.87,S07,East
2024-08-24,P302,Sunflower Oil 1L,Grocery,192.09,5,103,18796.01,S07,North
2024-08-24,P205,Formal Blazer,Fashion,1840.1,0,24,44162.4,S05,South
2024-08-24,P105,Tablet Z2,Electronics,77868.58,5,11,813726.66,S05,West
2024-08-24,P506,Perfume 100ml,Beauty,1394.99,15,49,58101.33,S08,South
2024-08-24,P101,Smartphone X1,Electronics,43322.21,40,27,701819.8,S10,North
2024-08-24,P102,Laptop Pro,Electronics,22245.45,5,16,338130.84,S08,West
2024-08-24,P403,Wall Clock,Home,14506.55,40,32,278525.76,S10,East
2024-08-25,P103,Wireless Earbuds,Electronics,9304.91,5,15,132594.97,S01,North
2024-08-25,P306,Mixed Nuts 500g,Grocery,355.92,15,87,26320.28,S09,East
2024-08-25,P506,Perfume 100ml,Beauty,708.13,0,39,27617.07,S07,North
2024-08-25,P402,Cotton Bedsheet,Home,13868.79,25,33,343252.55,S02,East
2024-08-25,P302,Sunflower Oil 1L,Grocery,99.47,10,124,11100.85,S06,North
2024-08-25,P301,Basmati Rice 5kg,Grocery,211.29,0,85,17959.65,S07,West
2024-08-25,P301,Basmati Rice 5kg,Grocery,419.97,0,73,30657.81,S04,East
2024-08-25,P301,Basmati Rice 5kg,Grocery,89.3,40,111,5947.38,S03,East
2024-08-25,P301,Basmati Rice 5kg,Grocery,665.49,5,64,40461.79,S04,West
2024-08-25,P306,Mixed Nuts 500g,Grocery,52.74,40,138,4366.87,S02,North
2024-08-25,P105,Tablet Z2,Electronics,14767.18,5,16,224461.14,S04,East
2024-08-25,P503,Sunscreen SPF50,Beauty,295.95,0,36,10654.2,S10,West
2024-08-26,P502,Hair Serum,Beauty,1085.61,40,34,22146.44,S03,East
2024-08-26,P401,Stainless Steel Cookware,Home,3390.61,40,18,36618.59,S05,East
2024-08-26,P201,Men Casual Shirt,Fashion,2507.23,5,23,54782.98,S04,South
2024-08-26,P106,Bluetooth Speaker,Electronics,21258.4,20,12,204080.64,S04,South
2024-08-26,P306,Mixed Nuts 500g,Grocery,336.02,10,54,16330.57,S02,South
2024-08-26,P505,Body Lotion,Beauty,376.3,25,23,6491.17,S07,East
2024-08-26,P502,Hair Serum,Beauty,749.32,40,33,14836.54,S07,South
2024-08-26,P204,Sports Shoes,Fashion,3343.88,5,20,63533.72,S02,South
2024-08-26,P501,Face Moisturizer,Beauty,1821.3,10,22,36061.74,S03,North
2024-08-26,P501,Face Moisturizer,Beauty,343.13,10,19,5867.52,S07,South
2024-08-27,P103,Wireless Earbuds,Electronics,59886.2,40,10,359317.2,S09,West
2024-08-27,P404,Wooden Bookshelf,Home,3851.8,10,14,48532.68,S09,South
2024-08-27,P406,Air Purifier,Home,10121.5,0,17,172065.5,S02,East
2024-08-27,P401,Stainless Steel Cookware,Home,12173.24,25,30,273897.9,S01,West
2024-08-27,P506,Perfume 100ml,Beauty,2844.62,0,25,71115.5,S03,South
2024-08-27,P302,Sunflower Oil 1L,Grocery,376.17,15,62,19824.16,S09,West
2024-08-27,P505,Body Lotion,Beauty,2332.16,40,40,55971.84,S04,West
2024-08-27,P303,Whole Wheat Flour,Grocery,496.23,15,79,33321.84,S04,North
2024-08-27,P106,Bluetooth Speaker,Electronics,62675.68,0,9,564081.12,S03,North
2024-08-27,P402,Cotton Bedsheet,Home,8309.65,15,14,98884.83,S10,South
2024-08-27,P406,Air Purifier,Home,3188.94,5,16,48471.89,S03,South
2024-08-28,P501,Face Moisturizer,Beauty,1537.86,0,23,35370.78,S05,West
2024-08-28,P403,Wall Clock,Home,5826.86,0,14,81576.04,S07,South
2024-08-28,P206,Summer Dress,Fashion,3691.4,0,23,84902.2,S06,East
2024-08-28,P105,Tablet Z2,Electronics,64375.55,5,9,550410.95,S08,West
2024-08-28,P106,Bluetooth Speaker,Electronics,78599.49,0,10,785994.9,S02,East
2024-08-28,P305,Green Tea Pack,Grocery,442.09,0,53,23430.77,S08,North
2024-08-28,P102,Laptop Pro,Electronics,46864.63,40,19,534256.78,S01,North
2024-08-28,P205,Formal Blazer,Fashion,3422.86,5,21,68286.06,S07,East
2024-08-29,P502,Hair Serum,Beauty,2460.53,0,16,39368.48,S03,South
2024-08-29,P306,Mixed Nuts 500g,Grocery,60.69,0,58,3520.02,S02,East
2024-08-29,P303,Whole Wheat Flour,Grocery,259.2,15,84,18506.88,S04,North
2024-08-29,P501,Face Moisturizer,Beauty,1684.87,5,37,59223.18,S06,North
2024-08-29,P101,Smartphone X1,Electronics,43952.36,0,8,351618.88,S05,North
2024-08-29,P405,LED Desk Lamp,Home,3522.36,10,13,41211.61,S02,East
2024-08-29,P204,Sports Shoes,Fashion,2525.07,40,27,40906.13,S07,South
2024-08-29,P106,Bluetooth Speaker,Electronics,10928.76,0,8,87430.08,S02,East
2024-08-29,P502,Hair Serum,Beauty,2543.34,25,29,55317.65,S03,East
2024-08-29,P204,Sports Shoes,Fashion,945.72,20,22,16644.67,S09,East
2024-08-29,P302,Sunflower Oil 1L,Grocery,790.22,0,53,41881.66,S05,West
2024-08-29,P305,Green Tea Pack,Grocery,213.69,5,47,9541.26,S07,East
2024-08-30,P303,Whole Wheat Flour,Grocery,751.62,5,71,50696.77,S06,East
2024-08-30,P403,Wall Clock,Home,887.11,5,17,14326.83,S03,West
2024-08-30,P103,Wireless Earbuds,Electronics,64736.22,30,14,634414.96,S05,North
2024-08-30,P302,Sunflower Oil 1L,Grocery,559.05,15,90,42767.32,S04,East
2024-08-30,P104,Smart TV 43,Electronics,40018.62,0,9,360167.58,S01,South
2024-08-30,P302,Sunflower Oil 1L,Grocery,73.83,10,64,4252.61,S07,East
2024-08-30,P301,Basmati Rice 5kg,Grocery,485.8,10,85,37163.7,S04,South
2024-08-30,P102,Laptop Pro,Electronics,73943.58,25,9,499119.16,S09,South
2024-08-30,P404,Wooden Bookshelf,Home,13750.14,10,17,210377.14,S01,South
2024-08-30,P305,Green Tea Pack,Grocery,504.08,15,81,34705.91,S07,South
2024-08-30,P501,Face Moisturizer,Beauty,2105.12,0,26,54733.12,S04,East
2024-08-30,P403,Wall Clock,Home,5362.35,25,24,96522.3,S10,South
2024-08-30,P106,Bluetooth Speaker,Electronics,69827.7,0,9,628449.3,S04,East
2024-08-30,P203,Denim Jeans,Fashion,3416.91,5,18,58429.16,S02,North
2024-08-31,P101,Smartphone X1,Electronics,32764.68,40,23,452152.58,S10,West
2024-08-31,P502,Hair Serum,Beauty,1757.35,0,25,43933.75,S10,East
2024-08-31,P405,LED Desk Lamp,Home,9640.39,40,34,196663.96,S01,West
2024-08-31,P302,Sunflower Oil 1L,Grocery,212.5,20,97,16490.0,S09,West
2024-08-31,P103,Wireless Earbuds,Electronics,27343.41,40,27,442963.24,S01,West
2024-08-31,P104,Smart TV 43,Electronics,21166.98,5,19,382063.99,S01,North
2024-08-31,P201,Men Casual Shirt,Fashion,4145.36,0,350,1450876.0,S10,East
2024-08-31,P506,Perfume 100ml,Beauty,2865.49,10,37,95420.82,S10,South
2024-08-31,P303,Whole Wheat Flour,Grocery,471.6,0,91,42915.6,S10,West
2024-08-31,P104,Smart TV 43,Electronics,37602.12,10,11,372260.99,S06,North
2024-08-31,P403,Wall Clock,Home,9906.18,10,22,196142.36,S06,West
2024-08-31,P103,Wireless Earbuds,Electronics,23950.93,5,9,204780.45,S07,East
2024-08-31,P305,Green Tea Pack,Grocery,620.92,0,73,45327.16,S07,West
2024-08-31,P103,Wireless Earbuds,Electronics,10042.02,30,26,182764.76,S08,North
2024-08-31,P203,Denim Jeans,Fashion,2551.35,0,33,84194.55,S06,South
2024-08-31,P202,Women Kurti,Fashion,405.09,5,36,13854.08,S05,South
2024-08-31,P104,Smart TV 43,Electronics,9275.32,40,21,116869.03,S06,West
2024-09-01,P403,Wall Clock,Home,11796.51,15,34,340919.14,S01,East
2024-09-01,P406,Air Purifier,Home,12653.6,0,28,354300.8,S01,North
2024-09-01,P406,Air Purifier,Home,5143.32,20,19,78178.46,S03,East
2024-09-01,P306,Mixed Nuts 500g,Grocery,137.35,0,121,16619.35,S06,West
2024-09-01,P105,Tablet Z2,Electronics,48976.87,0,10,489768.7,S07,North
2024-09-01,P202,Women Kurti,Fashion,4352.4,5,41,169525.98,S10,North
2024-09-01,P105,Tablet Z2,Electronics,51714.37,5,13,638672.47,S04,South
2024-09-01,P204,Sports Shoes,Fashion,1418.35,15,37,44607.11,S07,West
2024-09-01,P303,Whole Wheat Flour,Grocery,599.68,10,81,43716.67,S06,East
2024-09-01,P303,Whole Wheat Flour,Grocery,326.2,10,120,35229.6,S06,South
2024-09-01,P305,Green Tea Pack,Grocery,747.4,0,99,73992.6,S07,West
2024-09-02,P304,Organic Honey,Grocery,477.13,10,90,38647.53,S01,South
2024-09-02,P404,Wooden Bookshelf,Home,7475.71,10,19,127834.64,S08,South
2024-09-02,P101,Smartphone X1,Electronics,76662.74,0,7,536639.18,S10,West
2024-09-02,P303,Whole Wheat Flour,Grocery,565.97,5,65,34948.65,S03,North
2024-09-02,P201,Men Casual Shirt,Fashion,726.92,10,27,17664.16,S08,North
2024-09-02,P201,Men Casual Shirt,Fashion,2842.0,40,39,66502.8,S02,North
2024-09-02,P103,Wireless Earbuds,Electronics,53048.76,25,13,517225.41,S02,East
2024-09-02,P205,Formal Blazer,Fashion,1173.04,30,37,30381.74,S07,West
2024-09-02,P206,Summer Dress,Fashion,3202.51,0,19,60847.69,S05,East
2024-09-02,P202,Women Kurti,Fashion,3451.92,0,22,75942.24,S03,West
2024-09-02,P101,Smartphone X1,Electronics,11962.61,0,11,131588.71,S04,West
2024-09-02,P405,LED Desk Lamp,Home,3370.71,40,25,50560.65,S08,North
2024-09-02,P505,Body Lotion,Beauty,2820.22,5,30,80376.27,S09,West
2024-09-02,P506,Perfume 100ml,Beauty,1495.25,0,23,34390.75,S07,East
2024-09-02,P403,Wall Clock,Home,1539.89,0,17,26178.13,S08,North
2024-09-02,P401,Stainless Steel Cookware,Home,4288.87,40,23,59186.41,S05,West
2024-09-03,P501,Face Moisturizer,Beauty,1551.89,15,29,38254.09,S03,South
2024-09-03,P101,Smartphone X1,Electronics,59637.88,15,10,506921.98,S05,South
2024-09-03,P404,Wooden Bookshelf,Home,14000.1,0,10,140001.0,S03,East
2024-09-03,P106,Bluetooth Speaker,Electronics,15311.34,5,12,174549.28,S06,East
2024-09-03,P502,Hair Serum,Beauty,175.56,5,24,4002.77,S10,North
2024-09-03,P402,Cotton Bedsheet,Home,12299.7,15,16,167275.92,S10,East
2024-09-03,P301,Basmati Rice 5kg,Grocery,89.08,5,87,7362.46,S02,North
2024-09-03,P302,Sunflower Oil 1L,Grocery,151.59,40,96,8731.58,S08,South
2024-09-03,P101,Smartphone X1,Electronics,47993.16,30,12,403142.54,S03,South
2024-09-03,P302,Sunflower Oil 1L,Grocery,559.19,10,96,48314.02,S10,West
2024-09-03,P205,Formal Blazer,Fashion,928.85,40,28,15604.68,S07,South
2024-09-03,P304,Organic Honey,Grocery,87.27,10,74,5812.18,S08,East
2024-09-03,P303,Whole Wheat Flour,Grocery,457.06,15,120,46620.12,S06,North
2024-09-03,P502,Hair Serum,Beauty,1034.5,40,39,24207.3,S02,East
2024-09-04,P301,Basmati Rice 5kg,Grocery,461.7,15,81,31788.04,S08,East
2024-09-04,P106,Bluetooth Speaker,Electronics,11597.32,10,12,125251.06,S04,North
2024-09-04,P403,Wall Clock,Home,11956.41,10,19,204454.61,S08,West
2024-09-04,P403,Wall Clock,Home,14280.41,0,15,214206.15,S10,South
2024-09-04,P402,Cotton Bedsheet,Home,12369.16,20,19,188011.23,S08,East
2024-09-04,P303,Whole Wheat Flour,Grocery,362.73,30,101,25645.01,S03,North
2024-09-04,P206,Summer Dress,Fashion,1350.94,30,20,18913.16,S09,East
2024-09-04,P405,LED Desk Lamp,Home,9829.06,10,16,141538.46,S06,North
2024-09-04,P305,Green Tea Pack,Grocery,122.4,0,52,6364.8,S08,East
2024-09-04,P405,LED Desk Lamp,Home,4915.94,20,20,78655.04,S04,South
2024-09-04,P305,Green Tea Pack,Grocery,706.11,0,65,45897.15,S01,East
2024-09-05,P502,Hair Serum,Beauty,1142.48,30,29,23192.34,S08,East
2024-09-05,P203,Denim Jeans,Fashion,2932.93,30,43,88281.19,S08,West
2024-09-05,P105,Tablet Z2,Electronics,32747.83,20,15,392973.96,S06,West
2024-09-05,P103,Wireless Earbuds,Electronics,27449.11,10,8,197633.59,S05,West
2024-09-05,P103,Wireless Earbuds,Electronics,60098.79,40,15,540889.11,S04,East
2024-09-05,P103,Wireless Earbuds,Electronics,47144.46,0,6,282866.76,S06,West
2024-09-05,P102,Laptop Pro,Electronics,54318.7,10,10,488868.3,S06,East
2024-09-05,P101,Smartphone X1,Electronics,75735.28,0,11,833088.08,S04,East
2024-09-05,P104,Smart TV 43,Electronics,46928.73,10,9,380122.71,S07,East
2024-09-05,P103,Wireless Earbuds,Electronics,48646.43,10,9,394036.08,S07,East
2024-09-05,P203,Denim Jeans,Fashion,3569.37,0,23,82095.51,S03,West
2024-09-06,P404,Wooden Bookshelf,Home,14297.69,0,18,257358.42,S07,West
2024-09-06,P501,Face Moisturizer,Beauty,474.65,5,26,11723.85,S05,East
2024-09-06,P404,Wooden Bookshelf,Home,3366.33,30,22,51841.48,S07,West
2024-09-06,P101,Smartphone X1,Electronics,68512.18,0,8,548097.44,S02,East
2024-09-06,P202,Women Kurti,Fashion,1398.52,20,28,31326.85,S10,East
2024-09-06,P301,Basmati Rice 5kg,Grocery,421.58,25,108,34147.98,S08,West
2024-09-06,P304,Organic Honey,Grocery,93.07,30,75,4886.17,S09,North
2024-09-06,P402,Cotton Bedsheet,Home,2719.64,5,19,49089.5,S02,South
2024-09-06,P401,Stainless Steel Cookware,Home,3951.87,20,22,69552.91,S05,South
2024-09-06,P201,Men Casual Shirt,Fashion,4570.94,0,18,82276.92,S02,East
2024-09-06,P403,Wall Clock,Home,14469.28,15,19,233678.87,S07,North
2024-09-06,P103,Wireless Earbuds,Electronics,26595.37,5,8,202124.81,S09,East
2024-09-06,P302,Sunflower Oil 1L,Grocery,177.59,25,54,7192.4,S02,East
2024-09-06,P206,Summer Dress,Fashion,2722.81,25,35,71473.76,S04,South
2024-09-06,P305,Green Tea Pack,Grocery,579.78,0,46,26669.88,S03,West
2024-09-06,P304,Organic Honey,Grocery,573.15,5,78,42470.41,S06,West
2024-09-06,P101,Smartphone X1,Electronics,10380.02,10,11,102762.2,S02,West
2024-09-07,P501,Face Moisturizer,Beauty,1897.32,20,60,91071.36,S04,East
2024-09-07,P501,Face Moisturizer,Beauty,1384.24,30,49,47479.43,S01,East
2024-09-07,P302,Sunflower Oil 1L,Grocery,465.35,30,128,41695.36,S08,East
2024-09-07,P205,Formal Blazer,Fashion,1088.29,30,42,31995.73,S03,East
2024-09-07,P102,Laptop Pro,Electronics,64251.4,5,12,732465.96,S01,East
2024-09-07,P301,Basmati Rice 5kg,Grocery,51.15,5,103,5005.03,S10,South
2024-09-07,P106,Bluetooth Speaker,Electronics,7029.77,15,16,95604.87,S10,East
2024-09-07,P305,Green Tea Pack,Grocery,482.31,5,93,42612.09,S07,South
2024-09-07,P401,Stainless Steel Cookware,Home,14682.7,5,26,362662.69,S06,West
2024-09-07,P205,Formal Blazer,Fashion,1916.66,40,49,56349.8,S08,South
2024-09-07,P104,Smart TV 43,Electronics,19788.25,10,17,302760.23,S06,West
2024-09-07,P403,Wall Clock,Home,12751.93,5,19,230172.34,S03,North
2024-09-07,P401,Stainless Steel Cookware,Home,12694.97,10,23,262785.88,S07,South
2024-09-07,P202,Women Kurti,Fashion,3992.48,10,40,143729.28,S04,North
2024-09-07,P302,Sunflower Oil 1L,Grocery,745.47,30,95,49573.76,S09,East
2024-09-07,P104,Smart TV 43,Electronics,55429.1,30,16,620805.92,S03,South
2024-09-08,P203,Denim Jeans,Fashion,2549.9,0,23,58647.7,S03,West
2024-09-08,P103,Wireless Earbuds,Electronics,72151.46,0,14,1010120.44,S06,East
2024-09-08,P405,LED Desk Lamp,Home,4041.81,30,40,113170.68,S06,West
2024-09-08,P306,Mixed Nuts 500g,Grocery,456.08,40,143,39131.66,S05,North
2024-09-08,P306,Mixed Nuts 500g,Grocery,542.94,20,94,40829.09,S04,South
2024-09-08,P103,Wireless Earbuds,Electronics,28379.47,0,10,283794.7,S04,North
2024-09-08,P101,Smartphone X1,Electronics,17048.35,15,15,217366.46,S10,South
2024-09-08,P503,Sunscreen SPF50,Beauty,2831.13,0,37,104751.81,S10,South
2024-09-08,P104,Smart TV 43,Electronics,66058.14,0,16,1056930.24,S01,West
2024-09-09,P104,Smart TV 43,Electronics,10582.77,0,10,105827.7,S07,North
2024-09-09,P101,Smartphone X1,Electronics,59066.87,10,9,478441.65,S06,East
2024-09-09,P306,Mixed Nuts 500g,Grocery,577.76,0,56,32354.56,S08,West
2024-09-09,P502,Hair Serum,Beauty,145.15,30,43,4369.01,S08,North
2024-09-09,P401,Stainless Steel Cookware,Home,3514.23,15,15,44806.43,S07,East
2024-09-09,P201,Men Casual Shirt,Fashion,1328.69,10,28,33482.99,S07,North
2024-09-09,P105,Tablet Z2,Electronics,66751.8,10,8,480612.96,S10,East
2024-09-09,P301,Basmati Rice 5kg,Grocery,633.07,5,62,37287.82,S08,West
2024-09-09,P503,Sunscreen SPF50,Beauty,2526.46,10,30,68214.42,S04,West
2024-09-09,P203,Denim Jeans,Fashion,2757.41,15,25,58594.96,S05,South
2024-09-09,P103,Wireless Earbuds,Electronics,79149.76,20,11,696517.89,S05,West
2024-09-09,P201,Men Casual Shirt,Fashion,2595.15,20,39,80968.68,S06,South
2024-09-09,P303,Whole Wheat Flour,Grocery,438.26,30,122,37427.4,S06,North
2024-09-09,P502,Hair Serum,Beauty,2279.34,40,28,38292.91,S04,East
2024-09-10,P301,Basmati Rice 5kg,Grocery,112.54,10,79,8001.59,S04,East
2024-09-10,P102,Laptop Pro,Electronics,55715.16,0,9,501436.44,S08,North
2024-09-10,P201,Men Casual Shirt,Fashion,3160.69,0,19,60053.11,S09,West
2024-09-10,P405,LED Desk Lamp,Home,7104.83,30,23,114387.76,S10,South
2024-09-10,P502,Hair Serum,Beauty,2432.39,0,22,53512.58,S03,North
2024-09-10,P402,Cotton Bedsheet,Home,4319.95,0,23,99358.85,S08,North
2024-09-10,P306,Mixed Nuts 500g,Grocery,450.78,0,71,32005.38,S02,West
2024-09-10,P506,Perfume 100ml,Beauty,1056.21,0,22,23236.62,S06,East
2024-09-10,P304,Organic Honey,Grocery,798.07,0,69,55066.83,S02,West
2024-09-10,P401,Stainless Steel Cookware,Home,7832.63,0,9,70493.67,S03,East
2024-09-10,P405,LED Desk Lamp,Home,7739.34,20,19,117637.97,S03,West
2024-09-10,P403,Wall Clock,Home,14991.79,5,17,242117.41,S06,East
2024-09-10,P103,Wireless Earbuds,Electronics,32375.55,0,12,388506.6,S01,South
2024-09-10,P505,Body Lotion,Beauty,1312.97,40,40,31511.28,S08,South
2024-09-10,P206,Summer Dress,Fashion,330.09,0,18,5941.62,S10,West
2024-09-10,P106,Bluetooth Speaker,Electronics,33538.34,10,10,301845.06,S06,South
2024-09-10,P205,Formal Blazer,Fashion,3351.42,5,27,85963.92,S08,West
2024-09-10,P503,Sunscreen SPF50,Beauty,1834.25,40,53,58329.15,S01,North
2024-09-11,P201,Men Casual Shirt,Fashion,1012.64,20,26,21062.91,S04,North
2024-09-11,P303,Whole Wheat Flour,Grocery,741.94,20,79,46890.61,S05,North
2024-09-11,P501,Face Moisturizer,Beauty,1488.82,10,40,53597.52,S06,West
2024-09-11,P304,Organic Honey,Grocery,244.75,25,100,18356.25,S10,East
2024-09-11,P306,Mixed Nuts 500g,Grocery,287.34,5,77,21018.92,S09,North
2024-09-11,P406,Air Purifier,Home,5879.21,5,16,89363.99,S05,West
2024-09-11,P501,Face Moisturizer,Beauty,196.12,0,15,2941.8,S07,East
2024-09-11,P501,Face Moisturizer,Beauty,2139.2,30,43,64389.92,S10,North
2024-09-11,P103,Wireless Earbuds,Electronics,7061.07,5,11,73788.18,S01,East
2024-09-11,P106,Bluetooth Speaker,Electronics,26401.83,30,12,221775.37,S03,East
2024-09-11,P102,Laptop Pro,Electronics,2871.58,20,13,29864.43,S06,East
2024-09-11,P404,Wooden Bookshelf,Home,6750.8,0,17,114763.6,S03,North
2024-09-11,P103,Wireless Earbuds,Electronics,77719.17,15,15,990919.42,S04,North
2024-09-11,P101,Smartphone X1,Electronics,10163.47,25,11,83848.63,S07,East
2024-09-11,P402,Cotton Bedsheet,Home,274.76,5,13,3393.29,S05,East
2024-09-11,P301,Basmati Rice 5kg,Grocery,58.84,40,91,3212.66,S08,East
2024-09-11,P403,Wall Clock,Home,7646.44,20,27,165163.1,S05,North
2024-09-11,P104,Smart TV 43,Electronics,2081.21,15,13,22997.37,S07,West
2024-09-12,P302,Sunflower Oil 1L,Grocery,422.31,5,64,25676.45,S09,North
2024-09-12,P203,Denim Jeans,Fashion,3561.63,20,29,82629.82,S05,West
2024-09-12,P101,Smartphone X1,Electronics,74415.49,0,10,744154.9,S04,West
2024-09-12,P305,Green Tea Pack,Grocery,784.63,40,101,47548.58,S07,West
2024-09-12,P504,Lipstick Set,Beauty,676.12,25,54,27382.86,S04,North
2024-09-12,P204,Sports Shoes,Fashion,3070.97,25,45,103645.24,S01,North
2024-09-12,P302,Sunflower Oil 1L,Grocery,416.12,5,85,33601.69,S04,South
2024-09-12,P302,Sunflower Oil 1L,Grocery,74.53,20,90,5366.16,S10,North
2024-09-12,P401,Stainless Steel Cookware,Home,8411.18,25,22,138784.47,S02,East
2024-09-12,P502,Hair Serum,Beauty,571.26,25,36,15424.02,S06,East
2024-09-12,P203,Denim Jeans,Fashion,4717.57,0,29,136809.53,S02,West
2024-09-12,P306,Mixed Nuts 500g,Grocery,535.45,5,92,46798.33,S10,North
2024-09-12,P501,Face Moisturizer,Beauty,216.27,20,42,7266.67,S05,West
2024-09-12,P303,Whole Wheat Flour,Grocery,549.11,20,111,48760.97,S01,West
2024-09-12,P302,Sunflower Oil 1L,Grocery,71.69,40,107,4602.5,S01,North
2024-09-12,P503,Sunscreen SPF50,Beauty,1647.77,5,26,40699.92,S07,East
2024-09-12,P205,Formal Blazer,Fashion,908.28,10,17,13896.68,S09,East
2024-09-12,P306,Mixed Nuts 500g,Grocery,123.91,0,48,5947.68,S03,South
2024-09-12,P105,Tablet Z2,Electronics,9448.25,0,10,94482.5,S01,East
2024-09-12,P204,Sports Shoes,Fashion,819.08,0,20,16381.6,S05,South
2024-09-13,P203,Denim Jeans,Fashion,2124.53,0,31,65860.43,S01,North
2024-09-13,P205,Formal Blazer,Fashion,3983.09,5,13,49191.16,S09,West
2024-09-13,P402,Cotton Bedsheet,Home,13146.05,20,19,199819.96,S07,South
2024-09-13,P304,Organic Honey,Grocery,68.02,10,77,4713.79,S10,South
2024-09-13,P203,Denim Jeans,Fashion,632.24,15,28,15047.31,S04,East
2024-09-13,P203,Denim Jeans,Fashion,305.75,15,24,6237.3,S03,West
2024-09-13,P403,Wall Clock,Home,11051.88,15,15,140911.47,S07,East
2024-09-13,P206,Summer Dress,Fashion,900.95,0,22,19820.9,S03,North
2024-09-13,P503,Sunscreen SPF50,Beauty,2603.37,10,32,74977.06,S05,East
2024-09-13,P504,Lipstick Set,Beauty,1854.56,10,33,55080.43,S01,South
2024-09-13,P104,Smart TV 43,Electronics,56120.2,25,13,547171.95,S05,East
2024-09-13,P402,Cotton Bedsheet,Home,5068.48,30,22,78054.59,S01,East
2024-09-13,P104,Smart TV 43,Electronics,78648.75,10,8,566271.0,S03,South
2024-09-13,P203,Denim Jeans,Fashion,1429.89,0,14,20018.46,S07,East
2024-09-13,P101,Smartphone X1,Electronics,79176.24,20,16,1013455.87,S04,West
2024-09-13,P204,Sports Shoes,Fashion,2596.25,15,22,48549.88,S05,South
2024-09-14,P405,LED Desk Lamp,Home,10176.36,10,28,256444.27,S01,West
2024-09-14,P406,Air Purifier,Home,1381.21,10,22,27347.96,S10,South
2024-09-14,P504,Lipstick Set,Beauty,2604.83,10,31,72674.76,S03,South
2024-09-14,P201,Men Casual Shirt,Fashion,4308.46,40,49,126668.72,S05,East
2024-09-14,P306,Mixed Nuts 500g,Grocery,204.08,25,128,19591.68,S01,East
2024-09-14,P401,Stainless Steel Cookware,Home,296.43,10,17,4535.38,S07,East
2024-09-14,P401,Stainless Steel Cookware,Home,3692.73,30,35,90471.88,S03,North
2024-09-14,P302,Sunflower Oil 1L,Grocery,571.09,30,218,87148.33,S01,North
2024-09-14,P304,Organic Honey,Grocery,347.91,25,138,36008.68,S10,West
2024-09-14,P301,Basmati Rice 5kg,Grocery,728.18,10,66,43253.89,S03,South
2024-09-14,P304,Organic Honey,Grocery,149.3,10,110,14780.7,S08,East
2024-09-14,P404,Wooden Bookshelf,Home,11299.05,30,17,134458.69,S03,West
2024-09-14,P504,Lipstick Set,Beauty,2851.21,0,32,91238.72,S07,South
2024-09-15,P103,Wireless Earbuds,Electronics,22652.03,10,11,224255.1,S10,West
2024-09-15,P104,Smart TV 43,Electronics,68848.91,10,10,619640.19,S03,South
2024-09-15,P302,Sunflower Oil 1L,Grocery,618.49,0,119,73600.31,S06,North
2024-09-15,P501,Face Moisturizer,Beauty,1413.15,40,70,59352.3,S01,South
2024-09-15,P406,Air Purifier,Home,9337.89,10,21,176486.12,S03,North
2024-09-15,P501,Face Moisturizer,Beauty,2043.39,10,36,66205.84,S02,West
2024-09-15,P302,Sunflower Oil 1L,Grocery,53.28,5,93,4707.29,S02,East
2024-09-15,P402,Cotton Bedsheet,Home,709.54,30,34,16887.05,S07,West
2024-09-15,P202,Women Kurti,Fashion,1825.37,25,44,60237.21,S01,South
2024-09-15,P402,Cotton Bedsheet,Home,9239.44,30,22,142287.38,S03,East
2024-09-15,P502,Hair Serum,Beauty,2779.0,5,27,71281.35,S09,East
2024-09-15,P406,Air Purifier,Home,13622.5,30,32,305144.0,S05,North
2024-09-15,P205,Formal Blazer,Fashion,2062.8,20,31,51157.44,S09,South
2024-09-15,P503,Sunscreen SPF50,Beauty,2863.95,0,38,108830.1,S09,North
2024-09-16,P402,Cotton Bedsheet,Home,13153.49,0,16,210455.84,S02,East
2024-09-16,P402,Cotton Bedsheet,Home,2329.31,10,19,39831.2,S08,North
2024-09-16,P302,Sunflower Oil 1L,Grocery,775.25,5,69,50817.64,S03,West
2024-09-16,P103,Wireless Earbuds,Electronics,48655.52,25,12,437899.68,S02,West
2024-09-16,P406,Air Purifier,Home,6789.73,10,18,109993.63,S04,South
2024-09-16,P301,Basmati Rice 5kg,Grocery,189.7,40,77,8764.14,S05,East
2024-09-16,P404,Wooden Bookshelf,Home,4102.89,20,20,65646.24,S01,South
2024-09-16,P303,Whole Wheat Flour,Grocery,360.5,20,61,17592.4,S09,South
2024-09-16,P401,Stainless Steel Cookware,Home,11645.06,5,19,210193.33,S01,South
2024-09-16,P402,Cotton Bedsheet,Home,4930.32,0,18,88745.76,S02,West
2024-09-16,P105,Tablet Z2,Electronics,46421.65,20,13,482785.16,S08,South
2024-09-16,P501,Face Moisturizer,Beauty,1976.62,10,38,67600.4,S10,South
2024-09-16,P205,Formal Blazer,Fashion,1035.02,10,17,15835.81,S03,East
2024-09-16,P204,Sports Shoes,Fashion,3251.98,0,25,81299.5,S06,South
2024-09-16,P101,Smartphone X1,Electronics,48056.67,40,14,403676.03,S06,East
2024-09-16,P202,Women Kurti,Fashion,3516.51,10,28,88616.05,S10,West
2024-09-16,P403,Wall Clock,Home,11591.05,10,15,156479.18,S07,West
2024-09-17,P105,Tablet Z2,Electronics,49739.89,0,9,447659.01,S03,West
2024-09-17,P302,Sunflower Oil 1L,Grocery,168.3,5,66,10552.41,S07,East
2024-09-17,P206,Summer Dress,Fashion,2254.96,0,23,51864.08,S10,South
2024-09-17,P401,Stainless Steel Cookware,Home,2644.11,10,16,38075.18,S02,East
2024-09-17,P202,Women Kurti,Fashion,1378.11,0,18,24805.98,S10,South
2024-09-17,P106,Bluetooth Speaker,Electronics,6499.44,15,12,66294.29,S06,South
2024-09-17,P203,Denim Jeans,Fashion,1715.21,5,23,37477.34,S07,North
2024-09-17,P303,Whole Wheat Flour,Grocery,651.74,5,69,42721.56,S05,East
2024-09-17,P502,Hair Serum,Beauty,1613.44,25,39,47193.12,S07,West
2024-09-17,P506,Perfume 100ml,Beauty,2423.27,0,28,67851.56,S05,West
2024-09-17,P306,Mixed Nuts 500g,Grocery,355.73,25,82,21877.4,S02,South
2024-09-17,P504,Lipstick Set,Beauty,500.43,5,29,13786.85,S02,South
2024-09-17,P501,Face Moisturizer,Beauty,638.06,10,41,23544.41,S01,West
2024-09-18,P101,Smartphone X1,Electronics,43650.59,10,12,471426.37,S08,West
2024-09-18,P402,Cotton Bedsheet,Home,11182.74,20,23,205762.42,S05,North
2024-09-18,P206,Summer Dress,Fashion,1866.64,25,24,33599.52,S03,North
2024-09-18,P204,Sports Shoes,Fashion,1020.93,30,34,24298.13,S09,North
2024-09-18,P102,Laptop Pro,Electronics,60360.65,30,15,633786.82,S06,East
2024-09-18,P406,Air Purifier,Home,12254.19,0,17,208321.23,S05,West
2024-09-18,P402,Cotton Bedsheet,Home,5792.69,10,22,114695.26,S06,West
2024-09-18,P204,Sports Shoes,Fashion,506.36,0,18,9114.48,S09,West
2024-09-18,P201,Men Casual Shirt,Fashion,2301.19,25,26,44873.21,S07,East
2024-09-18,P506,Perfume 100ml,Beauty,1260.97,10,21,23832.33,S04,East
2024-09-18,P201,Men Casual Shirt,Fashion,3469.61,0,19,65922.59,S10,South
2024-09-18,P303,Whole Wheat Flour,Grocery,667.95,5,101,64089.8,S01,North
2024-09-19,P501,Face Moisturizer,Beauty,506.88,15,34,14648.83,S01,West
2024-09-19,P101,Smartphone X1,Electronics,72225.01,0,7,505575.07,S07,South
2024-09-19,P101,Smartphone X1,Electronics,68445.95,0,9,616013.55,S03,West
2024-09-19,P104,Smart TV 43,Electronics,8167.08,5,0,0.0,S01,North
2024-09-19,P504,Lipstick Set,Beauty,2701.9,40,34,55118.76,S09,West
2024-09-19,P302,Sunflower Oil 1L,Grocery,747.38,5,62,44020.68,S09,North
2024-09-19,P103,Wireless Earbuds,Electronics,30102.58,0,10,301025.8,S08,West
2024-09-19,P203,Denim Jeans,Fashion,702.03,0,17,11934.51,S09,South
2024-09-19,P205,Formal Blazer,Fashion,765.8,25,34,19527.9,S10,North
2024-09-19,P401,Stainless Steel Cookware,Home,3556.37,5,19,64192.48,S02,East
2024-09-19,P306,Mixed Nuts 500g,Grocery,216.99,10,90,17576.19,S04,East
2024-09-19,P102,Laptop Pro,Electronics,70678.83,0,6,424072.98,S05,East
2024-09-19,P206,Summer Dress,Fashion,3529.39,10,22,69881.92,S05,South
2024-09-19,P504,Lipstick Set,Beauty,961.66,40,296,170790.82,S06,West
2024-09-20,P504,Lipstick Set,Beauty,816.1,0,31,25299.1,S01,South
2024-09-20,P106,Bluetooth Speaker,Electronics,49613.69,15,16,674746.18,S08,West
2024-09-20,P205,Formal Blazer,Fashion,2094.6,0,26,54459.6,S02,East
2024-09-20,P301,Basmati Rice 5kg,Grocery,289.33,20,83,19211.51,S03,South
2024-09-20,P202,Women Kurti,Fashion,830.8,5,23,18152.98,S08,East
2024-09-20,P405,LED Desk Lamp,Home,10421.88,20,23,191762.59,S04,East
2024-09-20,P206,Summer Dress,Fashion,1690.08,5,26,41744.98,S10,West
2024-09-20,P505,Body Lotion,Beauty,868.4,15,43,31740.02,S08,West
2024-09-20,P106,Bluetooth Speaker,Electronics,68694.5,15,13,759074.22,S02,West
2024-09-20,P101,Smartphone X1,Electronics,21970.03,5,11,229586.81,S02,South
2024-09-20,P505,Body Lotion,Beauty,1310.3,0,28,36688.4,S09,North
2024-09-20,P504,Lipstick Set,Beauty,2065.39,0,21,43373.19,S09,South
2024-09-20,P405,LED Desk Lamp,Home,5207.12,40,24,74982.53,S04,South
2024-09-21,P401,Stainless Steel Cookware,Home,9100.04,15,23,177905.78,S05,West
2024-09-21,P103,Wireless Earbuds,Electronics,23534.1,10,12,254168.28,S03,East
2024-09-21,P405,LED Desk Lamp,Home,3369.09,0,20,67381.8,S10,North
2024-09-21,P101,Smartphone X1,Electronics,19970.52,40,20,239646.24,S05,West
2024-09-21,P401,Stainless Steel Cookware,Home,3235.91,30,22,49833.01,S09,East
2024-09-21,P501,Face Moisturizer,Beauty,864.84,10,40,31134.24,S07,South
2024-09-21,P501,Face Moisturizer,Beauty,1963.45,0,46,90318.7,S01,West
2024-09-21,P406,Air Purifier,Home,6970.81,10,26,163116.95,S04,North
2024-09-21,P102,Laptop Pro,Electronics,45218.32,20,16,578794.5,S02,West
2024-09-21,P406,Air Purifier,Home,6871.1,10,22,136047.78,S10,North
2024-09-21,P404,Wooden Bookshelf,Home,7893.07,0,20,157861.4,S02,North
2024-09-21,P405,LED Desk Lamp,Home,2726.31,10,28,68703.01,S06,West
2024-09-22,P303,Whole Wheat Flour,Grocery,377.39,0,97,36606.83,S04,East
2024-09-22,P105,Tablet Z2,Electronics,43652.74,25,20,654791.1,S07,West
2024-09-22,P403,Wall Clock,Home,1786.03,10,20,32148.54,S05,East
2024-09-22,P301,Basmati Rice 5kg,Grocery,612.99,20,97,47568.02,S03,South
2024-09-22,P206,Summer Dress,Fashion,4795.14,30,57,191326.09,S06,West
2024-09-22,P106,Bluetooth Speaker,Electronics,40261.97,20,18,579772.37,S10,South
2024-09-22,P106,Bluetooth Speaker,Electronics,43163.5,0,14,604289.0,S01,South
2024-09-22,P101,Smartphone X1,Electronics,56031.57,25,22,924520.91,S05,North
2024-09-22,P102,Laptop Pro,Electronics,24355.89,0,11,267914.79,S02,East
2024-09-22,P404,Wooden Bookshelf,Home,5374.82,30,39,146732.59,S01,East
2024-09-22,P402,Cotton Bedsheet,Home,11793.8,5,24,268898.64,S03,North
2024-09-22,P504,Lipstick Set,Beauty,2076.4,10,34,63537.84,S04,South
2024-09-22,P304,Organic Honey,Grocery,104.66,40,129,8100.68,S10,East
2024-09-22,P404,Wooden Bookshelf,Home,5719.82,40,37,126980.0,S10,South
2024-09-22,P302,Sunflower Oil 1L,Grocery,463.56,5,156,68699.59,S01,North
2024-09-22,P505,Body Lotion,Beauty,1185.29,15,59,59442.29,S04,North
2024-09-22,P106,Bluetooth Speaker,Electronics,36189.7,0,16,579035.2,S01,North
2024-09-22,P505,Body Lotion,Beauty,2751.7,40,43,70993.86,S03,South
2024-09-22,P305,Green Tea Pack,Grocery,453.59,5,69,29732.82,S03,East
2024-09-23,P203,Denim Jeans,Fashion,2146.57,30,352,528914.85,S02,North
2024-09-23,P304,Organic Honey,Grocery,489.06,30,111,37999.96,S10,South
2024-09-23,P201,Men Casual Shirt,Fashion,1194.76,10,20,21505.68,S04,North
2024-09-23,P403,Wall Clock,Home,12376.0,25,24,222768.0,S06,West
2024-09-23,P303,Whole Wheat Flour,Grocery,71.11,0,90,6399.9,S06,North
2024-09-23,P301,Basmati Rice 5kg,Grocery,506.22,0,64,32398.08,S09,North
2024-09-23,P206,Summer Dress,Fashion,2236.36,20,26,46516.29,S05,West
2024-09-23,P406,Air Purifier,Home,13336.29,10,2,24005.32,S06,West
2024-09-23,P302,Sunflower Oil 1L,Grocery,553.23,25,121,50205.62,S02,South
2024-09-23,P305,Green Tea Pack,Grocery,497.27,5,67,31651.24,S10,South
2024-09-23,P202,Women Kurti,Fashion,4919.28,10,25,110683.8,S05,North
2024-09-23,P306,Mixed Nuts 500g,Grocery,198.88,5,39,7368.5,S06,East
2024-09-23,P303,Whole Wheat Flour,Grocery,651.07,0,71,46225.97,S03,North
2024-09-24,P102,Laptop Pro,Electronics,51218.23,10,8,368771.26,S10,West
2024-09-24,P206,Summer Dress,Fashion,4460.64,10,24,96349.82,S02,West
2024-09-24,P202,Women Kurti,Fashion,333.43,0,27,9002.61,S08,West
2024-09-24,P206,Summer Dress,Fashion,1552.65,25,33,38428.09,S10,South
2024-09-24,P102,Laptop Pro,Electronics,49843.69,40,15,448593.21,S05,North
2024-09-24,P405,LED Desk Lamp,Home,3635.39,5,18,62165.17,S01,South
2024-09-24,P206,Summer Dress,Fashion,4495.28,30,20,62933.92,S09,North
2024-09-24,P406,Air Purifier,Home,6027.72,0,16,96443.52,S06,South
2024-09-24,P302,Sunflower Oil 1L,Grocery,725.16,5,88,60623.38,S06,North
2024-09-24,P206,Summer Dress,Fashion,491.01,10,18,7954.36,S09,West
2024-09-24,P305,Green Tea Pack,Grocery,734.85,0,62,45560.7,S09,North
2024-09-24,P204,Sports Shoes,Fashion,1833.92,25,42,57768.48,S06,North
2024-09-25,P406,Air Purifier,Home,614.38,40,33,12164.72,S05,North
2024-09-25,P101,Smartphone X1,Electronics,5491.47,40,8,26359.06,S03,East
2024-09-25,P506,Perfume 100ml,Beauty,1634.84,20,31,40544.03,S04,West
2024-09-25,P103,Wireless Earbuds,Electronics,55949.12,0,6,335694.72,S03,South
2024-09-25,P404,Wooden Bookshelf,Home,7677.77,5,20,145877.63,S10,West
2024-09-25,P201,Men Casual Shirt,Fashion,2023.22,5,23,44207.36,S02,South
2024-09-25,P304,Organic Honey,Grocery,636.72,5,62,37502.81,S02,North
2024-09-25,P205,Formal Blazer,Fashion,4505.48,15,29,111060.08,S01,South
2024-09-25,P104,Smart TV 43,Electronics,39589.95,0,8,316719.6,S02,East
2024-09-25,P504,Lipstick Set,Beauty,1634.33,30,40,45761.24,S03,North
2024-09-25,P206,Summer Dress,Fashion,480.62,0,21,10093.02,S06,East
2024-09-25,P102,Laptop Pro,Electronics,15435.42,0,9,138918.78,S03,North
2024-09-25,P402,Cotton Bedsheet,Home,13082.33,10,19,223707.84,S07,South
2024-09-26,P403,Wall Clock,Home,2157.13,20,18,31062.67,S07,East
2024-09-26,P503,Sunscreen SPF50,Beauty,1834.72,40,42,46234.94,S06,South
2024-09-26,P402,Cotton Bedsheet,Home,8674.04,40,34,176950.42,S04,North
2024-09-26,P505,Body Lotion,Beauty,969.36,0,28,27142.08,S04,South
2024-09-26,P506,Perfume 100ml,Beauty,1663.86,15,37,52328.4,S10,North
2024-09-26,P406,Air Purifier,Home,4798.83,0,14,67183.62,S04,East
2024-09-26,P103,Wireless Earbuds,Electronics,17084.06,40,14,143506.1,S07,West
2024-09-26,P504,Lipstick Set,Beauty,2388.69,5,29,65808.41,S04,West
2024-09-26,P303,Whole Wheat Flour,Grocery,574.74,0,84,48278.16,S06,North
2024-09-26,P505,Body Lotion,Beauty,1810.07,20,33,47785.85,S10,West
2024-09-26,P105,Tablet Z2,Electronics,57058.78,30,11,439352.61,S09,East
2024-09-26,P504,Lipstick Set,Beauty,2937.0,5,35,97655.25,S05,West
2024-09-26,P204,Sports Shoes,Fashion,1419.3,10,28,35766.36,S08,North
2024-09-26,P401,Stainless Steel Cookware,Home,14662.08,30,22,225796.03,S08,North
2024-09-26,P101,Smartphone X1,Electronics,25668.83,10,12,277223.36,S05,North
2024-09-26,P101,Smartphone X1,Electronics,76138.14,30,13,692857.07,S10,South
2024-09-27,P306,Mixed Nuts 500g,Grocery,727.55,30,101,51437.78,S03,North
2024-09-27,P306,Mixed Nuts 500g,Grocery,715.98,0,78,55846.44,S01,East
2024-09-27,P302,Sunflower Oil 1L,Grocery,422.69,40,83,21049.96,S09,North
2024-09-27,P302,Sunflower Oil 1L,Grocery,295.66,30,93,19247.47,S10,North
2024-09-27,P504,Lipstick Set,Beauty,748.43,30,43,22527.74,S04,South
2024-09-27,P203,Denim Jeans,Fashion,1192.39,30,34,28378.88,S02,West
2024-09-27,P403,Wall Clock,Home,6573.12,30,21,96624.86,S08,East
2024-09-27,P303,Whole Wheat Flour,Grocery,340.76,30,96,22899.07,S05,West
2024-09-27,P404,Wooden Bookshelf,Home,6442.74,0,11,70870.14,S07,East
2024-09-27,P205,Formal Blazer,Fashion,619.26,5,24,14119.13,S03,North
2024-09-27,P402,Cotton Bedsheet,Home,11686.97,5,25,277565.54,S06,South
2024-09-27,P203,Denim Jeans,Fashion,918.5,5,29,25304.67,S06,North
2024-09-27,P401,Stainless Steel Cookware,Home,13742.08,15,18,210253.82,S06,East
2024-09-27,P403,Wall Clock,Home,13971.02,30,33,322730.56,S08,North
2024-09-27,P303,Whole Wheat Flour,Grocery,497.91,30,119,41475.9,S01,East
2024-09-27,P105,Tablet Z2,Electronics,27904.59,15,7,166032.31,S10,West
2024-09-27,P306,Mixed Nuts 500g,Grocery,334.98,15,88,25056.5,S08,North
2024-09-27,P304,Organic Honey,Grocery,418.1,20,80,26758.4,S10,East
2024-09-28,P102,Laptop Pro,Electronics,34652.68,10,16,498998.59,S08,West
2024-09-28,P201,Men Casual Shirt,Fashion,3276.78,10,35,103218.57,S05,South
2024-09-28,P203,Denim Jeans,Fashion,906.75,5,45,38763.56,S02,West
2024-09-28,P406,Air Purifier,Home,3191.81,40,38,72773.27,S03,West
2024-09-28,P404,Wooden Bookshelf,Home,8388.75,40,51,256695.75,S01,North
2024-09-28,P505,Body Lotion,Beauty,1595.35,5,38,57592.13,S02,South
2024-09-28,P304,Organic Honey,Grocery,550.42,5,66,34511.33,S02,South
2024-09-28,P204,Sports Shoes,Fashion,2624.77,10,38,89767.13,S10,West
2024-09-28,P306,Mixed Nuts 500g,Grocery,661.22,0,84,55542.48,S02,East
2024-09-28,P203,Denim Jeans,Fashion,3543.14,25,55,146154.52,S01,South
2024-09-28,P203,Denim Jeans,Fashion,1951.98,10,44,77298.41,S01,North
2024-09-29,P305,Green Tea Pack,Grocery,143.83,25,157,16935.98,S10,West
2024-09-29,P401,Stainless Steel Cookware,Home,4057.98,30,16,45449.38,S09,East
2024-09-29,P104,Smart TV 43,Electronics,39880.34,30,24,669989.71,S01,South
2024-09-29,P406,Air Purifier,Home,10678.4,20,33,281909.76,S08,North
2024-09-29,P303,Whole Wheat Flour,Grocery,253.24,5,71,17081.04,S09,North
2024-09-29,P501,Face Moisturizer,Beauty,2442.0,0,39,95238.0,S02,North
2024-09-29,P305,Green Tea Pack,Grocery,288.63,20,93,21474.07,S07,South
2024-09-29,P404,Wooden Bookshelf,Home,6620.74,25,25,124138.88,S08,South
2024-09-29,P301,Basmati Rice 5kg,Grocery,448.7,5,98,41773.97,S09,West
2024-09-29,P405,LED Desk Lamp,Home,5374.91,20,20,85998.56,S09,East
2024-09-29,P406,Air Purifier,Home,13816.42,15,23,270111.01,S05,East
2024-09-29,P204,Sports Shoes,Fashion,2865.8,25,2,4298.7,S07,East
2024-09-30,P306,Mixed Nuts 500g,Grocery,430.34,30,78,23496.56,S02,East
2024-09-30,P202,Women Kurti,Fashion,1684.35,5,21,33602.78,S04,South
2024-09-30,P101,Smartphone X1,Electronics,63833.05,5,9,545772.58,S09,West
2024-09-30,P106,Bluetooth Speaker,Electronics,44460.32,10,10,400142.88,S03,East
2024-09-30,P303,Whole Wheat Flour,Grocery,188.82,40,84,9516.53,S03,South
2024-09-30,P501,Face Moisturizer,Beauty,2580.71,0,23,59356.33,S03,North
2024-09-30,P303,Whole Wheat Flour,Grocery,380.69,10,87,29808.03,S01,South
2024-09-30,P106,Bluetooth Speaker,Electronics,74252.85,0,8,594022.8,S09,North
2024-09-30,P305,Green Tea Pack,Grocery,642.47,5,81,49438.07,S01,East
2024-09-30,P302,Sunflower Oil 1L,Grocery,439.78,30,113,34786.6,S10,West
2024-09-30,P301,Basmati Rice 5kg,Grocery,117.72,10,53,5615.24,S09,North
2024-09-30,P206,Summer Dress,Fashion,3455.64,10,20,62201.52,S07,East
2024-09-30,P206,Summer Dress,Fashion,2688.55,25,35,70574.44,S04,East
2024-09-30,P404,Wooden Bookshelf,Home,5217.17,0,16,83474.72,S04,West
2024-09-30,P406,Air Purifier,Home,6527.28,10,17,99867.38,S03,West
2024-10-01,P502,Hair Serum,Beauty,276.06,0,31,8557.86,S03,North
2024-10-01,P205,Formal Blazer,Fashion,2150.34,15,28,51178.09,S03,East
2024-10-01,P501,Face Moisturizer,Beauty,2796.59,0,24,67118.16,S06,South
2024-10-01,P206,Summer Dress,Fashion,2231.04,30,38,59345.66,S08,North
2024-10-01,P506,Perfume 100ml,Beauty,2674.26,30,47,87983.15,S08,East
2024-10-01,P505,Body Lotion,Beauty,2984.42,20,43,102664.05,S06,West
2024-10-01,P105,Tablet Z2,Electronics,71647.1,15,13,791700.46,S08,East
2024-10-01,P406,Air Purifier,Home,9994.13,30,21,146913.71,S02,South
2024-10-01,P101,Smartphone X1,Electronics,6518.11,5,12,74306.45,S02,South
2024-10-01,P201,Men Casual Shirt,Fashion,1568.8,25,36,42357.6,S08,East
2024-10-02,P405,LED Desk Lamp,Home,10568.44,15,23,206613.0,S06,West
2024-10-02,P302,Sunflower Oil 1L,Grocery,94.75,10,65,5542.88,S05,West
2024-10-02,P401,Stainless Steel Cookware,Home,8328.45,5,22,174064.61,S04,East
2024-10-02,P306,Mixed Nuts 500g,Grocery,785.09,10,82,57939.64,S04,South
2024-10-02,P306,Mixed Nuts 500g,Grocery,576.67,0,67,38636.89,S10,East
2024-10-02,P203,Denim Jeans,Fashion,1133.53,15,516,497166.26,S10,East
2024-10-02,P301,Basmati Rice 5kg,Grocery,478.59,10,70,30151.17,S08,East
2024-10-02,P505,Body Lotion,Beauty,2023.82,25,33,50089.54,S04,East
2024-10-02,P306,Mixed Nuts 500g,Grocery,336.17,20,90,24204.24,S07,West
2024-10-02,P301,Basmati Rice 5kg,Grocery,140.61,0,70,9842.7,S06,East
2024-10-02,P203,Denim Jeans,Fashion,3019.39,25,41,92846.24,S01,West
2024-10-02,P404,Wooden Bookshelf,Home,8568.24,25,36,231342.48,S01,South
2024-10-02,P504,Lipstick Set,Beauty,1209.03,5,30,34457.36,S08,West
2024-10-02,P505,Body Lotion,Beauty,2558.09,10,38,87486.68,S02,West
2024-10-02,P106,Bluetooth Speaker,Electronics,56645.91,0,12,679750.92,S04,South
2024-10-02,P104,Smart TV 43,Electronics,46586.41,0,12,559036.92,S05,South
2024-10-03,P501,Face Moisturizer,Beauty,1022.5,40,53,32515.5,S01,West
2024-10-03,P404,Wooden Bookshelf,Home,14612.23,40,33,289322.15,S01,East
2024-10-03,P203,Denim Jeans,Fashion,3814.9,0,26,99187.4,S05,East
2024-10-03,P203,Denim Jeans,Fashion,2504.99,30,44,77153.69,S02,West
2024-10-03,P501,Face Moisturizer,Beauty,246.67,25,40,7400.1,S02,North
2024-10-03,P105,Tablet Z2,Electronics,38073.96,5,13,470213.41,S04,East
2024-10-03,P303,Whole Wheat Flour,Grocery,405.18,10,92,33548.9,S04,North
2024-10-03,P502,Hair Serum,Beauty,2846.01,15,31,74992.36,S03,South
2024-10-03,P501,Face Moisturizer,Beauty,2135.13,25,47,75263.33,S10,West
2024-10-03,P202,Women Kurti,Fashion,905.97,10,31,25276.56,S06,East
2024-10-03,P301,Basmati Rice 5kg,Grocery,89.22,0,77,6869.94,S07,North
2024-10-03,P402,Cotton Bedsheet,Home,9185.61,0,16,146969.76,S08,East
2024-10-03,P301,Basmati Rice 5kg,Grocery,497.1,15,80,33802.8,S07,South
2024-10-03,P403,Wall Clock,Home,7692.69,30,28,150776.72,S05,South
2024-10-03,P101,Smartphone X1,Electronics,55093.72,15,14,655615.27,S10,North
2024-10-03,P503,Sunscreen SPF50,Beauty,2196.08,20,45,79058.88,S01,West
2024-10-03,P404,Wooden Bookshelf,Home,1419.36,0,18,25548.48,S07,West
2024-10-04,P106,Bluetooth Speaker,Electronics,10652.66,25,21,167779.39,S10,North
2024-10-04,P205,Formal Blazer,Fashion,3613.07,5,27,92675.25,S08,West
2024-10-04,P404,Wooden Bookshelf,Home,4845.34,25,25,90850.12,S08,East
2024-10-04,P502,Hair Serum,Beauty,2916.28,10,35,91862.82,S06,West
2024-10-04,P202,Women Kurti,Fashion,2009.92,5,27,51554.45,S10,North
2024-10-04,P303,Whole Wheat Flour,Grocery,247.55,15,54,11362.55,S07,East
2024-10-04,P401,Stainless Steel Cookware,Home,11541.5,5,27,296039.47,S01,South
2024-10-04,P501,Face Moisturizer,Beauty,2830.62,5,28,75294.49,S03,South
2024-10-04,P303,Whole Wheat Flour,Grocery,468.28,5,76,33809.82,S07,North
2024-10-04,P105,Tablet Z2,Electronics,14872.22,30,16,166568.86,S03,West
2024-10-04,P503,Sunscreen SPF50,Beauty,2282.97,25,44,75338.01,S08,West
2024-10-04,P202,Women Kurti,Fashion,1247.25,15,24,25443.9,S03,West
2024-10-04,P501,Face Moisturizer,Beauty,398.16,5,37,13995.32,S01,North
2024-10-04,P201,Men Casual Shirt,Fashion,2435.23,0,26,63315.98,S04,North
2024-10-04,P105,Tablet Z2,Electronics,63810.31,0,12,765723.72,S02,West
2024-10-04,P202,Women Kurti,Fashion,2885.66,30,41,82818.44,S01,North
2024-10-05,P305,Green Tea Pack,Grocery,703.7,15,111,66394.1,S05,South
2024-10-05,P306,Mixed Nuts 500g,Grocery,63.32,5,96,5774.78,S05,East
2024-10-05,P402,Cotton Bedsheet,Home,4526.99,20,43,155728.46,S01,West
2024-10-05,P402,Cotton Bedsheet,Home,7667.06,0,19,145674.14,S09,South
2024-10-05,P506,Perfume 100ml,Beauty,2537.38,10,40,91345.68,S05,North
2024-10-05,P302,Sunflower Oil 1L,Grocery,54.97,10,96,4749.41,S08,East
2024-10-05,P502,Hair Serum,Beauty,297.99,20,26,6198.19,S07,East
2024-10-05,P206,Summer Dress,Fashion,4728.94,25,41,145414.9,S06,East
2024-10-05,P303,Whole Wheat Flour,Grocery,133.12,5,140,17704.96,S10,North
2024-10-05,P501,Face Moisturizer,Beauty,103.16,40,54,3342.38,S03,West
2024-10-05,P306,Mixed Nuts 500g,Grocery,493.03,40,116,34314.89,S09,North
2024-10-05,P406,Air Purifier,Home,7785.38,25,33,192688.15,S02,East
2024-10-05,P206,Summer Dress,Fashion,4856.31,40,34,99068.72,S07,East
2024-10-05,P101,Smartphone X1,Electronics,6942.37,40,18,74977.6,S02,East
2024-10-05,P106,Bluetooth Speaker,Electronics,13821.04,10,18,223900.85,S08,North
2024-10-05,P205,Formal Blazer,Fashion,2371.13,15,52,104803.95,S06,West
2024-10-06,P301,Basmati Rice 5kg,Grocery,406.62,10,107,39157.51,S03,West
2024-10-06,P202,Women Kurti,Fashion,437.2,25,41,13443.9,S07,West
2024-10-06,P501,Face Moisturizer,Beauty,1417.36,10,49,62505.58,S09,North
2024-10-06,P406,Air Purifier,Home,7707.98,0,18,138743.64,S09,West
2024-10-06,P302,Sunflower Oil 1L,Grocery,206.93,0,75,15519.75,S09,West
2024-10-06,P404,Wooden Bookshelf,Home,2360.56,5,32,71761.02,S02,North
2024-10-06,P405,LED Desk Lamp,Home,5310.44,30,45,167278.86,S10,North
2024-10-06,P403,Wall Clock,Home,13480.03,0,21,283080.63,S07,North
2024-10-06,P205,Formal Blazer,Fashion,626.41,10,34,19168.15,S01,East
2024-10-06,P202,Women Kurti,Fashion,2202.65,20,36,63436.32,S05,West
2024-10-06,P201,Men Casual Shirt,Fashion,2243.26,0,27,60568.02,S03,South
2024-10-06,P101,Smartphone X1,Electronics,64117.01,25,32,1538808.24,S04,South
2024-10-06,P402,Cotton Bedsheet,Home,12130.33,30,34,288701.85,S09,West
2024-10-06,P101,Smartphone X1,Electronics,38407.36,0,20,768147.2,S06,South
2024-10-06,P404,Wooden Bookshelf,Home,9788.98,0,30,293669.4,S02,South
2024-10-06,P403,Wall Clock,Home,9445.64,40,33,187023.67,S02,South
2024-10-06,P402,Cotton Bedsheet,Home,5169.4,0,15,77541.0,S07,East
2024-10-06,P301,Basmati Rice 5kg,Grocery,225.81,10,89,18087.38,S04,North
2024-10-06,P501,Face Moisturizer,Beauty,155.4,0,40,6216.0,S07,West
2024-10-06,P104,Smart TV 43,Electronics,23561.83,10,19,402907.29,S03,North
2024-10-06,P304,Organic Honey,Grocery,728.45,0,110,80129.5,S07,South
2024-10-06,P306,Mixed Nuts 500g,Grocery,388.22,10,84,29349.43,S03,East
2024-10-07,P302,Sunflower Oil 1L,Grocery,784.1,10,55,38812.95,S07,North
2024-10-07,P304,Organic Honey,Grocery,375.97,10,82,27746.59,S01,North
2024-10-07,P105,Tablet Z2,Electronics,19209.11,30,11,147910.15,S07,East
2024-10-08,P101,Smartphone X1,Electronics,64945.86,5,12,740382.8,S05,East
2024-10-08,P203,Denim Jeans,Fashion,2716.74,30,2,3803.44,S09,West
2024-10-08,P105,Tablet Z2,Electronics,61997.62,5,12,706772.87,S10,West
2024-10-08,P503,Sunscreen SPF50,Beauty,2668.77,40,52,83265.62,S07,West
2024-10-08,P301,Basmati Rice 5kg,Grocery,795.05,15,108,72985.59,S10,West
2024-10-08,P102,Laptop Pro,Electronics,64920.15,25,18,876422.02,S10,West
2024-10-08,P202,Women Kurti,Fashion,473.82,5,26,11703.35,S02,West
2024-10-08,P404,Wooden Bookshelf,Home,4252.15,5,18,72711.76,S04,East
2024-10-08,P203,Denim Jeans,Fashion,3174.65,25,43,102382.46,S05,West
2024-10-08,P505,Body Lotion,Beauty,865.44,40,32,16616.45,S05,East
2024-10-08,P204,Sports Shoes,Fashion,2677.98,25,41,82347.89,S02,North
2024-10-08,P106,Bluetooth Speaker,Electronics,49223.98,30,13,447938.22,S03,East
2024-10-08,P203,Denim Jeans,Fashion,1003.54,10,22,19870.09,S06,East
2024-10-08,P104,Smart TV 43,Electronics,20827.53,15,9,159330.6,S07,East
2024-10-08,P305,Green Tea Pack,Grocery,254.67,30,106,18896.51,S08,South
2024-10-08,P504,Lipstick Set,Beauty,227.36,20,33,6002.3,S01,West
2024-10-09,P205,Formal Blazer,Fashion,4302.5,40,37,95515.5,S07,West
2024-10-09,P106,Bluetooth Speaker,Electronics,44379.11,30,24,745569.05,S01,West
2024-10-09,P402,Cotton Bedsheet,Home,11815.77,5,16,179599.7,S10,South
2024-10-09,P501,Face Moisturizer,Beauty,1979.3,30,34,47107.34,S03,West
2024-10-09,P102,Laptop Pro,Electronics,13150.45,0,10,131504.5,S03,North
2024-10-09,P203,Denim Jeans,Fashion,3414.96,5,23,74616.88,S05,East
2024-10-09,P105,Tablet Z2,Electronics,22123.9,10,15,298672.65,S05,North
2024-10-09,P104,Smart TV 43,Electronics,76731.6,5,14,1020530.28,S03,North
2024-10-10,P306,Mixed Nuts 500g,Grocery,536.37,20,91,39047.74,S09,North
2024-10-10,P306,Mixed Nuts 500g,Grocery,421.5,25,145,45838.12,S06,West
2024-10-10,P403,Wall Clock,Home,9825.68,10,17,150332.9,S07,South
2024-10-10,P504,Lipstick Set,Beauty,1765.93,40,52,55097.02,S06,West
2024-10-10,P505,Body Lotion,Beauty,2649.5,15,31,69814.32,S06,East
2024-10-10,P504,Lipstick Set,Beauty,463.48,0,25,11587.0,S03,West
2024-10-10,P103,Wireless Earbuds,Electronics,73887.13,40,14,620651.89,S01,East
2024-10-10,P403,Wall Clock,Home,11956.98,25,32,286967.52,S01,South
2024-10-10,P202,Women Kurti,Fashion,2552.22,20,41,83712.82,S06,West
2024-10-10,P506,Perfume 100ml,Beauty,932.25,10,32,26848.8,S03,West
2024-10-11,P506,Perfume 100ml,Beauty,1363.39,40,44,35993.5,S10,East
2024-10-11,P103,Wireless Earbuds,Electronics,71838.16,30,15,754300.68,S03,South
2024-10-11,P204,Sports Shoes,Fashion,3336.4,5,26,82409.08,S05,East
2024-10-11,P105,Tablet Z2,Electronics,62918.28,40,19,717268.39,S08,East
2024-10-11,P105,Tablet Z2,Electronics,8224.31,10,13,96224.43,S05,West
2024-10-11,P202,Women Kurti,Fashion,1116.28,20,27,24111.65,S03,North
2024-10-11,P201,Men Casual Shirt,Fashion,2682.7,0,29,77798.3,S04,East
2024-10-11,P304,Organic Honey,Grocery,506.55,20,74,29987.76,S09,South
2024-10-11,P405,LED Desk Lamp,Home,13233.29,0,23,304365.67,S04,South
2024-10-11,P202,Women Kurti,Fashion,4838.18,0,21,101601.78,S05,South
2024-10-11,P306,Mixed Nuts 500g,Grocery,530.88,5,89,44885.9,S04,West
2024-10-11,P203,Denim Jeans,Fashion,2225.1,5,24,50732.28,S09,East
2024-10-11,P106,Bluetooth Speaker,Electronics,77989.75,0,13,1013866.75,S02,North
2024-10-12,P501,Face Moisturizer,Beauty,2366.61,0,33,78098.13,S08,West
2024-10-12,P302,Sunflower Oil 1L,Grocery,209.88,15,163,29078.87,S04,North
2024-10-12,P201,Men Casual Shirt,Fashion,2570.68,0,33,84832.44,S05,West
2024-10-12,P506,Perfume 100ml,Beauty,1491.77,15,34,43112.15,S10,South
2024-10-12,P401,Stainless Steel Cookware,Home,1187.0,0,18,21366.0,S05,South
2024-10-12,P301,Basmati Rice 5kg,Grocery,63.55,10,126,7206.57,S04,South
2024-10-12,P502,Hair Serum,Beauty,1058.54,25,48,38107.44,S03,North
2024-10-12,P506,Perfume 100ml,Beauty,2102.01,15,54,96482.26,S02,West
2024-10-12,P501,Face Moisturizer,Beauty,2419.01,10,30,65313.27,S10,West
2024-10-12,P406,Air Purifier,Home,8462.33,10,24,182786.33,S09,North
2024-10-12,P503,Sunscreen SPF50,Beauty,117.55,0,29,3408.95,S05,West
2024-10-12,P402,Cotton Bedsheet,Home,8067.28,5,33,252909.23,S02,North
2024-10-12,P203,Denim Jeans,Fashion,1755.89,0,34,59700.26,S05,South
2024-10-12,P505,Body Lotion,Beauty,120.39,15,50,5116.57,S10,South
2024-10-12,P304,Organic Honey,Grocery,424.18,15,134,48314.1,S01,East
2024-10-13,P301,Basmati Rice 5kg,Grocery,447.21,0,81,36224.01,S05,East
2024-10-13,P501,Face Moisturizer,Beauty,2847.84,25,63,134560.44,S06,West
2024-10-13,P305,Green Tea Pack,Grocery,490.71,40,199,58590.77,S10,North
2024-10-13,P103,Wireless Earbuds,Electronics,68222.47,40,27,1105204.01,S01,West
2024-10-13,P402,Cotton Bedsheet,Home,7755.73,20,36,223365.02,S08,North
2024-10-13,P406,Air Purifier,Home,2425.03,40,33,48015.59,S05,West
2024-10-13,P201,Men Casual Shirt,Fashion,1356.68,5,37,47687.3,S05,West
2024-10-13,P102,Laptop Pro,Electronics,77097.75,10,17,1179595.57,S05,West
2024-10-13,P306,Mixed Nuts 500g,Grocery,164.27,25,108,13305.87,S04,West
2024-10-13,P305,Green Tea Pack,Grocery,542.51,15,98,45191.08,S01,East
2024-10-13,P203,Denim Jeans,Fashion,998.65,10,58,52129.53,S06,North
2024-10-14,P306,Mixed Nuts 500g,Grocery,600.41,0,57,34223.37,S10,East
2024-10-14,P305,Green Tea Pack,Grocery,334.07,25,125,31319.06,S08,North
2024-10-14,P404,Wooden Bookshelf,Home,13416.9,5,22,280413.21,S07,North
2024-10-14,P403,Wall Clock,Home,2621.68,5,15,37358.94,S10,East
2024-10-14,P504,Lipstick Set,Beauty,1118.33,0,26,29076.58,S05,East
2024-10-14,P101,Smartphone X1,Electronics,52441.31,25,10,393309.82,S03,South
2024-10-14,P101,Smartphone X1,Electronics,26068.26,0,11,286750.86,S03,West
2024-10-14,P306,Mixed Nuts 500g,Grocery,471.71,25,87,30779.08,S02,East
2024-10-14,P204,Sports Shoes,Fashion,4769.86,5,35,158597.84,S05,South
2024-10-14,P104,Smart TV 43,Electronics,76856.76,5,13,949180.99,S07,West
2024-10-14,P302,Sunflower Oil 1L,Grocery,74.73,5,66,4685.57,S07,South
2024-10-14,P302,Sunflower Oil 1L,Grocery,470.68,0,88,41419.84,S08,West
2024-10-14,P202,Women Kurti,Fashion,555.33,5,28,14771.78,S10,East
2024-10-14,P302,Sunflower Oil 1L,Grocery,323.6,10,76,22134.24,S07,South
2024-10-14,P204,Sports Shoes,Fashion,2029.97,0,22,44659.34,S05,South
2024-10-14,P103,Wireless Earbuds,Electronics,22149.46,15,12,225924.49,S05,North
2024-10-14,P405,LED Desk Lamp,Home,12550.77,15,25,266703.86,S02,South
2024-10-15,P304,Organic Honey,Grocery,395.67,30,126,34898.09,S02,North
2024-10-15,P306,Mixed Nuts 500g,Grocery,232.04,10,94,19630.58,S06,West
2024-10-15,P105,Tablet Z2,Electronics,69704.51,25,18,941010.89,S08,West
2024-10-15,P205,Formal Blazer,Fashion,2094.92,40,37,46507.22,S09,East
2024-10-15,P302,Sunflower Oil 1L,Grocery,270.09,0,59,15935.31,S05,West
2024-10-15,P103,Wireless Earbuds,Electronics,8266.02,15,19,133496.22,S08,North
2024-10-15,P201,Men Casual Shirt,Fashion,2939.69,5,32,89366.58,S10,West
2024-10-15,P102,Laptop Pro,Electronics,60654.87,20,7,339667.27,S09,East
2024-10-15,P401,Stainless Steel Cookware,Home,7147.07,15,24,145800.23,S01,East
2024-10-16,P505,Body Lotion,Beauty,1184.35,0,29,34346.15,S04,South
2024-10-16,P301,Basmati Rice 5kg,Grocery,556.16,0,66,36706.56,S03,North
2024-10-16,P206,Summer Dress,Fashion,3232.42,5,23,70628.38,S04,West
2024-10-16,P204,Sports Shoes,Fashion,4298.8,5,34,138851.24,S08,West
2024-10-16,P303,Whole Wheat Flour,Grocery,378.59,5,54,19421.67,S09,East
2024-10-16,P401,Stainless Steel Cookware,Home,1803.55,25,31,41932.54,S01,North
2024-10-16,P304,Organic Honey,Grocery,207.26,40,98,12186.89,S01,East
2024-10-16,P101,Smartphone X1,Electronics,36993.49,10,8,266353.13,S07,East
2024-10-16,P101,Smartphone X1,Electronics,19410.44,40,18,209632.75,S05,South
2024-10-16,P504,Lipstick Set,Beauty,272.07,40,40,6529.68,S06,South
2024-10-16,P503,Sunscreen SPF50,Beauty,1155.19,20,29,26800.41,S08,East
2024-10-16,P303,Whole Wheat Flour,Grocery,53.62,10,59,2847.22,S03,East
2024-10-16,P201,Men Casual Shirt,Fashion,1148.42,0,29,33304.18,S10,South
2024-10-16,P405,LED Desk Lamp,Home,8556.06,20,14,95827.87,S09,East
2024-10-16,P402,Cotton Bedsheet,Home,7896.44,5,12,90019.42,S03,West
2024-10-16,P302,Sunflower Oil 1L,Grocery,100.71,15,100,8560.35,S06,North
2024-10-16,P102,Laptop Pro,Electronics,33769.58,10,11,334318.84,S06,East
2024-10-16,P101,Smartphone X1,Electronics,26935.75,10,15,363632.62,S06,North
2024-10-17,P502,Hair Serum,Beauty,1558.3,0,32,49865.6,S03,West
2024-10-17,P205,Formal Blazer,Fashion,4474.87,25,49,164451.47,S05,North
2024-10-17,P502,Hair Serum,Beauty,546.85,30,31,11866.65,S09,West
2024-10-17,P203,Denim Jeans,Fashion,4086.4,25,36,110332.8,S05,North
2024-10-17,P402,Cotton Bedsheet,Home,13425.6,25,19,191314.8,S10,South
2024-10-17,P203,Denim Jeans,Fashion,3940.28,5,25,93581.65,S04,East
2024-10-17,P405,LED Desk Lamp,Home,4762.85,0,16,76205.6,S02,East
2024-10-17,P505,Body Lotion,Beauty,505.17,5,42,20156.28,S08,North
2024-10-17,P402,Cotton Bedsheet,Home,1010.9,0,14,14152.6,S09,North
2024-10-17,P403,Wall Clock,Home,14639.34,5,21,292054.83,S10,South
2024-10-17,P305,Green Tea Pack,Grocery,791.65,5,92,69190.21,S01,West
2024-10-18,P306,Mixed Nuts 500g,Grocery,307.8,30,114,24562.44,S04,North
2024-10-18,P305,Green Tea Pack,Grocery,539.44,10,59,28644.26,S03,East
2024-10-18,P502,Hair Serum,Beauty,230.0,0,360,82800.0,S03,South
2024-10-18,P406,Air Purifier,Home,1313.88,20,25,26277.6,S05,North
2024-10-18,P504,Lipstick Set,Beauty,882.08,25,41,27123.96,S03,North
2024-10-18,P304,Organic Honey,Grocery,709.89,25,150,79862.62,S06,West
2024-10-18,P302,Sunflower Oil 1L,Grocery,265.43,20,74,15713.46,S02,East
2024-10-18,P101,Smartphone X1,Electronics,78028.52,25,13,760778.07,S02,East
2024-10-18,P205,Formal Blazer,Fashion,3972.03,5,21,79242.0,S09,South
2024-10-18,P403,Wall Clock,Home,13070.38,10,20,235266.84,S07,West
2024-10-18,P102,Laptop Pro,Electronics,10833.96,30,20,151675.44,S04,South
2024-10-19,P504,Lipstick Set,Beauty,622.79,0,46,28648.34,S02,North
2024-10-19,P105,Tablet Z2,Electronics,75724.67,30,30,1590218.07,S01,North
2024-10-19,P105,Tablet Z2,Electronics,2847.67,10,16,41006.45,S03,South
2024-10-19,P104,Smart TV 43,Electronics,12010.1,20,15,144121.2,S08,East
2024-10-19,P106,Bluetooth Speaker,Electronics,8218.86,10,24,177527.38,S04,West
2024-10-19,P102,Laptop Pro,Electronics,59661.94,10,15,805436.19,S10,West
2024-10-19,P301,Basmati Rice 5kg,Grocery,92.97,40,162,9036.68,S03,North
2024-10-19,P502,Hair Serum,Beauty,2015.45,20,31,49983.16,S02,East
2024-10-19,P206,Summer Dress,Fashion,550.68,40,50,16520.4,S03,East
2024-10-19,P401,Stainless Steel Cookware,Home,6003.24,5,38,216716.96,S10,North
2024-10-19,P504,Lipstick Set,Beauty,1754.07,15,51,76038.93,S04,South
2024-10-19,P103,Wireless Earbuds,Electronics,51805.77,0,15,777086.55,S05,South
2024-10-19,P503,Sunscreen SPF50,Beauty,1254.12,40,39,29346.41,S09,South
2024-10-19,P504,Lipstick Set,Beauty,687.64,0,63,43321.32,S01,North
2024-10-19,P405,LED Desk Lamp,Home,9981.78,10,36,323409.67,S01,West
2024-10-19,P505,Body Lotion,Beauty,1446.07,0,43,62181.01,S10,South
2024-10-19,P506,Perfume 100ml,Beauty,1711.49,40,61,62640.53,S04,East
2024-10-19,P202,Women Kurti,Fashion,1848.66,0,42,77643.72,S04,East
2024-10-19,P201,Men Casual Shirt,Fashion,591.92,10,36,19178.21,S08,East
2024-10-19,P103,Wireless Earbuds,Electronics,13472.04,25,21,212184.63,S01,West
2024-10-20,P302,Sunflower Oil 1L,Grocery,494.86,5,140,65816.38,S04,South
2024-10-20,P505,Body Lotion,Beauty,1586.34,0,36,57108.24,S09,West
2024-10-20,P303,Whole Wheat Flour,Grocery,329.87,5,96,30084.14,S10,North
2024-10-20,P303,Whole Wheat Flour,Grocery,235.72,0,57,13436.04,S06,East
2024-10-20,P503,Sunscreen SPF50,Beauty,1433.03,20,36,41271.26,S03,West
2024-10-20,P503,Sunscreen SPF50,Beauty,1375.31,15,40,46760.54,S06,South
2024-10-20,P504,Lipstick Set,Beauty,1545.32,0,34,52540.88,S10,South
2024-10-20,P105,Tablet Z2,Electronics,45021.39,30,20,630299.46,S09,North
2024-10-20,P305,Green Tea Pack,Grocery,148.55,5,102,14394.49,S07,North
2024-10-20,P304,Organic Honey,Grocery,774.93,0,96,74393.28,S09,West
2024-10-20,P501,Face Moisturizer,Beauty,266.74,0,29,7735.46,S08,West
2024-10-20,P302,Sunflower Oil 1L,Grocery,168.02,25,106,13357.59,S03,South
2024-10-20,P502,Hair Serum,Beauty,2025.62,0,33,66845.46,S10,East
2024-10-20,P201,Men Casual Shirt,Fashion,3885.05,25,47,136948.01,S02,North
2024-10-20,P104,Smart TV 43,Electronics,31979.16,5,14,425322.83,S05,South
2024-10-20,P205,Formal Blazer,Fashion,4866.2,0,39,189781.8,S05,West
2024-10-20,P502,Hair Serum,Beauty,2969.27,40,48,85514.98,S09,North
2024-10-20,P201,Men Casual Shirt,Fashion,4183.45,0,46,192438.7,S02,West
2024-10-21,P404,Wooden Bookshelf,Home,7874.35,5,21,157093.28,S10,North
2024-10-21,P402,Cotton Bedsheet,Home,3422.0,0,13,44486.0,S03,South
2024-10-21,P102,Laptop Pro,Electronics,19077.83,5,15,271859.08,S06,South
2024-10-21,P201,Men Casual Shirt,Fashion,1180.43,0,30,35412.9,S10,North
2024-10-21,P402,Cotton Bedsheet,Home,11597.41,0,17,197155.97,S02,East
2024-10-21,P204,Sports Shoes,Fashion,640.28,0,23,14726.44,S08,South
2024-10-21,P403,Wall Clock,Home,11989.6,10,23,248184.72,S03,North
2024-10-21,P501,Face Moisturizer,Beauty,1170.53,5,28,31136.1,S07,South
2024-10-21,P104,Smart TV 43,Electronics,62069.71,30,16,695180.75,S10,West
2024-10-21,P303,Whole Wheat Flour,Grocery,712.44,0,79,56282.76,S10,North
2024-10-21,P104,Smart TV 43,Electronics,69425.43,10,17,1062209.08,S01,North
2024-10-21,P506,Perfume 100ml,Beauty,2818.56,5,31,83006.59,S10,East
2024-10-21,P102,Laptop Pro,Electronics,22877.21,30,19,304266.89,S04,North
2024-10-22,P403,Wall Clock,Home,9312.13,40,14,78221.89,S09,East
2024-10-22,P204,Sports Shoes,Fashion,1222.18,40,32,23465.86,S09,West
2024-10-22,P501,Face Moisturizer,Beauty,1488.21,0,30,44646.3,S01,South
2024-10-22,P402,Cotton Bedsheet,Home,4994.93,5,11,52197.02,S09,South
2024-10-22,P304,Organic Honey,Grocery,566.94,10,91,46432.39,S04,North
2024-10-22,P304,Organic Honey,Grocery,693.61,15,94,55419.44,S08,East
2024-10-22,P404,Wooden Bookshelf,Home,6156.81,20,28,137912.54,S06,East
2024-10-22,P405,LED Desk Lamp,Home,3385.69,10,24,73130.9,S02,West
2024-10-22,P402,Cotton Bedsheet,Home,10374.75,5,19,187264.24,S02,West
2024-10-22,P501,Face Moisturizer,Beauty,833.65,10,30,22508.55,S01,South
2024-10-22,P503,Sunscreen SPF50,Beauty,1211.52,5,25,28773.6,S02,South
2024-10-22,P504,Lipstick Set,Beauty,2892.11,15,38,93415.15,S01,East
2024-10-22,P305,Green Tea Pack,Grocery,720.19,10,106,68706.13,S02,South
2024-10-22,P501,Face Moisturizer,Beauty,2028.54,15,41,70694.62,S05,West
2024-10-22,P105,Tablet Z2,Electronics,56911.46,10,17,870745.34,S01,West
2024-10-22,P504,Lipstick Set,Beauty,278.94,15,43,10195.26,S05,North
2024-10-22,P405,LED Desk Lamp,Home,14842.69,10,26,347318.95,S01,West
2024-10-22,P202,Women Kurti,Fashion,1375.78,25,23,23732.2,S09,South
2024-10-22,P406,Air Purifier,Home,6559.55,25,27,132830.89,S07,West
2024-10-22,P505,Body Lotion,Beauty,2129.66,5,32,64741.66,S05,North
2024-10-23,P504,Lipstick Set,Beauty,2767.86,0,37,102410.82,S01,West
2024-10-23,P205,Formal Blazer,Fashion,2242.06,20,19,34079.31,S09,West
2024-10-23,P403,Wall Clock,Home,9272.81,0,23,213274.63,S05,West
2024-10-23,P301,Basmati Rice 5kg,Grocery,647.37,0,67,43373.79,S10,East
2024-10-23,P401,Stainless Steel Cookware,Home,14609.21,15,17,211103.08,S05,South
2024-10-23,P204,Sports Shoes,Fashion,3254.2,10,32,93720.96,S10,North
2024-10-23,P202,Women Kurti,Fashion,807.05,25,41,24816.79,S07,North
2024-10-23,P304,Organic Honey,Grocery,581.65,20,86,40017.52,S06,East
2024-10-23,P502,Hair Serum,Beauty,205.85,0,29,5969.65,S05,West
2024-10-23,P505,Body Lotion,Beauty,2438.09,20,37,72167.46,S06,West
2024-10-23,P106,Bluetooth Speaker,Electronics,66855.31,0,11,735408.41,S01,East
2024-10-23,P206,Summer Dress,Fashion,3535.22,20,44,124439.74,S05,North
2024-10-23,P206,Summer Dress,Fashion,2272.53,0,27,61358.31,S06,South
2024-10-24,P103,Wireless Earbuds,Electronics,42861.65,0,12,514339.8,S08,North
2024-10-24,P302,Sunflower Oil 1L,Grocery,548.91,20,67,29421.58,S03,East
2024-10-24,P503,Sunscreen SPF50,Beauty,2064.08,10,30,55730.16,S01,South
2024-10-24,P304,Organic Honey,Grocery,190.04,10,77,13169.77,S09,West
2024-10-24,P406,Air Purifier,Home,5180.84,10,21,97917.88,S07,North
2024-10-24,P304,Organic Honey,Grocery,795.91,0,72,57305.52,S08,North
2024-10-24,P201,Men Casual Shirt,Fashion,3320.46,0,31,102934.26,S04,South
2024-10-24,P301,Basmati Rice 5kg,Grocery,124.28,10,67,7494.08,S01,East
2024-10-24,P403,Wall Clock,Home,10482.66,5,23,229046.12,S08,South
2024-10-24,P303,Whole Wheat Flour,Grocery,564.88,0,98,55358.24,S04,North
2024-10-24,P306,Mixed Nuts 500g,Grocery,82.94,40,160,7962.24,S08,West
2024-10-25,P204,Sports Shoes,Fashion,4859.5,40,50,145785.0,S06,East
2024-10-25,P506,Perfume 100ml,Beauty,501.38,10,29,13086.02,S02,South
2024-10-25,P404,Wooden Bookshelf,Home,9415.91,30,26,171369.56,S02,West
2024-10-25,P102,Laptop Pro,Electronics,61506.14,5,12,701170.0,S10,North
2024-10-25,P401,Stainless Steel Cookware,Home,2880.04,25,21,45360.63,S03,East
2024-10-25,P201,Men Casual Shirt,Fashion,1134.59,0,29,32903.11,S01,West
2024-10-25,P106,Bluetooth Speaker,Electronics,64137.35,40,12,461788.92,S09,West
2024-10-25,P301,Basmati Rice 5kg,Grocery,713.94,10,64,41122.94,S05,South
2024-10-25,P106,Bluetooth Speaker,Electronics,42247.52,20,13,439374.21,S03,South
2024-10-25,P102,Laptop Pro,Electronics,14694.16,20,14,164574.59,S06,East
2024-10-25,P102,Laptop Pro,Electronics,60161.96,0,9,541457.64,S07,North
2024-10-25,P201,Men Casual Shirt,Fashion,1839.97,25,21,28979.53,S09,East
2024-10-25,P301,Basmati Rice 5kg,Grocery,142.43,0,44,6266.92,S09,South
2024-10-25,P103,Wireless Earbuds,Electronics,56032.41,15,17,809668.32,S06,West
2024-10-25,P405,LED Desk Lamp,Home,9954.9,10,13,116472.33,S07,West
2024-10-25,P406,Air Purifier,Home,3487.51,20,19,53010.15,S02,East
2024-10-25,P501,Face Moisturizer,Beauty,1389.22,40,42,35008.34,S10,South
2024-10-25,P103,Wireless Earbuds,Electronics,42746.15,10,9,346243.82,S02,East
2024-10-25,P502,Hair Serum,Beauty,1513.78,10,46,62670.49,S01,West
2024-10-25,P103,Wireless Earbuds,Electronics,66588.05,10,13,779080.19,S10,East
2024-10-26,P101,Smartphone X1,Electronics,48061.97,30,19,639224.2,S09,North
2024-10-26,P201,Men Casual Shirt,Fashion,1397.6,5,34,45142.48,S09,South
2024-10-26,P206,Summer Dress,Fashion,2115.16,5,32,64300.86,S01,East
2024-10-26,P301,Basmati Rice 5kg,Grocery,676.15,5,70,44963.97,S09,East
2024-10-26,P202,Women Kurti,Fashion,2144.67,10,52,100370.56,S08,West
2024-10-26,P504,Lipstick Set,Beauty,1974.07,5,55,103145.16,S01,West
2024-10-26,P502,Hair Serum,Beauty,1042.76,20,44,36705.15,S05,East
2024-10-26,P305,Green Tea Pack,Grocery,317.35,5,134,40398.65,S01,West
2024-10-26,P406,Air Purifier,Home,4551.29,10,24,98307.86,S07,South
2024-10-26,P106,Bluetooth Speaker,Electronics,56870.19,20,23,1046411.5,S06,West
2024-10-26,P302,Sunflower Oil 1L,Grocery,317.14,0,66,20931.24,S10,South
2024-10-26,P406,Air Purifier,Home,1518.76,10,25,34172.1,S02,East
2024-10-26,P203,Denim Jeans,Fashion,4399.36,10,31,122742.14,S05,West
2024-10-26,P303,Whole Wheat Flour,Grocery,490.25,0,102,50005.5,S05,North
2024-10-27,P201,Men Casual Shirt,Fashion,1602.77,0,16,25644.32,S09,South
2024-10-27,P201,Men Casual Shirt,Fashion,486.09,5,42,19394.99,S10,West
2024-10-27,P301,Basmati Rice 5kg,Grocery,555.63,25,157,65425.43,S07,North
2024-10-27,P305,Green Tea Pack,Grocery,245.8,5,70,16345.7,S09,East
2024-10-27,P306,Mixed Nuts 500g,Grocery,673.68,10,107,64875.38,S01,East
2024-10-27,P103,Wireless Earbuds,Electronics,6516.66,0,14,91233.24,S07,South
2024-10-27,P101,Smartphone X1,Electronics,6707.35,25,21,105640.76,S10,South
2024-10-27,P101,Smartphone X1,Electronics,37250.92,20,17,506612.51,S02,South
2024-10-27,P302,Sunflower Oil 1L,Grocery,265.16,15,115,25919.39,S03,North
2024-10-27,P504,Lipstick Set,Beauty,1808.87,0,53,95870.11,S04,West
2024-10-27,P302,Sunflower Oil 1L,Grocery,540.94,5,90,46250.37,S05,North
2024-10-28,P205,Formal Blazer,Fashion,1249.6,15,35,37175.6,S08,East
2024-10-28,P404,Wooden Bookshelf,Home,12749.99,30,21,187424.85,S03,East
2024-10-28,P401,Stainless Steel Cookware,Home,3071.13,0,18,55280.34,S02,West
2024-10-28,P503,Sunscreen SPF50,Beauty,1638.02,25,29,35626.93,S03,East
2024-10-28,P304,Organic Honey,Grocery,514.44,30,94,33850.15,S05,East
2024-10-28,P302,Sunflower Oil 1L,Grocery,160.31,15,99,13490.09,S10,North
2024-10-28,P201,Men Casual Shirt,Fashion,3020.42,0,17,51347.14,S09,East
2024-10-28,P105,Tablet Z2,Electronics,54435.18,10,21,1028824.9,S01,West
2024-10-29,P201,Men Casual Shirt,Fashion,742.02,10,30,20034.54,S06,West
2024-10-29,P101,Smartphone X1,Electronics,76489.21,0,16,1223827.36,S04,West
2024-10-29,P503,Sunscreen SPF50,Beauty,2107.84,5,31,62075.89,S07,West
2024-10-29,P302,Sunflower Oil 1L,Grocery,691.53,30,76,36789.4,S01,East
2024-10-29,P304,Organic Honey,Grocery,170.23,0,60,10213.8,S05,North
2024-10-29,P105,Tablet Z2,Electronics,19645.33,10,13,229850.36,S06,East
2024-10-29,P201,Men Casual Shirt,Fashion,4110.53,25,42,129481.69,S07,North
2024-10-29,P201,Men Casual Shirt,Fashion,3524.25,0,19,66960.75,S03,South
2024-10-29,P204,Sports Shoes,Fashion,2660.77,25,47,93792.14,S01,South
2024-10-29,P105,Tablet Z2,Electronics,35103.26,10,15,473894.01,S10,West
2024-10-29,P106,Bluetooth Speaker,Electronics,19257.86,5,11,201244.64,S07,East
2024-10-29,P504,Lipstick Set,Beauty,426.81,10,31,11908.0,S04,South
2024-10-29,P303,Whole Wheat Flour,Grocery,734.37,20,78,45824.69,S10,West
2024-10-30,P206,Summer Dress,Fashion,2573.13,30,47,84655.98,S10,West
2024-10-30,P101,Smartphone X1,Electronics,47837.06,10,8,344426.83,S07,East
2024-10-30,P404,Wooden Bookshelf,Home,13594.8,30,27,256941.72,S03,North
2024-10-30,P102,Laptop Pro,Electronics,26283.43,30,22,404764.82,S06,North
2024-10-30,P401,Stainless Steel Cookware,Home,2267.76,0,19,43087.44,S10,North
2024-10-31,P504,Lipstick Set,Beauty,2249.05,5,23,49141.74,S09,South
2024-10-31,P303,Whole Wheat Flour,Grocery,570.79,15,119,57735.41,S08,West
2024-10-31,P504,Lipstick Set,Beauty,2805.25,15,26,61996.03,S05,South
2024-10-31,P306,Mixed Nuts 500g,Grocery,129.05,10,79,9175.46,S02,North
2024-10-31,P201,Men Casual Shirt,Fashion,2945.55,40,57,100737.81,S04,South
2024-10-31,P205,Formal Blazer,Fashion,3579.53,20,36,103090.46,S05,East
2024-10-31,P206,Summer Dress,Fashion,453.93,30,43,13663.29,S05,South
2024-10-31,P406,Air Purifier,Home,1121.58,10,16,16150.75,S04,West
2024-10-31,P403,Wall Clock,Home,9013.67,5,19,162696.74,S10,East
2024-10-31,P206,Summer Dress,Fashion,2934.53,30,43,88329.35,S06,South
2024-11-01,P406,Air Purifier,Home,12105.04,0,22,266310.88,S05,South
2024-11-01,P104,Smart TV 43,Electronics,22040.12,5,14,293133.6,S05,North
2024-11-01,P204,Sports Shoes,Fashion,2042.47,15,31,53819.08,S03,West
2024-11-01,P302,Sunflower Oil 1L,Grocery,228.66,0,61,13948.26,S08,South
2024-11-01,P202,Women Kurti,Fashion,2827.12,10,34,86509.87,S06,West
2024-11-01,P102,Laptop Pro,Electronics,60048.37,5,20,1140919.03,S06,South
2024-11-01,P504,Lipstick Set,Beauty,2229.51,25,45,75245.96,S08,South
2024-11-01,P104,Smart TV 43,Electronics,34168.69,25,16,410024.28,S05,West
2024-11-01,P402,Cotton Bedsheet,Home,1815.52,20,22,31953.15,S03,North
2024-11-01,P102,Laptop Pro,Electronics,11999.86,40,12,86398.99,S10,East
2024-11-01,P304,Organic Honey,Grocery,63.68,0,59,3757.12,S01,East
2024-11-01,P206,Summer Dress,Fashion,2002.67,0,35,70093.45,S06,West
2024-11-02,P303,Whole Wheat Flour,Grocery,377.71,10,75,25495.42,S02,East
2024-11-02,P502,Hair Serum,Beauty,2299.87,15,52,101654.25,S10,North
2024-11-02,P203,Denim Jeans,Fashion,2399.47,15,38,77502.88,S03,West
2024-11-02,P104,Smart TV 43,Electronics,13130.7,10,17,200899.71,S07,East
2024-11-02,P302,Sunflower Oil 1L,Grocery,724.77,25,123,66860.03,S03,South
2024-11-02,P103,Wireless Earbuds,Electronics,23661.86,30,26,430645.85,S04,South
2024-11-02,P505,Body Lotion,Beauty,1154.99,30,56,45275.61,S03,West
2024-11-02,P203,Denim Jeans,Fashion,2459.56,0,30,73786.8,S10,East
2024-11-02,P104,Smart TV 43,Electronics,8944.33,0,12,107331.96,S09,South
2024-11-02,P503,Sunscreen SPF50,Beauty,840.32,15,65,46427.68,S06,South
2024-11-02,P102,Laptop Pro,Electronics,16371.93,20,22,288145.97,S02,North
2024-11-02,P505,Body Lotion,Beauty,561.74,10,33,16683.68,S03,East
2024-11-03,P506,Perfume 100ml,Beauty,1865.47,30,62,80961.4,S08,West
2024-11-03,P303,Whole Wheat Flour,Grocery,487.16,0,98,47741.68,S02,East
2024-11-03,P206,Summer Dress,Fashion,1840.21,30,50,64407.35,S09,East
2024-11-03,P503,Sunscreen SPF50,Beauty,2373.48,20,64,121522.18,S04,North
2024-11-03,P506,Perfume 100ml,Beauty,458.51,20,45,16506.36,S09,West
2024-11-03,P506,Perfume 100ml,Beauty,1700.6,10,43,65813.22,S02,West
2024-11-03,P104,Smart TV 43,Electronics,49002.17,40,34,999644.27,S06,West
2024-11-03,P101,Smartphone X1,Electronics,40604.48,40,29,706517.95,S05,South
2024-11-03,P506,Perfume 100ml,Beauty,2685.95,0,65,174586.75,S01,North
2024-11-03,P206,Summer Dress,Fashion,1575.16,25,41,48436.17,S03,South
2024-11-03,P502,Hair Serum,Beauty,1789.94,0,46,82337.24,S06,North
2024-11-03,P104,Smart TV 43,Electronics,33795.28,20,20,540724.48,S04,North
2024-11-03,P503,Sunscreen SPF50,Beauty,1682.9,0,40,67316.0,S04,South
2024-11-03,P402,Cotton Bedsheet,Home,11256.95,0,26,292680.7,S03,East
2024-11-03,P203,Denim Jeans,Fashion,4789.63,25,73,262232.24,S06,West
2024-11-03,P301,Basmati Rice 5kg,Grocery,150.17,10,73,9866.17,S03,South
2024-11-03,P506,Perfume 100ml,Beauty,1391.36,25,45,46958.4,S03,North
2024-11-03,P303,Whole Wheat Flour,Grocery,141.73,10,92,11735.24,S03,East
2024-11-04,P502,Hair Serum,Beauty,2983.93,40,43,76985.39,S06,East
2024-11-04,P401,Stainless Steel Cookware,Home,12682.65,25,29,275847.64,S08,North
2024-11-04,P402,Cotton Bedsheet,Home,12947.56,40,41,318509.98,S01,West
2024-11-04,P306,Mixed Nuts 500g,Grocery,84.11,0,55,4626.05,S03,South
2024-11-04,P304,Organic Honey,Grocery,165.52,5,74,11636.06,S06,North
2024-11-04,P201,Men Casual Shirt,Fashion,1899.24,0,28,53178.72,S06,East
2024-11-04,P401,Stainless Steel Cookware,Home,2705.93,30,20,37883.02,S10,East
2024-11-04,P505,Body Lotion,Beauty,2810.65,5,18,48062.12,S09,East
2024-11-04,P101,Smartphone X1,Electronics,57979.31,40,15,521813.79,S07,South
2024-11-04,P505,Body Lotion,Beauty,2787.83,10,45,112907.11,S04,West
2024-11-04,P506,Perfume 100ml,Beauty,1893.65,25,41,58229.74,S08,East
2024-11-04,P104,Smart TV 43,Electronics,69114.64,30,11,532182.73,S02,East
2024-11-04,P201,Men Casual Shirt,Fashion,3597.05,0,39,140284.95,S01,South
2024-11-04,P301,Basmati Rice 5kg,Grocery,326.1,10,55,16141.95,S09,North
2024-11-04,P202,Women Kurti,Fashion,2537.94,5,31,74742.33,S09,South
2024-11-05,P502,Hair Serum,Beauty,2779.54,30,48,93392.54,S06,East
2024-11-05,P301,Basmati Rice 5kg,Grocery,652.93,0,54,35258.22,S03,East
2024-11-05,P406,Air Purifier,Home,2166.97,10,29,56557.92,S06,West
2024-11-05,P204,Sports Shoes,Fashion,327.11,5,33,10254.9,S01,East
2024-11-05,P503,Sunscreen SPF50,Beauty,276.39,15,33,7752.74,S08,North
2024-11-05,P406,Air Purifier,Home,2050.32,25,29,44594.46,S07,North
2024-11-05,P501,Face Moisturizer,Beauty,1700.8,0,31,52724.8,S07,North
2024-11-05,P102,Laptop Pro,Electronics,2415.27,15,14,28741.71,S10,South
2024-11-05,P504,Lipstick Set,Beauty,467.75,15,33,13120.39,S07,South
2024-11-05,P405,LED Desk Lamp,Home,14275.12,0,25,356878.0,S06,West
2024-11-05,P405,LED Desk Lamp,Home,11336.44,40,26,176848.46,S05,West
2024-11-05,P405,LED Desk Lamp,Home,4577.73,40,44,120852.07,S01,West
2024-11-05,P405,LED Desk Lamp,Home,246.31,30,28,4827.68,S07,South
2024-11-05,P104,Smart TV 43,Electronics,67780.98,0,8,542247.84,S03,South
2024-11-05,P204,Sports Shoes,Fashion,3058.06,10,29,79815.37,S03,West
2024-11-06,P201,Men Casual Shirt,Fashion,1875.21,0,35,65632.35,S08,West
2024-11-06,P304,Organic Honey,Grocery,258.54,40,121,18770.0,S10,North
2024-11-06,P501,Face Moisturizer,Beauty,2024.19,10,23,41900.73,S09,North
2024-11-06,P405,LED Desk Lamp,Home,9927.57,5,324,3055706.05,S10,West
2024-11-06,P503,Sunscreen SPF50,Beauty,1186.97,5,36,40594.37,S08,West
2024-11-06,P105,Tablet Z2,Electronics,17336.46,30,22,266981.48,S06,West
2024-11-06,P506,Perfume 100ml,Beauty,289.55,0,31,8976.05,S10,South
2024-11-06,P306,Mixed Nuts 500g,Grocery,150.12,10,74,9997.99,S09,West
2024-11-06,P205,Formal Blazer,Fashion,4311.36,10,30,116406.72,S05,South
2024-11-06,P304,Organic Honey,Grocery,425.16,10,58,22193.35,S09,East
2024-11-06,P503,Sunscreen SPF50,Beauty,1485.85,30,31,32242.94,S09,East
2024-11-06,P404,Wooden Bookshelf,Home,12157.66,5,17,196346.21,S03,South
2024-11-06,P201,Men Casual Shirt,Fashion,4555.83,20,28,102050.59,S03,East
2024-11-06,P505,Body Lotion,Beauty,444.87,5,44,18595.57,S01,West
2024-11-06,P506,Perfume 100ml,Beauty,439.9,10,43,17024.13,S10,North
2024-11-06,P406,Air Purifier,Home,7647.16,15,28,182002.41,S06,East
2024-11-06,P302,Sunflower Oil 1L,Grocery,731.76,40,85,37319.76,S09,North
2024-11-06,P305,Green Tea Pack,Grocery,550.63,0,60,33037.8,S07,East
2024-11-06,P103,Wireless Earbuds,Electronics,78233.61,5,12,891863.15,S02,West
2024-11-07,P303,Whole Wheat Flour,Grocery,397.04,15,64,21598.98,S03,West
2024-11-07,P203,Denim Jeans,Fashion,3263.9,10,30,88125.3,S07,North
2024-11-07,P405,LED Desk Lamp,Home,3052.66,0,23,70211.18,S04,North
2024-11-07,P102,Laptop Pro,Electronics,63618.8,5,16,967005.76,S01,East
2024-11-07,P505,Body Lotion,Beauty,2902.25,40,42,73136.7,S09,South
2024-11-07,P205,Formal Blazer,Fashion,4428.42,0,36,159423.12,S10,West
2024-11-07,P103,Wireless Earbuds,Electronics,43636.39,0,9,392727.51,S09,West
2024-11-07,P106,Bluetooth Speaker,Electronics,68270.31,20,13,710011.22,S05,North
2024-11-07,P201,Men Casual Shirt,Fashion,539.61,15,37,16970.73,S04,West
2024-11-07,P506,Perfume 100ml,Beauty,1139.54,0,23,26209.42,S05,South
2024-11-07,P501,Face Moisturizer,Beauty,2953.91,30,52,107522.32,S06,South
2024-11-07,P501,Face Moisturizer,Beauty,340.97,40,53,10842.85,S08,East
2024-11-07,P402,Cotton Bedsheet,Home,6662.61,0,15,99939.15,S09,West
2024-11-08,P103,Wireless Earbuds,Electronics,35830.25,0,18,644944.5,S01,West
2024-11-08,P103,Wireless Earbuds,Electronics,73993.65,10,10,665942.85,S05,East
2024-11-08,P101,Smartphone X1,Electronics,41870.27,10,13,489882.16,S02,East
2024-11-08,P506,Perfume 100ml,Beauty,1861.38,0,33,61425.54,S10,North
2024-11-08,P306,Mixed Nuts 500g,Grocery,522.49,10,51,23982.29,S09,West
2024-11-08,P303,Whole Wheat Flour,Grocery,696.29,0,85,59184.65,S02,North
2024-11-08,P104,Smart TV 43,Electronics,74254.35,20,22,1306876.56,S01,South
2024-11-08,P504,Lipstick Set,Beauty,443.15,20,37,13117.24,S06,East
2024-11-08,P301,Basmati Rice 5kg,Grocery,59.49,10,41,2195.18,S09,East
2024-11-09,P502,Hair Serum,Beauty,594.26,30,59,24542.94,S04,South
2024-11-09,P506,Perfume 100ml,Beauty,1494.55,0,40,59782.0,S04,South
2024-11-09,P506,Perfume 100ml,Beauty,1624.06,0,40,64962.4,S03,South
2024-11-09,P201,Men Casual Shirt,Fashion,2491.59,25,60,112121.55,S08,North
2024-11-09,P405,LED Desk Lamp,Home,1503.28,5,45,64265.22,S01,West
2024-11-09,P103,Wireless Earbuds,Electronics,33662.13,10,27,817989.76,S01,West
2024-11-09,P101,Smartphone X1,Electronics,40416.25,30,16,452662.0,S07,North
2024-11-09,P305,Green Tea Pack,Grocery,219.67,30,84,12916.6,S03,East
2024-11-09,P105,Tablet Z2,Electronics,77350.71,20,17,1051969.66,S07,East
2024-11-09,P106,Bluetooth Speaker,Electronics,14158.61,5,24,322816.31,S10,North
2024-11-09,P205,Formal Blazer,Fashion,1999.55,0,43,85980.65,S01,South
2024-11-09,P303,Whole Wheat Flour,Grocery,685.22,5,116,75511.24,S08,North
2024-11-09,P203,Denim Jeans,Fashion,4632.88,20,50,185315.2,S02,East
2024-11-10,P303,Whole Wheat Flour,Grocery,213.83,25,138,22131.4,S06,East
2024-11-10,P505,Body Lotion,Beauty,2119.79,20,74,125491.57,S04,West
2024-11-10,P204,Sports Shoes,Fashion,4599.92,20,38,139837.57,S05,East
2024-11-10,P504,Lipstick Set,Beauty,2214.28,15,85,159981.73,S01,North
2024-11-10,P106,Bluetooth Speaker,Electronics,21591.09,5,15,307673.03,S10,South
2024-11-10,P101,Smartphone X1,Electronics,52189.02,15,21,931574.01,S02,East
2024-11-10,P106,Bluetooth Speaker,Electronics,49817.05,10,13,582859.48,S09,East
2024-11-10,P401,Stainless Steel Cookware,Home,11053.72,10,24,238760.35,S03,South
2024-11-10,P202,Women Kurti,Fashion,4848.86,0,26,126070.36,S09,East
2024-11-10,P103,Wireless Earbuds,Electronics,65604.9,5,16,997194.48,S05,West
2024-11-10,P402,Cotton Bedsheet,Home,2747.13,10,25,61810.43,S05,West
2024-11-11,P105,Tablet Z2,Electronics,56923.52,5,15,811160.16,S02,North
2024-11-11,P104,Smart TV 43,Electronics,41578.49,5,14,552993.92,S02,East
2024-11-11,P301,Basmati Rice 5kg,Grocery,646.52,0,48,31032.96,S08,East
2024-11-11,P302,Sunflower Oil 1L,Grocery,472.42,30,130,42990.22,S10,North
2024-11-11,P206,Summer Dress,Fashion,2253.7,0,26,58596.2,S03,North
2024-11-11,P503,Sunscreen SPF50,Beauty,1369.2,0,26,35599.2,S05,North
2024-11-11,P404,Wooden Bookshelf,Home,11677.1,10,20,210187.8,S02,South
2024-11-11,P103,Wireless Earbuds,Electronics,53929.57,10,13,630975.97,S08,South
2024-11-11,P304,Organic Honey,Grocery,729.96,0,51,37227.96,S07,South
2024-11-11,P404,Wooden Bookshelf,Home,8807.08,15,24,179664.43,S06,East
2024-11-12,P106,Bluetooth Speaker,Electronics,39377.52,5,13,486312.37,S04,East
2024-11-12,P403,Wall Clock,Home,14755.64,25,19,210267.87,S01,East
2024-11-12,P501,Face Moisturizer,Beauty,2634.88,0,30,79046.4,S05,South
2024-11-12,P405,LED Desk Lamp,Home,11509.6,30,28,225588.16,S10,North
2024-11-12,P501,Face Moisturizer,Beauty,1614.77,0,232,374626.64,S02,South
2024-11-12,P404,Wooden Bookshelf,Home,14123.28,5,21,281759.44,S05,West
2024-11-12,P501,Face Moisturizer,Beauty,1677.68,0,32,53685.76,S02,North
2024-11-12,P202,Women Kurti,Fashion,659.82,30,27,12470.6,S03,East
2024-11-12,P401,Stainless Steel Cookware,Home,8339.49,20,21,140103.43,S03,South
2024-11-12,P401,Stainless Steel Cookware,Home,8071.51,25,25,151340.81,S07,South
2024-11-12,P506,Perfume 100ml,Beauty,1898.86,15,42,67789.3,S01,East
2024-11-12,P205,Formal Blazer,Fashion,2738.17,30,26,49834.69,S09,West
2024-11-13,P202,Women Kurti,Fashion,493.41,10,42,18650.9,S04,North
2024-11-13,P306,Mixed Nuts 500g,Grocery,474.36,40,128,36430.85,S08,South
2024-11-13,P102,Laptop Pro,Electronics,6947.98,0,10,69479.8,S09,North
2024-11-13,P201,Men Casual Shirt,Fashion,2347.83,15,26,51887.04,S03,West
2024-11-13,P101,Smartphone X1,Electronics,24451.96,30,23,393676.56,S01,West
2024-11-13,P205,Formal Blazer,Fashion,3538.99,40,45,95552.73,S08,East
2024-11-13,P105,Tablet Z2,Electronics,19267.88,40,30,346821.84,S08,West
2024-11-13,P404,Wooden Bookshelf,Home,4854.47,10,27,117963.62,S06,North
2024-11-13,P406,Air Purifier,Home,6035.56,10,23,124936.09,S01,East
2024-11-13,P506,Perfume 100ml,Beauty,1607.03,5,26,39693.64,S03,West
2024-11-13,P406,Air Purifier,Home,11734.39,15,21,209458.86,S05,East
2024-11-13,P305,Green Tea Pack,Grocery,417.55,10,65,24426.67,S06,East
2024-11-13,P504,Lipstick Set,Beauty,119.18,20,38,3623.07,S08,North
2024-11-13,P401,Stainless Steel Cookware,Home,1243.56,25,32,29845.44,S10,West
2024-11-13,P304,Organic Honey,Grocery,471.22,0,52,24503.44,S09,West
2024-11-14,P206,Summer Dress,Fashion,4578.22,40,40,109877.28,S08,North
2024-11-14,P506,Perfume 100ml,Beauty,1281.63,5,23,28003.62,S09,South
2024-11-14,P103,Wireless Earbuds,Electronics,15879.27,5,15,226279.6,S06,West
2024-11-14,P101,Smartphone X1,Electronics,31899.81,25,18,430647.44,S04,East
2024-11-14,P405,LED Desk Lamp,Home,2896.63,0,273,790779.99,S01,West
2024-11-14,P201,Men Casual Shirt,Fashion,4456.74,0,29,129245.46,S10,North
2024-11-14,P106,Bluetooth Speaker,Electronics,59585.79,25,15,670340.14,S08,South
2024-11-14,P503,Sunscreen SPF50,Beauty,1818.41,40,43,46914.98,S05,East
2024-11-14,P405,LED Desk Lamp,Home,13183.51,5,25,313108.36,S08,West
2024-11-14,P203,Denim Jeans,Fashion,3219.1,40,44,84984.24,S01,East
2024-11-14,P303,Whole Wheat Flour,Grocery,476.26,25,93,33219.14,S08,East
2024-11-14,P401,Stainless Steel Cookware,Home,1579.46,30,30,33168.66,S02,West
2024-11-14,P302,Sunflower Oil 1L,Grocery,423.22,15,81,29138.7,S07,South
2024-11-14,P103,Wireless Earbuds,Electronics,44271.6,30,11,340891.32,S09,East
2024-11-15,P103,Wireless Earbuds,Electronics,5007.09,10,12,54076.57,S05,West
2024-11-15,P505,Body Lotion,Beauty,2608.38,5,34,84250.67,S08,West
2024-11-15,P304,Organic Honey,Grocery,203.66,30,91,12973.14,S10,East
2024-11-15,P205,Formal Blazer,Fashion,3737.38,5,42,149121.46,S06,North
2024-11-15,P503,Sunscreen SPF50,Beauty,2388.1,10,31,66627.99,S02,East
2024-11-15,P504,Lipstick Set,Beauty,2568.3,0,35,89890.5,S08,West
2024-11-15,P504,Lipstick Set,Beauty,1184.2,40,41,29131.32,S07,North
2024-11-15,P101,Smartphone X1,Electronics,3070.6,30,10,21494.2,S03,South
2024-11-15,P206,Summer Dress,Fashion,3643.62,0,24,87446.88,S06,East
2024-11-15,P204,Sports Shoes,Fashion,3874.47,0,27,104610.69,S01,South
2024-11-15,P502,Hair Serum,Beauty,893.8,40,53,28422.84,S01,West
2024-11-15,P404,Wooden Bookshelf,Home,5936.09,10,27,144246.99,S04,North
2024-11-15,P401,Stainless Steel Cookware,Home,2987.65,10,27,72599.9,S01,South
2024-11-16,P306,Mixed Nuts 500g,Grocery,198.12,15,89,14987.78,S03,East
2024-11-16,P404,Wooden Bookshelf,Home,14662.87,5,16,222875.62,S03,East
2024-11-16,P206,Summer Dress,Fashion,790.96,10,43,30610.15,S08,South
2024-11-16,P302,Sunflower Oil 1L,Grocery,204.8,5,96,18677.76,S05,East
2024-11-16,P504,Lipstick Set,Beauty,461.01,10,40,16596.36,S04,East
2024-11-16,P505,Body Lotion,Beauty,2590.1,30,63,114223.41,S01,North
2024-11-16,P304,Organic Honey,Grocery,65.53,10,81,4777.14,S05,South
2024-11-16,P302,Sunflower Oil 1L,Grocery,148.16,30,115,11926.88,S05,West
2024-11-16,P403,Wall Clock,Home,6985.67,0,25,174641.75,S09,West
2024-11-17,P401,Stainless Steel Cookware,Home,4815.68,30,34,114613.18,S07,North
2024-11-17,P401,Stainless Steel Cookware,Home,7484.96,30,29,151944.69,S09,East
2024-11-17,P501,Face Moisturizer,Beauty,2992.84,0,42,125699.28,S10,West
2024-11-17,P406,Air Purifier,Home,13016.11,40,45,351434.97,S05,North
2024-11-17,P401,Stainless Steel Cookware,Home,9966.46,0,34,338859.64,S08,East
2024-11-17,P102,Laptop Pro,Electronics,56106.55,5,19,1012723.23,S06,West
2024-11-17,P302,Sunflower Oil 1L,Grocery,188.8,15,84,13480.32,S03,East
2024-11-17,P106,Bluetooth Speaker,Electronics,2122.06,5,14,28223.4,S09,North
2024-11-17,P401,Stainless Steel Cookware,Home,8555.54,20,0,0.0,S03,East
2024-11-17,P105,Tablet Z2,Electronics,9544.74,10,16,137444.26,S04,West
2024-11-17,P501,Face Moisturizer,Beauty,510.81,0,42,21454.02,S08,West
2024-11-18,P302,Sunflower Oil 1L,Grocery,657.77,30,75,34532.92,S04,West
2024-11-18,P306,Mixed Nuts 500g,Grocery,283.14,10,55,14015.43,S03,West
2024-11-18,P502,Hair Serum,Beauty,1588.81,20,45,57197.16,S06,South
2024-11-18,P504,Lipstick Set,Beauty,1795.2,10,29,46854.72,S02,East
2024-11-18,P103,Wireless Earbuds,Electronics,48123.1,5,12,548603.34,S09,West
2024-11-18,P506,Perfume 100ml,Beauty,788.59,0,35,27600.65,S06,West
2024-11-18,P404,Wooden Bookshelf,Home,2973.7,0,17,50552.9,S04,South
2024-11-18,P301,Basmati Rice 5kg,Grocery,301.5,20,83,20019.6,S10,South
2024-11-18,P402,Cotton Bedsheet,Home,11090.29,30,26,201843.28,S03,East
2024-11-18,P502,Hair Serum,Beauty,1643.54,0,32,52593.28,S10,West
2024-11-18,P501,Face Moisturizer,Beauty,853.56,5,52,42165.86,S01,North
2024-11-18,P402,Cotton Bedsheet,Home,3466.87,40,28,58243.42,S06,East
2024-11-18,P106,Bluetooth Speaker,Electronics,3794.58,0,13,49329.54,S06,North
2024-11-18,P502,Hair Serum,Beauty,2621.47,10,35,82576.3,S08,South
2024-11-18,P503,Sunscreen SPF50,Beauty,1055.06,10,41,38931.71,S01,West
2024-11-18,P204,Sports Shoes,Fashion,4194.56,10,31,117028.22,S07,North
2024-11-18,P506,Perfume 100ml,Beauty,2648.08,10,40,95330.88,S04,East
2024-11-18,P501,Face Moisturizer,Beauty,1964.66,5,34,63458.52,S02,South
2024-11-18,P401,Stainless Steel Cookware,Home,4910.55,25,28,103121.55,S08,West
2024-11-19,P101,Smartphone X1,Electronics,62810.9,40,18,678357.72,S10,South
2024-11-19,P301,Basmati Rice 5kg,Grocery,452.22,0,99,44769.78,S08,South
2024-11-19,P106,Bluetooth Speaker,Electronics,35803.45,40,25,537051.75,S06,North
2024-11-19,P403,Wall Clock,Home,14665.93,5,21,292585.3,S07,West
2024-11-19,P104,Smart TV 43,Electronics,70313.65,40,15,632822.85,S03,West
2024-11-19,P104,Smart TV 43,Electronics,19039.16,5,12,217046.42,S09,South
2024-11-19,P503,Sunscreen SPF50,Beauty,1615.24,30,62,70101.42,S01,West
2024-11-19,P202,Women Kurti,Fashion,2986.08,0,22,65693.76,S09,East
2024-11-19,P301,Basmati Rice 5kg,Grocery,61.16,20,72,3522.82,S02,West
2024-11-19,P205,Formal Blazer,Fashion,431.89,0,23,9933.47,S03,East
2024-11-19,P504,Lipstick Set,Beauty,1656.5,0,44,72886.0,S06,North
2024-11-19,P506,Perfume 100ml,Beauty,776.21,0,31,24062.51,S06,South
2024-11-19,P405,LED Desk Lamp,Home,2194.31,30,38,58368.65,S06,North
2024-11-19,P506,Perfume 100ml,Beauty,442.15,40,54,14325.66,S06,North
2024-11-19,P505,Body Lotion,Beauty,2845.6,20,49,111547.52,S08,North
2024-11-19,P403,Wall Clock,Home,5800.57,20,23,106730.49,S07,North
2024-11-19,P206,Summer Dress,Fashion,3332.16,10,29,86969.38,S04,West
2024-11-19,P403,Wall Clock,Home,5058.18,5,22,105715.96,S06,North
2024-11-19,P403,Wall Clock,Home,12738.15,10,17,194893.7,S09,North
2024-11-20,P405,LED Desk Lamp,Home,392.68,10,28,9895.54,S06,North
2024-11-20,P104,Smart TV 43,Electronics,61256.62,5,13,756519.26,S04,South
2024-11-20,P203,Denim Jeans,Fashion,2577.18,0,33,85046.94,S08,South
2024-11-20,P401,Stainless Steel Cookware,Home,3020.05,5,19,54511.9,S04,South
2024-11-20,P201,Men Casual Shirt,Fashion,372.99,0,33,12308.67,S07,North
2024-11-20,P301,Basmati Rice 5kg,Grocery,263.34,15,79,17683.28,S06,South
2024-11-20,P505,Body Lotion,Beauty,645.67,25,59,28570.9,S01,North
2024-11-20,P503,Sunscreen SPF50,Beauty,2286.0,20,36,65836.8,S05,East
2024-11-20,P303,Whole Wheat Flour,Grocery,381.23,10,54,18527.78,S07,East
2024-11-20,P205,Formal Blazer,Fashion,2227.52,5,24,50787.46,S04,East
2024-11-20,P101,Smartphone X1,Electronics,33410.31,0,12,400923.72,S02,West
2024-11-20,P202,Women Kurti,Fashion,4593.97,15,30,117146.24,S07,South
2024-11-21,P503,Sunscreen SPF50,Beauty,411.81,25,58,17913.74,S06,North
2024-11-21,P204,Sports Shoes,Fashion,3734.85,0,27,100840.95,S07,East
2024-11-21,P105,Tablet Z2,Electronics,75793.35,0,17,1288486.95,S06,North
2024-11-21,P406,Air Purifier,Home,14322.42,0,15,214836.3,S06,South
2024-11-21,P504,Lipstick Set,Beauty,2293.93,30,41,65835.79,S10,North
2024-11-21,P404,Wooden Bookshelf,Home,2815.49,40,45,76018.23,S06,West
2024-11-21,P502,Hair Serum,Beauty,1164.45,0,34,39591.3,S03,North
2024-11-21,P106,Bluetooth Speaker,Electronics,78707.11,15,18,1204218.78,S06,South
2024-11-21,P306,Mixed Nuts 500g,Grocery,290.97,40,93,16236.13,S04,West
2024-11-21,P301,Basmati Rice 5kg,Grocery,543.78,20,72,31321.73,S03,North
2024-11-21,P204,Sports Shoes,Fashion,976.67,40,52,30472.1,S08,North
2024-11-22,P304,Organic Honey,Grocery,311.6,30,107,23338.84,S04,North
2024-11-22,P305,Green Tea Pack,Grocery,185.71,30,128,16639.62,S06,South
2024-11-22,P301,Basmati Rice 5kg,Grocery,532.25,15,53,23977.86,S07,East
2024-11-22,P206,Summer Dress,Fashion,4438.51,30,35,108743.49,S08,East
2024-11-22,P303,Whole Wheat Flour,Grocery,103.4,25,96,7444.8,S07,East
2024-11-22,P102,Laptop Pro,Electronics,58877.84,40,17,600553.97,S06,West
2024-11-22,P206,Summer Dress,Fashion,2823.41,30,45,88937.41,S08,North
2024-11-22,P103,Wireless Earbuds,Electronics,76084.66,0,13,989100.58,S04,South
2024-11-22,P202,Women Kurti,Fashion,1602.04,5,32,48702.02,S05,South
2024-11-22,P302,Sunflower Oil 1L,Grocery,200.76,10,61,11021.72,S07,West
2024-11-22,P104,Smart TV 43,Electronics,52602.37,10,16,757474.13,S06,West
2024-11-22,P102,Laptop Pro,Electronics,16461.55,10,19,281492.51,S06,North
2024-11-22,P205,Formal Blazer,Fashion,3396.6,5,40,129070.8,S08,South
2024-11-22,P402,Cotton Bedsheet,Home,14558.11,10,18,235841.38,S02,East
2024-11-22,P504,Lipstick Set,Beauty,2635.75,25,40,79072.5,S09,North
2024-11-22,P304,Organic Honey,Grocery,511.79,25,73,28020.5,S03,West
2024-11-23,P203,Denim Jeans,Fashion,352.67,0,39,13754.13,S06,South
2024-11-23,P302,Sunflower Oil 1L,Grocery,294.51,10,78,20674.6,S03,South
2024-11-23,P402,Cotton Bedsheet,Home,9303.28,25,29,202346.34,S10,East
2024-11-23,P301,Basmati Rice 5kg,Grocery,693.6,5,121,79729.32,S04,South
2024-11-23,P303,Whole Wheat Flour,Grocery,563.34,20,176,79318.27,S01,West
2024-11-23,P205,Formal Blazer,Fashion,3952.93,15,49,164639.53,S06,East
2024-11-23,P306,Mixed Nuts 500g,Grocery,356.18,15,126,38146.88,S03,South
2024-11-23,P305,Green Tea Pack,Grocery,472.86,0,108,51068.88,S06,East
2024-11-23,P405,LED Desk Lamp,Home,11902.09,0,29,345160.61,S06,North
2024-11-23,P401,Stainless Steel Cookware,Home,5283.87,0,19,100393.53,S09,East
2024-11-23,P402,Cotton Bedsheet,Home,268.11,25,37,7440.05,S03,West
2024-11-23,P304,Organic Honey,Grocery,493.98,5,90,42235.29,S02,South
2024-11-23,P501,Face Moisturizer,Beauty,1571.99,0,39,61307.61,S08,South
2024-11-23,P205,Formal Blazer,Fashion,3926.46,0,51,200249.46,S06,North
2024-11-23,P301,Basmati Rice 5kg,Grocery,182.72,5,63,10935.79,S09,East
2024-11-23,P201,Men Casual Shirt,Fashion,1046.57,0,27,28257.39,S04,West
2024-11-24,P403,Wall Clock,Home,356.11,5,29,9810.83,S07,North
2024-11-24,P303,Whole Wheat Flour,Grocery,682.63,5,84,54473.87,S05,West
2024-11-24,P302,Sunflower Oil 1L,Grocery,464.81,20,151,56149.05,S04,North
2024-11-24,P103,Wireless Earbuds,Electronics,51702.12,20,27,1116765.79,S04,North
2024-11-24,P503,Sunscreen SPF50,Beauty,817.09,0,65,53110.85,S06,North
2024-11-24,P204,Sports Shoes,Fashion,3267.1,30,55,125783.35,S07,North
2024-11-24,P305,Green Tea Pack,Grocery,384.58,5,77,28132.03,S07,South
2024-11-24,P505,Body Lotion,Beauty,2343.62,20,40,74995.84,S03,East
2024-11-24,P306,Mixed Nuts 500g,Grocery,646.99,40,156,60558.26,S05,North
2024-11-24,P203,Denim Jeans,Fashion,2727.57,0,35,95464.95,S07,East
2024-11-24,P201,Men Casual Shirt,Fashion,3531.31,15,37,111059.7,S07,West
2024-11-24,P306,Mixed Nuts 500g,Grocery,102.99,30,173,12472.09,S10,North
2024-11-24,P103,Wireless Earbuds,Electronics,55142.36,30,29,1119389.91,S01,East
2024-11-24,P405,LED Desk Lamp,Home,5930.64,20,34,161313.41,S10,North
2024-11-24,P102,Laptop Pro,Electronics,70357.08,10,160,10131419.52,S02,East
2024-11-24,P203,Denim Jeans,Fashion,3046.43,10,52,142572.92,S06,East
2024-11-24,P405,LED Desk Lamp,Home,1241.41,10,31,34635.34,S08,West
2024-11-25,P301,Basmati Rice 5kg,Grocery,613.29,30,100,42930.3,S09,North
2024-11-25,P104,Smart TV 43,Electronics,30341.96,5,13,374723.21,S08,East
2024-11-25,P506,Perfume 100ml,Beauty,262.85,0,23,6045.55,S05,South
2024-11-25,P305,Green Tea Pack,Grocery,479.45,25,98,35239.57,S08,West
2024-11-25,P102,Laptop Pro,Electronics,13913.46,25,12,125221.14,S07,East
2024-11-25,P506,Perfume 100ml,Beauty,1935.69,30,46,62329.22,S07,South
2024-11-25,P202,Women Kurti,Fashion,2444.44,25,37,67833.21,S02,West
2024-11-25,P503,Sunscreen SPF50,Beauty,2419.72,40,42,60976.94,S08,East
2024-11-25,P201,Men Casual Shirt,Fashion,2283.69,5,40,86780.22,S04,North
2024-11-26,P306,Mixed Nuts 500g,Grocery,687.5,5,68,44412.5,S05,West
2024-11-26,P406,Air Purifier,Home,9733.18,0,19,184930.42,S02,East
2024-11-26,P304,Organic Honey,Grocery,319.06,5,65,19701.96,S08,West
2024-11-26,P204,Sports Shoes,Fashion,2203.47,10,36,71392.43,S04,South
2024-11-26,P506,Perfume 100ml,Beauty,1055.71,15,41,36791.49,S05,West
2024-11-26,P201,Men Casual Shirt,Fashion,1093.28,5,38,39467.41,S04,South
2024-11-26,P505,Body Lotion,Beauty,2647.64,30,40,74133.92,S07,East
2024-11-26,P102,Laptop Pro,Electronics,79413.93,30,15,833846.26,S07,North
2024-11-26,P501,Face Moisturizer,Beauty,224.85,30,35,5508.82,S09,South
2024-11-26,P406,Air Purifier,Home,13817.28,0,21,290162.88,S10,North
2024-11-26,P101,Smartphone X1,Electronics,36782.86,0,10,367828.6,S02,West
2024-11-27,P101,Smartphone X1,Electronics,76178.99,10,10,685610.91,S05,West
2024-11-27,P106,Bluetooth Speaker,Electronics,25613.47,5,17,413657.54,S06,East
2024-11-27,P206,Summer Dress,Fashion,4263.22,40,45,115106.94,S10,South
2024-11-27,P405,LED Desk Lamp,Home,1583.65,40,22,20904.18,S06,South
2024-11-27,P302,Sunflower Oil 1L,Grocery,193.85,20,78,12096.24,S02,West
2024-11-27,P405,LED Desk Lamp,Home,10698.42,10,12,115542.94,S05,East
2024-11-27,P402,Cotton Bedsheet,Home,2358.89,30,27,44583.02,S10,East
2024-11-27,P405,LED Desk Lamp,Home,5847.97,15,27,134210.91,S02,West
2024-11-27,P501,Face Moisturizer,Beauty,276.5,0,30,8295.0,S08,North
2024-11-27,P505,Body Lotion,Beauty,544.13,5,30,15507.7,S09,North
2024-11-27,P503,Sunscreen SPF50,Beauty,2514.48,5,28,66885.17,S07,North
2024-11-27,P501,Face Moisturizer,Beauty,1242.32,10,31,34660.73,S03,North
2024-11-27,P403,Wall Clock,Home,873.17,40,27,14145.35,S04,East
2024-11-27,P201,Men Casual Shirt,Fashion,4511.1,15,49,187887.32,S06,West
2024-11-27,P401,Stainless Steel Cookware,Home,6856.02,10,19,117237.94,S03,East
2024-11-27,P301,Basmati Rice 5kg,Grocery,393.94,25,98,28954.59,S04,South
2024-11-27,P502,Hair Serum,Beauty,536.98,10,32,15465.02,S07,South
2024-11-27,P503,Sunscreen SPF50,Beauty,1916.82,10,33,56929.55,S02,West
2024-11-27,P401,Stainless Steel Cookware,Home,362.09,40,29,6300.37,S02,South
2024-11-28,P106,Bluetooth Speaker,Electronics,19127.22,0,17,325162.74,S04,North
2024-11-28,P501,Face Moisturizer,Beauty,1805.18,5,36,61737.16,S03,West
2024-11-28,P504,Lipstick Set,Beauty,1288.31,5,28,34269.05,S09,East
2024-11-28,P401,Stainless Steel Cookware,Home,6550.26,20,35,183407.28,S04,West
2024-11-28,P303,Whole Wheat Flour,Grocery,531.07,25,74,29474.39,S09,South
2024-11-28,P105,Tablet Z2,Electronics,70440.87,30,22,1084789.4,S05,North
2024-11-28,P501,Face Moisturizer,Beauty,1994.12,0,18,35894.16,S09,North
2024-11-28,P102,Laptop Pro,Electronics,48335.4,0,12,580024.8,S06,West
2024-11-28,P101,Smartphone X1,Electronics,54992.48,30,19,731399.98,S08,South
2024-11-28,P503,Sunscreen SPF50,Beauty,1528.69,5,30,43567.67,S10,South
2024-11-28,P101,Smartphone X1,Electronics,15879.98,40,23,219143.72,S06,South
2024-11-28,P304,Organic Honey,Grocery,145.23,0,85,12344.55,S01,East
2024-11-28,P303,Whole Wheat Flour,Grocery,289.22,20,82,18972.83,S08,North
2024-11-28,P303,Whole Wheat Flour,Grocery,675.15,15,81,46484.08,S10,North
2024-11-28,P102,Laptop Pro,Electronics,32897.56,10,19,562548.28,S06,North
2024-11-28,P503,Sunscreen SPF50,Beauty,2165.13,10,38,74047.45,S01,North
2024-11-28,P102,Laptop Pro,Electronics,51298.72,10,17,784870.42,S02,North
2024-11-28,P302,Sunflower Oil 1L,Grocery,612.01,15,108,56182.52,S04,West
2024-11-28,P504,Lipstick Set,Beauty,571.61,10,25,12861.23,S03,East
2024-11-28,P506,Perfume 100ml,Beauty,945.75,20,45,34047.0,S04,West
2024-11-28,P205,Formal Blazer,Fashion,3914.04,40,44,103330.66,S07,West
2024-11-29,P306,Mixed Nuts 500g,Grocery,254.76,30,103,18368.2,S05,West
2024-11-29,P203,Denim Jeans,Fashion,4450.2,30,40,124605.6,S01,East
2024-11-29,P505,Body Lotion,Beauty,755.98,0,39,29483.22,S05,South
2024-11-29,P504,Lipstick Set,Beauty,1898.49,0,37,70244.13,S01,West
2024-11-29,P506,Perfume 100ml,Beauty,2241.77,5,24,51112.36,S03,West
2024-11-29,P401,Stainless Steel Cookware,Home,7909.56,30,27,149490.68,S07,North
2024-11-29,P304,Organic Honey,Grocery,635.72,30,96,42720.38,S03,South
2024-11-29,P304,Organic Honey,Grocery,109.43,40,122,8010.28,S09,North
2024-11-29,P105,Tablet Z2,Electronics,32195.73,10,16,463618.51,S08,North
2024-11-30,P202,Women Kurti,Fashion,758.82,10,40,27317.52,S05,East
2024-11-30,P403,Wall Clock,Home,6987.29,10,29,182368.27,S04,South
2024-11-30,P504,Lipstick Set,Beauty,604.8,40,74,26853.12,S06,West
2024-11-30,P402,Cotton Bedsheet,Home,4932.29,40,38,112456.21,S03,East
2024-11-30,P305,Green Tea Pack,Grocery,345.1,5,89,29178.21,S04,West
2024-11-30,P302,Sunflower Oil 1L,Grocery,309.91,40,191,35515.69,S04,South
2024-11-30,P101,Smartphone X1,Electronics,76582.33,10,13,896013.26,S09,East
2024-11-30,P304,Organic Honey,Grocery,521.06,30,88,32097.3,S09,East
2024-11-30,P402,Cotton Bedsheet,Home,14378.63,25,35,377439.04,S04,North
2024-11-30,P106,Bluetooth Speaker,Electronics,43603.26,10,19,745615.75,S09,South
2024-12-01,P405,LED Desk Lamp,Home,3942.82,25,32,94627.68,S05,West
2024-12-01,P406,Air Purifier,Home,2709.47,0,28,75865.16,S02,West
2024-12-01,P401,Stainless Steel Cookware,Home,8869.45,0,21,186258.45,S09,East
2024-12-01,P205,Formal Blazer,Fashion,2097.51,5,30,59779.04,S03,West
2024-12-01,P501,Face Moisturizer,Beauty,1106.89,10,45,44829.05,S10,North
2024-12-01,P202,Women Kurti,Fashion,1361.68,15,45,52084.26,S01,East
2024-12-01,P206,Summer Dress,Fashion,4641.89,10,41,171285.74,S08,North
2024-12-01,P103,Wireless Earbuds,Electronics,74379.47,5,15,1059907.45,S06,East
2024-12-01,P205,Formal Blazer,Fashion,1048.35,25,49,38526.86,S03,West
2024-12-01,P106,Bluetooth Speaker,Electronics,60506.52,10,12,653470.42,S09,West
2024-12-01,P305,Green Tea Pack,Grocery,184.52,10,107,17769.28,S10,North
2024-12-01,P201,Men Casual Shirt,Fashion,2944.74,10,42,111311.17,S07,North
2024-12-01,P106,Bluetooth Speaker,Electronics,34425.42,30,17,409662.5,S03,North
2024-12-01,P204,Sports Shoes,Fashion,3874.88,40,50,116246.4,S08,East
2024-12-01,P102,Laptop Pro,Electronics,21476.4,0,17,365098.8,S05,North
2024-12-01,P501,Face Moisturizer,Beauty,1218.08,0,24,29233.92,S09,South
2024-12-02,P401,Stainless Steel Cookware,Home,9769.11,0,22,214920.42,S04,West
2024-12-02,P205,Formal Blazer,Fashion,4860.64,10,26,113738.98,S05,South
2024-12-02,P306,Mixed Nuts 500g,Grocery,252.6,0,49,12377.4,S10,East
2024-12-02,P305,Green Tea Pack,Grocery,712.38,40,126,53855.93,S08,South
2024-12-02,P506,Perfume 100ml,Beauty,140.31,5,37,4931.9,S02,West
2024-12-02,P204,Sports Shoes,Fashion,2318.81,5,29,63883.22,S05,West
2024-12-02,P405,LED Desk Lamp,Home,368.84,10,28,9294.77,S06,West
2024-12-02,P303,Whole Wheat Flour,Grocery,395.62,40,112,26585.66,S08,West
2024-12-02,P202,Women Kurti,Fashion,568.65,0,31,17628.15,S06,West
2024-12-02,P302,Sunflower Oil 1L,Grocery,478.06,30,162,54212.0,S06,North
2024-12-02,P201,Men Casual Shirt,Fashion,2041.2,0,28,57153.6,S01,East
2024-12-02,P404,Wooden Bookshelf,Home,2724.14,15,20,46310.38,S02,East
2024-12-02,P202,Women Kurti,Fashion,4203.8,10,22,83235.24,S09,South
2024-12-02,P304,Organic Honey,Grocery,794.87,5,97,73247.27,S04,North
2024-12-02,P404,Wooden Bookshelf,Home,3719.37,10,19,63601.23,S02,South
2024-12-02,P205,Formal Blazer,Fashion,3987.75,5,31,117439.24,S01,West
2024-12-02,P306,Mixed Nuts 500g,Grocery,700.23,0,48,33611.04,S02,East
2024-12-02,P501,Face Moisturizer,Beauty,152.87,5,18,2614.08,S07,East
2024-12-02,P501,Face Moisturizer,Beauty,762.91,25,45,25748.21,S01,West
2024-12-02,P402,Cotton Bedsheet,Home,4656.74,15,18,71248.12,S03,East
2024-12-03,P205,Formal Blazer,Fashion,2858.88,25,38,81478.08,S02,West
2024-12-03,P303,Whole Wheat Flour,Grocery,674.03,5,76,48664.97,S07,North
2024-12-03,P105,Tablet Z2,Electronics,4879.67,0,9,43917.03,S03,South
2024-12-03,P204,Sports Shoes,Fashion,1666.3,10,18,26994.06,S09,North
2024-12-03,P303,Whole Wheat Flour,Grocery,556.25,0,67,37268.75,S07,East
2024-12-03,P305,Green Tea Pack,Grocery,52.85,40,91,2885.61,S09,North
2024-12-03,P401,Stainless Steel Cookware,Home,551.19,10,22,10913.56,S08,East
2024-12-03,P202,Women Kurti,Fashion,4712.67,0,330,1555181.1,S09,North
2024-12-03,P401,Stainless Steel Cookware,Home,12835.72,5,16,195102.94,S09,North
2024-12-03,P201,Men Casual Shirt,Fashion,478.07,0,22,10517.54,S08,East
2024-12-03,P406,Air Purifier,Home,5025.98,0,11,55285.78,S09,East
2024-12-03,P305,Green Tea Pack,Grocery,84.19,25,93,5872.25,S02,East
2024-12-03,P206,Summer Dress,Fashion,3780.97,0,29,109648.13,S04,North
2024-12-04,P502,Hair Serum,Beauty,2590.28,20,33,68383.39,S02,South
2024-12-04,P502,Hair Serum,Beauty,429.32,5,27,11012.06,S07,South
2024-12-04,P501,Face Moisturizer,Beauty,527.8,5,34,17047.94,S10,West
2024-12-04,P103,Wireless Earbuds,Electronics,12458.76,25,17,158849.19,S02,West
2024-12-04,P203,Denim Jeans,Fashion,4759.71,10,28,119944.69,S07,North
2024-12-04,P401,Stainless Steel Cookware,Home,5320.08,0,15,79801.2,S03,East
2024-12-04,P402,Cotton Bedsheet,Home,554.88,5,18,9488.45,S10,East
2024-12-04,P305,Green Tea Pack,Grocery,729.0,0,61,44469.0,S08,East
2024-12-04,P303,Whole Wheat Flour,Grocery,279.54,15,76,18058.28,S09,West
2024-12-04,P506,Perfume 100ml,Beauty,1723.55,5,28,45846.43,S09,East
2024-12-04,P402,Cotton Bedsheet,Home,7211.2,0,16,115379.2,S02,South
2024-12-04,P502,Hair Serum,Beauty,308.94,5,20,5869.86,S02,South
2024-12-05,P102,Laptop Pro,Electronics,29032.59,0,8,232260.72,S09,East
2024-12-05,P106,Bluetooth Speaker,Electronics,38299.38,10,15,517041.63,S06,South
2024-12-05,P403,Wall Clock,Home,388.69,0,20,7773.8,S04,North
2024-12-05,P201,Men Casual Shirt,Fashion,1019.2,0,19,19364.8,S02,North
2024-12-05,P303,Whole Wheat Flour,Grocery,503.01,0,55,27665.55,S02,East
2024-12-05,P302,Sunflower Oil 1L,Grocery,394.48,25,123,36390.78,S10,West
2024-12-05,P402,Cotton Bedsheet,Home,377.59,20,29,8760.09,S01,West
2024-12-05,P202,Women Kurti,Fashion,2307.48,0,23,53072.04,S09,South
2024-12-05,P106,Bluetooth Speaker,Electronics,79937.01,5,10,759401.59,S05,South
2024-12-05,P402,Cotton Bedsheet,Home,3029.16,10,21,57251.12,S03,North
2024-12-05,P103,Wireless Earbuds,Electronics,24262.36,15,14,288722.08,S01,East
2024-12-06,P102,Laptop Pro,Electronics,39771.59,5,11,415613.12,S08,West
2024-12-06,P101,Smartphone X1,Electronics,53180.35,30,18,670072.41,S01,North
2024-12-06,P301,Basmati Rice 5kg,Grocery,548.76,40,66,21730.9,S07,East
2024-12-06,P206,Summer Dress,Fashion,1029.91,5,22,21525.12,S02,South
2024-12-06,P502,Hair Serum,Beauty,2003.07,25,46,69105.92,S07,South
2024-12-06,P204,Sports Shoes,Fashion,3401.93,25,36,91852.11,S10,South
2024-12-06,P201,Men Casual Shirt,Fashion,1556.0,0,28,43568.0,S08,North
2024-12-06,P205,Formal Blazer,Fashion,2794.27,0,24,67062.48,S01,East
2024-12-06,P302,Sunflower Oil 1L,Grocery,761.59,25,84,47980.17,S03,North
2024-12-06,P106,Bluetooth Speaker,Electronics,76759.97,15,11,717705.72,S07,South
2024-12-06,P406,Air Purifier,Home,14931.38,0,19,283696.22,S05,North
2024-12-06,P103,Wireless Earbuds,Electronics,53318.82,20,18,767791.01,S06,North
2024-12-06,P303,Whole Wheat Flour,Grocery,549.77,10,101,49974.09,S01,East
2024-12-06,P103,Wireless Earbuds,Electronics,5872.78,25,18,79282.53,S01,West
2024-12-06,P504,Lipstick Set,Beauty,771.28,40,52,24063.94,S05,North
2024-12-07,P301,Basmati Rice 5kg,Grocery,600.8,5,136,77623.36,S01,South
2024-12-07,P302,Sunflower Oil 1L,Grocery,736.13,15,88,55062.52,S07,North
2024-12-07,P502,Hair Serum,Beauty,1146.92,0,32,36701.44,S03,North
2024-12-07,P402,Cotton Bedsheet,Home,476.08,5,37,16734.21,S07,North
2024-12-07,P302,Sunflower Oil 1L,Grocery,454.72,25,122,41606.88,S09,South
2024-12-07,P102,Laptop Pro,Electronics,21162.03,15,13,233840.43,S03,South
2024-12-07,P103,Wireless Earbuds,Electronics,67549.9,25,25,1266560.62,S04,North
2024-12-07,P101,Smartphone X1,Electronics,20041.75,0,12,240501.0,S10,South
2024-12-07,P202,Women Kurti,Fashion,2513.45,30,54,95008.41,S01,East
2024-12-07,P102,Laptop Pro,Electronics,56364.55,0,11,620010.05,S10,East
2024-12-07,P103,Wireless Earbuds,Electronics,60251.96,0,13,783275.48,S10,South
2024-12-07,P405,LED Desk Lamp,Home,7699.8,10,47,325701.54,S04,West
2024-12-07,P201,Men Casual Shirt,Fashion,756.22,0,33,24955.26,S03,West
2024-12-07,P302,Sunflower Oil 1L,Grocery,69.79,25,155,8113.09,S01,East
2024-12-07,P105,Tablet Z2,Electronics,66476.05,25,26,1296282.98,S02,North
2024-12-07,P206,Summer Dress,Fashion,4977.2,30,39,135877.56,S05,West
2024-12-07,P402,Cotton Bedsheet,Home,8428.99,0,22,185437.78,S02,West
2024-12-07,P302,Sunflower Oil 1L,Grocery,656.75,0,113,74212.75,S06,South
2024-12-07,P205,Formal Blazer,Fashion,1405.0,20,40,44960.0,S03,North
2024-12-07,P205,Formal Blazer,Fashion,1771.18,30,50,61991.3,S08,West
2024-12-07,P406,Air Purifier,Home,9456.42,20,32,242084.35,S06,East
2024-12-07,P502,Hair Serum,Beauty,362.28,20,70,20287.68,S08,West
2024-12-07,P102,Laptop Pro,Electronics,76661.61,10,14,965936.29,S02,East
2024-12-08,P403,Wall Clock,Home,8680.95,15,29,213985.42,S09,North
2024-12-08,P403,Wall Clock,Home,6885.16,40,51,210685.9,S10,West
2024-12-08,P204,Sports Shoes,Fashion,4402.24,40,52,137349.89,S09,West
2024-12-08,P402,Cotton Bedsheet,Home,8758.15,0,28,245228.2,S02,East
2024-12-08,P202,Women Kurti,Fashion,3283.28,25,50,123123.0,S03,North
2024-12-08,P305,Green Tea Pack,Grocery,571.53,10,92,47322.68,S07,South
2024-12-08,P505,Body Lotion,Beauty,2196.31,10,36,71160.44,S04,East
2024-12-08,P201,Men Casual Shirt,Fashion,4516.05,0,29,130965.45,S08,East
2024-12-08,P206,Summer Dress,Fashion,427.98,5,34,13823.75,S01,North
2024-12-08,P406,Air Purifier,Home,11935.41,0,29,346126.89,S08,West
2024-12-08,P302,Sunflower Oil 1L,Grocery,642.41,5,106,64690.69,S03,West
2024-12-08,P403,Wall Clock,Home,5584.9,25,39,163358.32,S08,South
2024-12-08,P505,Body Lotion,Beauty,2674.78,15,54,122772.4,S02,North
2024-12-08,P304,Organic Honey,Grocery,293.28,10,106,27978.91,S08,West
2024-12-08,P303,Whole Wheat Flour,Grocery,799.26,5,104,78966.89,S09,North
2024-12-09,P506,Perfume 100ml,Beauty,2950.16,0,28,82604.48,S02,North
2024-12-09,P502,Hair Serum,Beauty,1223.48,25,44,40374.84,S03,North
2024-12-09,P403,Wall Clock,Home,2535.91,5,31,74682.55,S01,West
2024-12-09,P306,Mixed Nuts 500g,Grocery,83.9,40,89,4480.26,S06,South
2024-12-09,P405,LED Desk Lamp,Home,9318.33,10,23,192889.43,S06,East
2024-12-09,P306,Mixed Nuts 500g,Grocery,264.04,5,83,20819.55,S04,South
2024-12-09,P104,Smart TV 43,Electronics,51322.01,15,10,436237.09,S07,East
2024-12-09,P403,Wall Clock,Home,1510.88,40,34,30821.95,S04,North
2024-12-09,P106,Bluetooth Speaker,Electronics,30485.61,0,11,335341.71,S07,West
2024-12-09,P505,Body Lotion,Beauty,281.72,0,33,9296.76,S08,North
2024-12-09,P403,Wall Clock,Home,3923.58,5,18,67093.22,S09,North
2024-12-09,P102,Laptop Pro,Electronics,40561.42,0,9,365052.78,S07,North
2024-12-09,P304,Organic Honey,Grocery,639.3,10,98,56386.26,S04,South
2024-12-09,P301,Basmati Rice 5kg,Grocery,285.57,5,60,16277.49,S08,West
2024-12-09,P406,Air Purifier,Home,9848.85,25,33,243759.04,S08,North
2024-12-10,P402,Cotton Bedsheet,Home,4577.7,30,21,67292.19,S03,East
2024-12-10,P503,Sunscreen SPF50,Beauty,2610.76,5,34,84327.55,S06,North
2024-12-10,P406,Air Purifier,Home,10685.11,40,38,243620.51,S04,West
2024-12-10,P203,Denim Jeans,Fashion,1581.55,10,26,37008.27,S03,North
2024-12-10,P104,Smart TV 43,Electronics,51400.21,5,9,439471.8,S08,South
2024-12-10,P304,Organic Honey,Grocery,87.55,0,88,7704.4,S04,West
2024-12-10,P205,Formal Blazer,Fashion,1689.88,0,27,45626.76,S01,South
2024-12-10,P505,Body Lotion,Beauty,2428.82,10,33,72135.95,S05,South
2024-12-10,P203,Denim Jeans,Fashion,4116.98,10,27,100042.61,S07,South
2024-12-10,P105,Tablet Z2,Electronics,72944.39,10,13,853449.36,S04,North
2024-12-10,P103,Wireless Earbuds,Electronics,76300.02,5,13,942305.25,S02,North
2024-12-10,P303,Whole Wheat Flour,Grocery,110.71,10,72,7174.01,S07,West
2024-12-10,P302,Sunflower Oil 1L,Grocery,199.77,0,83,16580.91,S02,North
2024-12-10,P106,Bluetooth Speaker,Electronics,21486.2,5,17,347002.13,S04,West
2024-12-10,P302,Sunflower Oil 1L,Grocery,469.16,15,88,35093.17,S05,West
2024-12-10,P306,Mixed Nuts 500g,Grocery,188.49,30,77,10159.61,S09,East
2024-12-11,P104,Smart TV 43,Electronics,61044.49,10,13,714220.53,S08,South
2024-12-11,P203,Denim Jeans,Fashion,1466.16,20,36,42225.41,S08,South
2024-12-11,P205,Formal Blazer,Fashion,2484.08,0,22,54649.76,S03,North
2024-12-11,P503,Sunscreen SPF50,Beauty,1197.31,40,53,38074.46,S04,South
2024-12-11,P301,Basmati Rice 5kg,Grocery,120.95,20,90,8708.4,S04,South
2024-12-11,P405,LED Desk Lamp,Home,12071.69,30,37,312656.77,S06,South
2024-12-11,P102,Laptop Pro,Electronics,24028.36,10,13,281131.81,S06,South
2024-12-11,P301,Basmati Rice 5kg,Grocery,577.02,5,70,38371.83,S03,East
2024-12-11,P506,Perfume 100ml,Beauty,1818.22,0,36,65455.92,S07,North
2024-12-11,P203,Denim Jeans,Fashion,1365.19,10,29,35631.46,S04,South
2024-12-11,P205,Formal Blazer,Fashion,4252.78,25,34,108445.89,S02,South
2024-12-11,P506,Perfume 100ml,Beauty,2135.01,10,37,71095.83,S04,West
2024-12-11,P404,Wooden Bookshelf,Home,11091.97,0,24,266207.28,S05,North
2024-12-11,P502,Hair Serum,Beauty,655.04,0,28,18341.12,S05,West
2024-12-11,P301,Basmati Rice 5kg,Grocery,161.46,5,85,13037.9,S03,North
2024-12-11,P204,Sports Shoes,Fashion,1584.6,40,39,37079.64,S10,South
2024-12-11,P306,Mixed Nuts 500g,Grocery,72.8,25,117,6388.2,S01,South
2024-12-12,P305,Green Tea Pack,Grocery,577.7,30,84,33968.76,S01,South
2024-12-12,P105,Tablet Z2,Electronics,47075.21,5,10,447214.49,S09,South
2024-12-12,P501,Face Moisturizer,Beauty,1154.76,5,31,34007.68,S03,North
2024-12-12,P206,Summer Dress,Fashion,3081.18,20,41,101062.7,S08,West
2024-12-12,P406,Air Purifier,Home,455.59,40,31,8473.97,S07,North
2024-12-12,P203,Denim Jeans,Fashion,780.44,20,21,13111.39,S09,East
2024-12-12,P502,Hair Serum,Beauty,1384.61,10,41,51092.11,S06,South
2024-12-12,P304,Organic Honey,Grocery,60.57,0,64,3876.48,S08,East
2024-12-12,P305,Green Tea Pack,Grocery,599.29,40,126,45306.32,S02,South
2024-12-12,P304,Organic Honey,Grocery,486.47,40,124,36193.37,S08,East
2024-12-12,P104,Smart TV 43,Electronics,25862.23,25,17,329743.43,S10,North
2024-12-12,P303,Whole Wheat Flour,Grocery,443.48,40,92,24480.1,S09,West
2024-12-12,P202,Women Kurti,Fashion,3345.11,5,33,104869.2,S04,West
2024-12-12,P401,Stainless Steel Cookware,Home,3682.16,20,24,70697.47,S06,South
2024-12-12,P301,Basmati Rice 5kg,Grocery,575.61,25,124,53531.73,S08,South
2024-12-12,P503,Sunscreen SPF50,Beauty,2059.57,25,37,57153.07,S02,South
2024-12-12,P401,Stainless Steel Cookware,Home,11521.91,0,21,241960.11,S05,West
2024-12-12,P301,Basmati Rice 5kg,Grocery,166.91,25,100,12518.25,S05,West
2024-12-13,P204,Sports Shoes,Fashion,2046.92,40,42,51582.38,S01,West
2024-12-13,P505,Body Lotion,Beauty,2056.26,5,38,74230.99,S04,North
2024-12-13,P204,Sports Shoes,Fashion,843.24,0,21,17708.04,S07,South
2024-12-13,P201,Men Casual Shirt,Fashion,3436.3,5,34,110992.49,S02,North
2024-12-13,P206,Summer Dress,Fashion,3192.14,0,21,67034.94,S08,West
2024-12-13,P404,Wooden Bookshelf,Home,360.37,25,24,6486.66,S03,East
2024-12-13,P101,Smartphone X1,Electronics,34374.09,15,14,409051.67,S05,West
2024-12-13,P101,Smartphone X1,Electronics,47216.89,10,13,552437.61,S07,West
2024-12-13,P103,Wireless Earbuds,Electronics,47260.25,5,12,538766.85,S08,East
2024-12-13,P303,Whole Wheat Flour,Grocery,151.71,5,76,10953.46,S10,West
2024-12-13,P504,Lipstick Set,Beauty,1138.22,0,29,33008.38,S04,East
2024-12-13,P101,Smartphone X1,Electronics,36233.13,10,12,391317.8,S08,West
2024-12-13,P202,Women Kurti,Fashion,3669.62,15,26,81098.6,S03,South
2024-12-13,P104,Smart TV 43,Electronics,68944.09,5,10,654968.85,S02,North
2024-12-13,P405,LED Desk Lamp,Home,12592.53,25,21,198332.35,S02,West
2024-12-14,P303,Whole Wheat Flour,Grocery,128.26,0,76,9747.76,S03,West
2024-12-14,P305,Green Tea Pack,Grocery,535.1,0,90,48159.0,S02,West
2024-12-14,P402,Cotton Bedsheet,Home,8245.58,10,28,207788.62,S10,South
2024-12-14,P501,Face Moisturizer,Beauty,838.1,5,38,30255.41,S07,South
2024-12-14,P504,Lipstick Set,Beauty,2296.83,0,44,101060.52,S04,West
2024-12-14,P103,Wireless Earbuds,Electronics,42312.66,25,20,634689.9,S06,East
2024-12-14,P205,Formal Blazer,Fashion,4157.75,0,28,116417.0,S04,South
2024-12-14,P305,Green Tea Pack,Grocery,654.91,25,139,68274.37,S04,West
2024-12-14,P103,Wireless Earbuds,Electronics,62554.03,0,16,1000864.48,S02,North
2024-12-14,P102,Laptop Pro,Electronics,64740.81,0,15,971112.15,S07,North
2024-12-14,P204,Sports Shoes,Fashion,1885.55,10,31,52606.84,S02,South
2024-12-14,P503,Sunscreen SPF50,Beauty,1487.8,15,37,46791.31,S07,East
2024-12-14,P305,Green Tea Pack,Grocery,253.05,0,84,21256.2,S06,West
2024-12-14,P506,Perfume 100ml,Beauty,1437.49,10,42,54337.12,S07,North
2024-12-14,P401,Stainless Steel Cookware,Home,8565.44,30,36,215849.09,S07,East
2024-12-14,P405,LED Desk Lamp,Home,3161.84,0,31,98017.04,S02,North
2024-12-14,P305,Green Tea Pack,Grocery,159.49,25,163,19497.65,S01,North
2024-12-14,P105,Tablet Z2,Electronics,39162.08,20,25,783241.6,S04,West
2024-12-14,P402,Cotton Bedsheet,Home,7087.23,5,28,188520.32,S09,South
2024-12-14,P504,Lipstick Set,Beauty,261.29,15,47,10438.54,S02,South
2024-12-14,P502,Hair Serum,Beauty,1361.72,0,36,49021.92,S08,South
2024-12-15,P301,Basmati Rice 5kg,Grocery,731.66,40,187,82092.25,S05,West
2024-12-15,P101,Smartphone X1,Electronics,3672.46,20,17,49945.46,S10,North
2024-12-15,P205,Formal Blazer,Fashion,1577.81,25,40,47334.3,S07,North
2024-12-15,P102,Laptop Pro,Electronics,36113.59,25,15,406277.89,S03,East
2024-12-15,P102,Laptop Pro,Electronics,16926.46,20,20,270823.36,S08,East
2024-12-15,P505,Body Lotion,Beauty,2253.32,10,57,115595.32,S06,West
2024-12-15,P505,Body Lotion,Beauty,2234.72,0,36,80449.92,S07,South
2024-12-15,P101,Smartphone X1,Electronics,40968.1,10,19,700554.51,S04,North
2024-12-15,P101,Smartphone X1,Electronics,66893.76,0,19,1270981.44,S02,West
2024-12-15,P502,Hair Serum,Beauty,476.68,10,51,21879.61,S10,South
2024-12-15,P505,Body Lotion,Beauty,2384.31,0,40,95372.4,S10,South
2024-12-15,P104,Smart TV 43,Electronics,19953.9,25,23,344204.78,S01,South
2024-12-15,P202,Women Kurti,Fashion,2592.95,30,42,76232.73,S08,South
2024-12-15,P401,Stainless Steel Cookware,Home,2985.45,25,24,53738.1,S09,East
2024-12-16,P102,Laptop Pro,Electronics,76097.22,5,13,939800.67,S02,West
2024-12-16,P204,Sports Shoes,Fashion,3067.66,10,31,85587.71,S04,North
2024-12-16,P404,Wooden Bookshelf,Home,3793.2,15,21,67708.62,S09,West
2024-12-16,P205,Formal Blazer,Fashion,3254.93,0,30,97647.9,S08,West
2024-12-16,P103,Wireless Earbuds,Electronics,41935.51,5,14,557742.28,S01,West
2024-12-16,P106,Bluetooth Speaker,Electronics,73773.62,40,19,841019.27,S02,West
2024-12-16,P201,Men Casual Shirt,Fashion,4049.1,15,18,61951.23,S04,East
2024-12-16,P302,Sunflower Oil 1L,Grocery,585.22,0,77,45061.94,S04,East
2024-12-16,P401,Stainless Steel Cookware,Home,14455.01,5,18,247180.67,S06,North
2024-12-16,P205,Formal Blazer,Fashion,2369.02,0,28,66332.56,S10,North
2024-12-16,P201,Men Casual Shirt,Fashion,2888.57,25,41,88823.53,S10,West
2024-12-17,P502,Hair Serum,Beauty,2936.98,5,38,106024.98,S01,East
2024-12-17,P101,Smartphone X1,Electronics,14498.35,10,12,156582.18,S07,North
2024-12-17,P104,Smart TV 43,Electronics,14643.26,40,17,149361.25,S03,North
2024-12-17,P305,Green Tea Pack,Grocery,236.97,40,140,19905.48,S01,East
2024-12-17,P103,Wireless Earbuds,Electronics,39038.62,5,9,333780.2,S09,West
2024-12-17,P205,Formal Blazer,Fashion,4972.86,20,23,91500.62,S03,East
2024-12-17,P504,Lipstick Set,Beauty,2541.42,10,22,50320.12,S03,East
2024-12-17,P502,Hair Serum,Beauty,2101.25,10,27,51060.38,S05,East
2024-12-17,P505,Body Lotion,Beauty,685.32,30,55,26384.82,S01,North
2024-12-17,P204,Sports Shoes,Fashion,305.11,15,27,7002.27,S02,North
2024-12-17,P305,Green Tea Pack,Grocery,703.59,15,91,54422.69,S10,North
2024-12-18,P503,Sunscreen SPF50,Beauty,1861.65,0,27,50264.55,S09,East
2024-12-18,P302,Sunflower Oil 1L,Grocery,349.2,40,150,31428.0,S05,North
2024-12-18,P405,LED Desk Lamp,Home,13413.78,0,20,268275.6,S07,South
2024-12-18,P502,Hair Serum,Beauty,1010.07,0,20,20201.4,S09,East
2024-12-18,P106,Bluetooth Speaker,Electronics,78155.46,20,11,687768.05,S09,West
2024-12-18,P304,Organic Honey,Grocery,499.1,15,97,41150.8,S09,North
2024-12-18,P103,Wireless Earbuds,Electronics,29315.15,0,15,439727.25,S01,South
2024-12-18,P201,Men Casual Shirt,Fashion,617.37,20,38,18768.05,S10,South
2024-12-18,P105,Tablet Z2,Electronics,59321.85,10,9,480506.99,S03,South
2024-12-18,P101,Smartphone X1,Electronics,12295.92,25,10,92219.4,S03,South
2024-12-18,P404,Wooden Bookshelf,Home,6455.98,25,29,140417.57,S09,North
2024-12-18,P301,Basmati Rice 5kg,Grocery,524.47,25,121,47595.65,S02,West
2024-12-18,P105,Tablet Z2,Electronics,77373.91,25,15,870456.49,S07,West
2024-12-18,P504,Lipstick Set,Beauty,808.65,30,56,31699.08,S04,West
2024-12-18,P505,Body Lotion,Beauty,2635.25,0,31,81692.75,S07,South
2024-12-18,P202,Women Kurti,Fashion,593.92,0,27,16035.84,S02,North
2024-12-18,P103,Wireless Earbuds,Electronics,13236.65,0,14,185313.1,S05,South
2024-12-18,P404,Wooden Bookshelf,Home,991.85,25,26,19341.08,S08,South
2024-12-19,P505,Body Lotion,Beauty,2329.97,30,41,66870.14,S02,North
2024-12-19,P105,Tablet Z2,Electronics,36988.37,5,13,456806.37,S07,North
2024-12-19,P205,Formal Blazer,Fashion,2491.9,30,35,61051.55,S07,North
2024-12-19,P503,Sunscreen SPF50,Beauty,2901.84,15,40,98662.56,S06,East
2024-12-19,P501,Face Moisturizer,Beauty,774.76,20,37,22932.9,S03,West
2024-12-20,P405,LED Desk Lamp,Home,4915.74,40,34,100281.1,S04,North
2024-12-20,P202,Women Kurti,Fashion,3259.12,5,25,77404.1,S08,West
2024-12-20,P501,Face Moisturizer,Beauty,208.38,25,35,5469.98,S10,East
2024-12-20,P105,Tablet Z2,Electronics,41185.48,40,21,518937.05,S06,East
2024-12-20,P201,Men Casual Shirt,Fashion,3291.4,10,37,109603.62,S05,West
2024-12-20,P302,Sunflower Oil 1L,Grocery,446.89,40,140,37538.76,S08,South
2024-12-20,P205,Formal Blazer,Fashion,1804.96,5,22,37723.66,S09,South
2024-12-20,P405,LED Desk Lamp,Home,14881.51,20,23,273819.78,S04,North
2024-12-20,P404,Wooden Bookshelf,Home,12924.99,25,40,387749.7,S08,North
2024-12-21,P506,Perfume 100ml,Beauty,2754.31,10,39,96676.28,S05,South
2024-12-21,P104,Smart TV 43,Electronics,72467.08,0,10,724670.8,S03,East
2024-12-21,P202,Women Kurti,Fashion,2391.19,25,65,116570.51,S06,North
2024-12-21,P305,Green Tea Pack,Grocery,550.9,20,79,34816.88,S09,North
2024-12-21,P502,Hair Serum,Beauty,2166.61,40,37,48098.74,S03,East
2024-12-21,P401,Stainless Steel Cookware,Home,7767.81,20,38,236141.42,S04,West
2024-12-21,P302,Sunflower Oil 1L,Grocery,428.6,0,88,37716.8,S05,West
2024-12-21,P405,LED Desk Lamp,Home,4401.7,10,37,146576.61,S04,West
2024-12-21,P305,Green Tea Pack,Grocery,472.33,5,116,52050.77,S10,South
2024-12-21,P105,Tablet Z2,Electronics,63589.3,20,19,966557.36,S03,West
2024-12-21,P402,Cotton Bedsheet,Home,12465.15,10,28,314121.78,S05,East
2024-12-21,P303,Whole Wheat Flour,Grocery,416.18,40,185,46195.98,S02,West
2024-12-21,P502,Hair Serum,Beauty,2601.56,30,56,101981.15,S09,South
2024-12-21,P206,Summer Dress,Fashion,4112.16,0,34,139813.44,S04,West
2024-12-21,P502,Hair Serum,Beauty,717.56,40,68,29276.45,S10,West
2024-12-21,P101,Smartphone X1,Electronics,25209.48,5,13,311337.08,S08,East
2024-12-21,P402,Cotton Bedsheet,Home,10470.91,15,30,267008.2,S10,East
2024-12-22,P104,Smart TV 43,Electronics,12502.79,5,14,166287.11,S02,North
2024-12-22,P303,Whole Wheat Flour,Grocery,697.39,15,138,81803.85,S01,North
2024-12-22,P405,LED Desk Lamp,Home,4666.12,0,17,79324.04,S02,East
2024-12-22,P505,Body Lotion,Beauty,1006.08,5,41,39186.82,S08,East
2024-12-22,P304,Organic Honey,Grocery,81.57,5,130,10073.89,S06,North
2024-12-22,P305,Green Tea Pack,Grocery,296.09,0,142,42044.78,S01,North
2024-12-22,P402,Cotton Bedsheet,Home,8293.14,0,21,174155.94,S02,South
2024-12-22,P303,Whole Wheat Flour,Grocery,478.2,10,75,32278.5,S03,East
2024-12-22,P104,Smart TV 43,Electronics,50350.22,10,22,996934.36,S06,West
2024-12-22,P406,Air Purifier,Home,10363.72,0,14,145092.08,S07,North
2024-12-22,P506,Perfume 100ml,Beauty,689.8,40,61,25246.68,S05,East
2024-12-22,P303,Whole Wheat Flour,Grocery,618.02,15,130,68291.21,S10,West
2024-12-23,P106,Bluetooth Speaker,Electronics,76128.44,5,11,795542.2,S07,West
2024-12-23,P403,Wall Clock,Home,13378.03,0,15,200670.45,S07,East
2024-12-23,P302,Sunflower Oil 1L,Grocery,335.49,0,80,26839.2,S06,West
2024-12-23,P505,Body Lotion,Beauty,2491.57,30,33,57555.27,S03,East
2024-12-23,P302,Sunflower Oil 1L,Grocery,320.4,0,93,29797.2,S06,West
2024-12-23,P203,Denim Jeans,Fashion,1826.66,0,20,36533.2,S02,East
2024-12-23,P402,Cotton Bedsheet,Home,3541.89,0,23,81463.47,S08,South
2024-12-23,P402,Cotton Bedsheet,Home,7225.78,15,22,135122.09,S03,North
2024-12-23,P504,Lipstick Set,Beauty,2830.4,15,50,120292.0,S04,North
2024-12-23,P303,Whole Wheat Flour,Grocery,585.8,5,83,46190.33,S05,North
2024-12-23,P303,Whole Wheat Flour,Grocery,263.82,25,126,24930.99,S10,West
2024-12-23,P505,Body Lotion,Beauty,2744.58,25,55,113213.92,S02,North
2024-12-24,P502,Hair Serum,Beauty,887.09,10,36,28741.72,S01,South
2024-12-24,P403,Wall Clock,Home,10347.44,0,23,237991.12,S04,North
2024-12-24,P501,Face Moisturizer,Beauty,707.49,0,25,17687.25,S05,South
2024-12-24,P503,Sunscreen SPF50,Beauty,2058.92,0,37,76180.04,S01,West
2024-12-24,P402,Cotton Bedsheet,Home,12017.34,20,20,192277.44,S08,East
2024-12-24,P201,Men Casual Shirt,Fashion,548.13,5,28,14580.26,S07,North
2024-12-24,P301,Basmati Rice 5kg,Grocery,149.45,0,35,5230.75,S03,East
2024-12-24,P302,Sunflower Oil 1L,Grocery,443.5,0,41,18183.5,S09,East
2024-12-24,P501,Face Moisturizer,Beauty,2811.62,10,32,80974.66,S03,West
2024-12-24,P201,Men Casual Shirt,Fashion,4787.25,5,38,172819.73,S06,North
2024-12-24,P306,Mixed Nuts 500g,Grocery,716.08,5,77,52381.25,S07,South
2024-12-25,P105,Tablet Z2,Electronics,13443.14,0,10,134431.4,S07,South
2024-12-25,P405,LED Desk Lamp,Home,7904.83,10,14,99600.86,S09,East
2024-12-25,P103,Wireless Earbuds,Electronics,74927.0,40,18,809211.6,S05,South
2024-12-25,P404,Wooden Bookshelf,Home,2236.74,0,10,22367.4,S05,East
2024-12-25,P204,Sports Shoes,Fashion,4848.6,20,40,155155.2,S01,West
2024-12-25,P404,Wooden Bookshelf,Home,10318.44,0,16,165095.04,S05,North
2024-12-25,P505,Body Lotion,Beauty,1668.7,10,46,69084.18,S06,West
2024-12-25,P406,Air Purifier,Home,310.09,0,23,7132.07,S06,South
2024-12-25,P403,Wall Clock,Home,3360.3,25,20,50404.5,S05,South
2024-12-25,P106,Bluetooth Speaker,Electronics,13539.65,15,10,115087.02,S06,East
2024-12-25,P504,Lipstick Set,Beauty,585.27,10,20,10534.86,S07,West
2024-12-26,P202,Women Kurti,Fashion,4951.34,0,15,74270.1,S09,South
2024-12-26,P101,Smartphone X1,Electronics,17005.35,10,13,198962.6,S10,North
2024-12-26,P504,Lipstick Set,Beauty,670.26,5,26,16555.42,S08,South
2024-12-26,P204,Sports Shoes,Fashion,718.12,30,30,15080.52,S10,East
2024-12-26,P206,Summer Dress,Fashion,4568.91,0,17,77671.47,S09,East
2024-12-26,P504,Lipstick Set,Beauty,2850.59,5,31,83949.88,S05,North
2024-12-26,P303,Whole Wheat Flour,Grocery,572.24,0,76,43490.24,S03,South
2024-12-26,P306,Mixed Nuts 500g,Grocery,399.1,0,55,21950.5,S05,South
2024-12-26,P202,Women Kurti,Fashion,753.24,20,29,17475.17,S10,East
2024-12-26,P506,Perfume 100ml,Beauty,1457.15,20,36,41965.92,S07,West
2024-12-26,P405,LED Desk Lamp,Home,12147.35,25,30,273315.38,S06,North
2024-12-26,P103,Wireless Earbuds,Electronics,43728.28,40,1,26236.97,S04,West
2024-12-27,P502,Hair Serum,Beauty,2411.48,30,41,69209.48,S05,East
2024-12-27,P501,Face Moisturizer,Beauty,1110.5,20,29,25763.6,S09,East
2024-12-27,P106,Bluetooth Speaker,Electronics,74407.76,20,11,654788.29,S02,East
2024-12-27,P105,Tablet Z2,Electronics,42541.42,10,10,382872.78,S09,North
2024-12-27,P402,Cotton Bedsheet,Home,3989.61,10,20,71812.98,S08,North
2024-12-27,P205,Formal Blazer,Fashion,4560.48,0,20,91209.6,S07,South
2024-12-27,P406,Air Purifier,Home,5960.0,10,19,101916.0,S07,West
2024-12-27,P101,Smartphone X1,Electronics,43605.89,20,16,558155.39,S06,East
2024-12-27,P206,Summer Dress,Fashion,1630.37,10,21,30813.99,S05,West
2024-12-27,P405,LED Desk Lamp,Home,8459.04,40,25,126885.6,S08,East
2024-12-27,P306,Mixed Nuts 500g,Grocery,651.46,0,70,45602.2,S08,South
2024-12-28,P202,Women Kurti,Fashion,1277.56,0,33,42159.48,S07,South
2024-12-28,P101,Smartphone X1,Electronics,71422.3,0,0,0.0,S08,East
2024-12-28,P505,Body Lotion,Beauty,2174.41,15,37,68385.19,S09,West
2024-12-28,P503,Sunscreen SPF50,Beauty,2421.51,5,45,103519.55,S10,South
2024-12-28,P304,Organic Honey,Grocery,606.4,5,95,54727.6,S03,North
2024-12-28,P306,Mixed Nuts 500g,Grocery,762.11,25,152,86880.54,S02,West
2024-12-28,P104,Smart TV 43,Electronics,32888.15,0,13,427545.95,S03,South
2024-12-28,P202,Women Kurti,Fashion,3963.25,0,35,138713.75,S08,North
2024-12-28,P205,Formal Blazer,Fashion,4901.93,0,27,132352.11,S08,East
2024-12-28,P305,Green Tea Pack,Grocery,715.77,10,85,54756.4,S07,East
2024-12-28,P206,Summer Dress,Fashion,1284.75,25,35,33724.69,S03,North
2024-12-28,P404,Wooden Bookshelf,Home,12987.06,5,22,271429.55,S07,South
2024-12-28,P204,Sports Shoes,Fashion,4878.43,0,25,121960.75,S03,East
2024-12-28,P201,Men Casual Shirt,Fashion,3182.88,30,29,64612.46,S07,East
2024-12-29,P204,Sports Shoes,Fashion,2278.05,25,47,80301.26,S02,North
2024-12-29,P404,Wooden Bookshelf,Home,12036.37,0,27,324981.99,S06,West
2024-12-29,P402,Cotton Bedsheet,Home,2889.92,0,30,86697.6,S06,North
2024-12-29,P504,Lipstick Set,Beauty,1043.6,0,50,52180.0,S02,West
2024-12-29,P202,Women Kurti,Fashion,2465.99,40,51,75459.29,S09,North
2024-12-29,P503,Sunscreen SPF50,Beauty,785.26,5,38,28347.89,S05,North
2024-12-29,P502,Hair Serum,Beauty,902.29,0,58,52332.82,S01,North
2024-12-29,P203,Denim Jeans,Fashion,1458.95,30,69,70467.29,S01,West
2024-12-29,P203,Denim Jeans,Fashion,1187.86,10,28,29934.07,S07,South
2024-12-29,P206,Summer Dress,Fashion,4043.63,25,59,178930.63,S08,South
2024-12-29,P102,Laptop Pro,Electronics,66176.52,0,15,992647.8,S04,South
2024-12-29,P501,Face Moisturizer,Beauty,2313.04,5,42,92290.3,S05,North
2024-12-29,P202,Women Kurti,Fashion,509.87,5,33,15984.42,S07,North
2024-12-30,P201,Men Casual Shirt,Fashion,2833.42,5,25,67293.72,S09,South
2024-12-30,P501,Face Moisturizer,Beauty,1517.48,30,37,39302.73,S07,West
2024-12-30,P302,Sunflower Oil 1L,Grocery,686.33,15,77,44920.3,S10,East
2024-12-30,P304,Organic Honey,Grocery,394.25,5,62,23221.33,S07,East
2024-12-30,P104,Smart TV 43,Electronics,58952.62,15,10,501097.27,S05,East
2024-12-30,P301,Basmati Rice 5kg,Grocery,205.05,30,97,13922.9,S04,West
2024-12-30,P405,LED Desk Lamp,Home,11242.73,15,19,181570.09,S05,West
2024-12-30,P203,Denim Jeans,Fashion,1388.91,25,35,36458.89,S10,North
2024-12-30,P301,Basmati Rice 5kg,Grocery,493.61,25,99,36650.54,S06,East
2024-12-30,P402,Cotton Bedsheet,Home,7681.81,20,19,116763.51,S07,South
2024-12-30,P505,Body Lotion,Beauty,2414.29,25,60,108643.05,S06,South
2024-12-30,P503,Sunscreen SPF50,Beauty,983.17,25,37,27282.97,S03,South
2024-12-31,P305,Green Tea Pack,Grocery,749.53,25,107,60149.78,S08,East
2024-12-31,P304,Organic Honey,Grocery,753.81,40,126,56988.04,S07,South
2024-12-31,P202,Women Kurti,Fashion,615.25,10,27,14950.58,S10,North
2024-12-31,P506,Perfume 100ml,Beauty,1733.75,0,25,43343.75,S07,West
2024-12-31,P104,Smart TV 43,Electronics,61951.07,10,10,557559.63,S07,South
2024-12-31,P401,Stainless Steel Cookware,Home,9591.91,25,29,208624.04,S07,West
2024-12-31,P104,Smart TV 43,Electronics,69626.78,25,16,835521.36,S08,North
2024-12-31,P306,Mixed Nuts 500g,Grocery,258.83,30,81,14675.66,S05,East
2024-12-31,P106,Bluetooth Speaker,Electronics,5850.03,40,12,42120.22,S09,East
2024-12-31,P501,Face Moisturizer,Beauty,377.39,0,21,7925.19,S08,North
2024-12-31,P306,Mixed Nuts 500g,Grocery,540.81,5,106,54459.57,S01,South
2024-12-31,P304,Organic Honey,Grocery,536.29,5,69,35153.81,S09,South
2024-12-31,P301,Basmati Rice 5kg,Grocery,295.93,20,106,25094.86,S07,West
2024-12-31,P404,Wooden Bookshelf,Home,14124.34,5,22,295198.71,S08,East
2024-12-31,P501,Face Moisturizer,Beauty,369.46,40,45,9975.42,S08,South
2024-12-31,P401,Stainless Steel Cookware,Home,9356.07,20,22,164666.83,S02,South
2024-12-31,P305,Green Tea Pack,Grocery,438.65,5,113,47089.08,S06,North
2024-12-31,P204,Sports Shoes,Fashion,957.58,0,28,26812.24,S02,North
